transaction_id,transaction_amount,transaction_hour,new_beneficiary,new_device,location_change,transaction_velocity,previous_risk,account_age_days,is_fraud
1,1802.1112135787243,9,0,0,0,2,0.6322786764574844,1037,1
2,955.0232625057384,23,0,0,0,2,0.5111662761253446,629,0
3,2095.7956345785824,16,1,0,0,4,0.14567926339154724,255,0
4,5029.268657542956,20,0,0,0,5,0.9486866258703559,975,0
5,867.7005140926361,1,0,1,0,2,0.8110184799986606,1773,1
6,867.7147599206529,5,0,0,0,2,0.22085365097509113,505,0
7,5319.916121134705,4,0,0,0,3,0.291944079111907,403,0
8,2362.403304345988,3,0,0,0,3,0.20006274406782532,713,0
9,685.7585611260495,1,0,0,0,1,0.3084334322219051,362,0
10,1886.6537639047035,11,0,1,1,1,0.22792304366632732,1846,0
11,689.9245937420658,2,0,1,0,4,0.25783989655786166,238,0
12,688.3312887817422,5,0,0,0,0,0.5165938841900091,186,0
13,1396.8322475684772,23,0,0,0,1,0.3375320039336698,394,0
14,161.858056279385,13,0,0,0,3,0.48983796981455263,899,0
15,195.4065319165904,7,0,0,0,3,0.03066941961759695,913,0
16,624.9755136188202,20,0,0,0,1,0.7414869914133807,138,0
17,398.2854182960021,20,0,0,0,3,0.9282788116157457,985,0
18,1501.5412094910894,13,1,0,0,2,0.9964502305410143,299,1
19,442.2944888014099,2,0,0,0,2,0.2005914662736974,51,1
20,267.11954670557367,15,0,0,0,0,0.38402295101033346,434,0
21,4748.80729125873,14,0,0,0,1,0.9736620272159491,1537,0
22,874.9998365113838,6,0,0,0,2,0.21212410973042817,532,0
23,1173.2444270914534,14,0,0,0,1,0.5394608148515793,1367,0
24,263.8159797741489,12,0,0,0,2,0.7992802865859597,1215,0
25,636.2663566771611,5,0,0,0,1,0.028495097371966982,1907,0
26,1225.277453161292,14,0,0,0,0,0.10508830697571547,720,0
27,346.8895475755054,16,0,0,0,2,0.19655978678155184,810,0
28,1596.7059716691924,3,1,1,0,0,0.4555590412468753,310,1
29,601.4607682413429,21,0,0,0,2,0.015209370931765331,1635,0
30,819.1819744571948,21,0,0,0,2,0.4312668580391855,825,0
31,600.8187977163269,13,0,0,0,2,0.16151423301034795,46,0
32,6990.296027743,14,0,0,0,3,0.8497384732413461,398,1
33,1081.9310959498725,11,0,0,0,1,0.48633937903058944,1100,0
34,380.8056237442453,18,0,1,0,2,0.07120933276264563,1535,0
35,2496.250068330262,21,1,0,1,3,0.4628371911719502,1527,1
36,323.4861661702717,9,0,0,0,3,0.4802475007164072,182,0
37,1351.35570708634,5,0,0,0,2,0.29969313326659563,1156,0
38,154.52097940064152,8,1,0,0,2,0.36776663983437585,356,0
39,290.56112031105124,1,0,0,0,2,0.9705702265799432,447,0
40,1335.2331981866146,3,0,0,0,4,0.24721065745120208,1892,0
41,2294.950560496783,8,0,0,0,4,0.6765863723560108,277,0
42,1301.6243730593364,14,0,0,0,3,0.6610517322471432,897,0
43,976.868177954757,12,0,0,0,1,0.422337488326499,572,0
44,811.5096710732242,19,0,0,0,1,0.9321450206112055,1047,0
45,250.00427297909772,7,1,0,0,1,0.7695446506684922,528,1
46,533.8718300965201,18,0,0,0,0,0.0210493110207588,526,0
47,691.8445066807946,18,0,0,0,3,0.4856195433344541,617,0
48,3156.194239640048,15,0,0,0,1,0.11398892336860189,1142,0
49,1546.2969539266462,10,0,0,0,1,0.2868934455313862,77,0
50,188.09738699507537,9,0,0,1,4,0.23870604888566327,386,0
51,1516.3842079174979,7,0,0,0,1,0.7555485244305615,589,1
52,746.1433348256803,0,0,0,0,5,0.24912499829036605,1671,0
53,557.2856804265388,9,0,0,0,2,0.9928252009811456,1614,1
54,2021.664151979386,17,1,0,0,1,0.1283042189011877,467,0
55,3074.81348309205,2,1,0,0,2,0.41164155924170676,1094,0
56,2782.9870802038167,10,0,0,0,6,0.48939053488295514,1017,0
57,473.7986662798354,17,0,1,0,1,0.4327994757274337,1102,0
58,804.9560053200662,2,0,0,0,4,0.09332731609793199,140,0
59,1527.3102051887226,7,0,0,0,0,0.2257530058010978,1944,0
60,2908.9431837912525,13,1,0,0,4,0.520763626959886,1686,0
61,679.1389611083339,5,0,1,0,2,0.7998210143021729,1838,0
62,910.8161114172196,14,0,0,0,2,0.688399216278933,746,0
63,362.7322743749061,13,0,0,0,2,0.5444829561240419,1877,0
64,331.5548897700886,6,0,0,0,2,0.9775865773746771,880,0
65,2471.364787061823,9,0,0,1,3,0.7609705086973747,751,0
66,4256.65972069623,14,0,0,0,0,0.8665358623756121,1438,0
67,1020.4407067638456,9,1,0,0,3,0.012716406645092215,516,0
68,2991.5080323735688,21,0,0,0,1,0.21617503335342725,221,0
69,1574.4102316646877,16,0,0,0,2,0.7198446451471031,1256,0
70,575.2934424950665,18,0,0,1,0,0.2783012300537384,1446,0
71,1574.0317581802808,16,0,1,0,2,0.3539746289726434,715,1
72,5105.310576549074,11,0,0,0,2,0.5907364437627763,488,0
73,1058.0405734611281,14,0,0,0,2,0.5426619563235476,1068,0
74,5242.971285433676,11,1,1,0,1,0.22076010397235268,976,1
75,79.85838638711803,8,0,0,0,1,0.878686643622662,1305,0
76,2494.6469729709884,4,0,0,0,3,0.6277794037299381,1988,0
77,1196.369781091162,3,0,0,0,2,0.6853808162780598,1098,1
78,813.2126598171903,11,0,0,0,1,0.8285254789830598,1122,0
79,1202.0224312605992,15,0,0,0,1,0.10244339245909306,503,0
80,150.26961070525275,8,0,0,0,1,0.4740365090878058,80,0
81,880.3575327382291,2,0,0,0,4,0.08631195101905875,568,0
82,1567.304543376892,20,0,0,0,1,0.07336126297499412,1284,0
83,4807.315238242252,2,0,0,0,2,0.7212294822436394,192,1
84,653.0996896585405,17,0,0,0,3,0.7897170362284898,722,1
85,488.58154997351267,16,0,0,1,2,0.05245185762094928,429,0
86,663.973976317493,9,0,1,0,2,0.8424674176666397,377,1
87,2739.147768760321,1,0,1,0,0,0.2812987111383758,1619,0
88,1523.4779265247873,23,0,0,0,2,0.6549170631436202,608,0
89,645.6385300910874,10,0,1,0,3,0.6856658197764691,1037,0
90,1832.190332481289,23,0,0,1,4,0.6964140502975431,1299,1
91,1208.4303310218968,2,1,0,0,1,0.5795163615829418,1289,0
92,2888.940169622106,22,0,0,1,2,0.1132396155710379,992,0
93,543.4549998246548,22,0,0,1,1,0.11170005397138139,984,0
94,790.2409139999497,1,0,0,0,3,0.14095541822001512,1892,0
95,740.9193995685441,8,0,0,1,3,0.9209187872350599,1242,0
96,253.78439091394233,18,0,0,0,4,0.21043087596630528,708,0
97,1474.567900532589,1,0,0,0,1,0.15305573921626248,828,0
98,1423.7581971481825,18,1,0,0,0,0.9884635792921488,702,1
99,1102.2551060795925,1,0,0,0,7,0.004378977331455203,384,1
100,867.3242231031037,14,0,0,0,0,0.7766806124530647,1246,0
101,266.30153525846436,23,0,0,0,2,0.8451875279712676,161,0
102,720.0744988156208,20,0,0,0,2,0.6621329283035181,253,0
103,778.4349918914394,2,0,0,0,0,0.9748603833447225,1505,0
104,491.62819558586807,4,1,0,0,1,0.333399469124686,287,0
105,933.288423196746,10,1,0,0,3,0.08796363739139013,1854,0
106,1642.6250096105655,23,0,0,0,0,0.24069092339036713,719,0
107,7231.385299895145,6,0,1,0,4,0.09917456064087948,204,0
108,1305.8086889256665,5,0,0,1,2,0.48703480378310726,1227,0
109,1418.7768280969192,13,0,0,0,3,0.964831868301553,873,0
110,1017.9581479519198,0,1,0,0,2,0.5175709401120608,941,0
111,160.97173405589967,16,0,0,0,3,0.3253673482217847,369,0
112,1067.9392379012722,16,0,0,0,2,0.9063028925252654,178,0
113,1164.7132634839406,13,0,0,0,1,0.6133801465036218,727,0
114,12877.567362965206,9,0,0,0,2,0.9299986034250869,1805,0
115,904.7322424424709,7,0,0,0,1,0.9651744097581769,738,1
116,1482.5922313609117,7,0,0,0,3,0.9366502913585483,859,0
117,1059.22017277474,13,0,0,0,1,0.6921886241084282,1828,0
118,340.80891797522435,6,0,0,1,1,0.5018308173768706,1674,0
119,3438.6107412722604,5,0,0,0,4,0.2901698452194902,1586,0
120,2326.064430180932,3,0,0,0,3,0.9413398771449772,1582,1
121,2418.8123810077677,0,0,0,0,4,0.5449978853713897,1852,0
122,441.6918845450023,14,0,0,0,1,0.995381254787087,624,0
123,4459.5106128637835,14,0,0,0,1,0.9182920023410247,243,0
124,269.9262941786286,0,0,0,0,3,0.37872645218838974,1558,0
125,1972.105620461942,19,0,1,0,2,0.8753902392529692,1340,0
126,9803.116514721933,2,0,0,0,3,0.5347471583099672,930,0
127,407.2648353236242,22,0,1,0,3,0.742620745766104,1225,1
128,622.474255213712,4,0,0,0,2,0.4809380826168518,642,0
129,1211.544614104279,4,0,0,1,2,0.9893903011919795,596,1
130,662.8338436516739,3,0,0,0,2,0.39887610397298956,384,0
131,232.60379812135744,16,0,0,0,4,0.09579424389017155,1973,0
132,1174.4590937078142,20,0,0,0,1,0.8582276247279239,712,0
133,379.0606756279505,19,1,0,0,1,0.7561372681152332,1917,1
134,1760.921324044286,13,0,0,0,1,0.12618257326105542,540,1
135,437.28089362039105,7,0,0,0,0,0.5048145056093094,317,0
136,5166.415525125223,1,0,1,0,4,0.6786314163846642,340,0
137,501.07044884869765,7,1,0,0,3,0.409810050928058,1836,0
138,794.679178217436,0,1,0,0,4,0.9086852765042012,135,1
139,2473.8161006034625,3,1,0,1,1,0.9431584878605236,713,0
140,320.2608063105582,18,0,0,0,1,0.8684893356930948,224,1
141,1376.721097449308,4,0,0,0,0,0.5307985500227799,1312,0
142,4052.7168172755796,4,0,0,1,1,0.45356019879039633,189,0
143,219.75576387053815,20,0,0,0,3,0.5850319152763085,507,0
144,1319.0062069845762,19,0,0,0,2,0.5170550730361312,749,0
145,1422.089850323324,23,0,0,0,1,0.09871731741487977,124,0
146,2396.6396078064354,18,0,0,1,2,0.7880641648436076,29,0
147,318.3174926042683,11,0,0,0,4,0.9410571444523782,1307,0
148,292.81569591448897,19,0,1,0,0,0.49063850052798375,1328,0
149,1848.1521214521472,0,0,0,0,1,0.06155167241861281,309,0
150,1475.843062419291,6,0,0,0,3,0.32283576554664395,795,0
151,1408.7990042096267,16,0,0,0,0,0.12259439380126524,271,0
152,1550.6790480552363,1,0,1,0,1,0.9804078885878794,1376,0
153,555.5592579798322,10,0,1,0,1,0.13691343598079764,2,0
154,1383.3366154399378,6,1,0,0,1,0.08059738836938846,271,0
155,1470.0805486898257,16,0,0,0,5,0.5219322651623904,1196,0
156,536.812344564454,2,1,0,0,0,0.06501671188694658,684,0
157,7085.278864144403,21,0,0,0,2,0.6340418050220875,1291,0
158,1761.3448594266156,5,0,0,0,2,0.8690543220485736,1993,0
159,333.1845373813475,21,0,0,0,2,0.25039551291900297,1475,0
160,2114.4576083396023,10,0,0,0,3,0.9271559835662064,1888,0
161,413.7733374330772,17,0,0,0,1,0.646092171827752,162,0
162,2409.2833177752595,17,0,0,0,0,0.16251316439168262,1460,0
163,3493.2771253552114,21,1,0,0,1,0.6444265880848138,324,0
164,482.66251448213563,9,1,0,0,4,0.07277118063272703,669,0
165,2873.758774051862,4,1,0,0,6,0.34953220438325805,816,0
166,1657.0280192948578,22,1,0,0,2,0.01597308368688455,1007,0
167,2495.040299088584,22,0,0,0,2,0.4415697183895628,655,0
168,7308.497437089287,20,0,0,0,4,0.8320135943794096,139,1
169,858.0066791348622,23,0,0,0,2,0.6973186664308535,1322,0
170,516.0810545685096,21,0,0,0,2,0.19878388344225428,357,0
171,450.55743940489367,14,0,0,0,1,0.1826842723853146,177,0
172,485.01980009124054,20,1,0,0,2,0.7041921412931155,893,0
173,1015.258247944289,19,0,0,0,4,0.6662164890628907,1775,0
174,1542.4879979114228,22,0,0,0,2,0.14223424754539582,586,0
175,1446.1943505596892,3,0,0,0,3,0.6720897671582553,783,0
176,2507.8554111543062,20,0,0,0,3,0.7807484123656759,1035,1
177,1110.9845596940186,20,0,0,0,0,0.7663072330613596,1585,0
178,4691.6240328293125,0,1,0,0,4,0.40559929408390083,1278,0
179,841.6322547517424,14,1,0,1,1,0.8141433222382675,1661,0
180,16650.061125276334,16,0,0,0,2,0.389812321846867,1674,0
181,2050.148170401222,18,0,0,0,2,0.6457128044500299,912,0
182,465.37449338878616,13,0,0,0,1,0.7603150144504772,727,0
183,375.8189464193762,18,0,0,0,2,0.7554775262202771,11,0
184,1776.6279122176772,17,1,0,0,1,0.3469642906604019,1477,0
185,877.0265053593486,1,0,0,0,0,0.5708139558878785,590,0
186,2239.483401883498,5,0,0,0,1,0.6139422079983806,1770,0
187,1760.296649310194,12,0,0,0,2,0.23484825302359125,1846,0
188,1019.605520987001,16,1,0,0,3,0.008197302474626023,1495,0
189,470.22263871218485,5,0,0,0,0,0.09928433287320593,768,1
190,241.08577313938898,20,0,0,0,4,0.03458291620085352,689,0
191,701.6853245714259,21,0,0,0,4,0.29864750860750167,1941,0
192,2582.2045616742753,4,0,0,0,1,0.325944780934472,1503,0
193,1358.442014023441,6,0,0,0,3,0.865991310877541,1165,0
194,315.53235280996665,0,0,0,0,3,0.12492940774332373,24,0
195,1303.9858951837004,12,1,0,0,5,0.185091014036883,595,0
196,1612.1393741643935,18,0,0,0,1,0.6200268752763867,1714,0
197,453.1134627641911,21,0,0,0,2,0.46915125954364023,1586,0
198,1278.8609858402428,0,0,0,0,2,0.993258488401298,964,0
199,1162.361183683287,12,0,0,0,4,0.7619614564977771,967,0
200,349.6839344866292,10,0,0,0,4,0.2703401096389466,1916,0
201,1568.3624998946955,6,0,0,0,3,0.7215368724811956,18,1
202,1921.352273771087,19,0,0,0,1,0.22833822305560214,447,0
203,3239.1014600378444,2,0,0,0,2,0.6815821367553296,1590,0
204,3145.732502011927,0,1,0,0,1,0.036523460264539676,1901,0
205,276.53312974837934,7,1,0,0,2,0.19959721699436528,231,1
206,429.30815027534334,16,0,0,0,2,0.10263117452961024,1625,0
207,1835.4322057228585,12,0,0,0,5,0.42894737724347887,1468,0
208,1833.1406021241382,13,0,0,0,2,0.5533867143207711,460,0
209,1835.4550002757137,4,0,0,0,3,0.2594303953186412,823,0
210,51675.108833077655,23,0,0,0,1,0.9785089337977408,1681,0
211,1940.8678758214496,21,0,0,0,1,0.41058207368946353,1288,0
212,3413.7464749385927,22,1,0,0,4,0.5617717163898505,1795,0
213,2846.944985716119,23,0,0,0,1,0.4635258703320526,877,0
214,2103.570149266602,5,1,0,0,5,0.8631723722974867,935,1
215,800.0952278206428,21,0,0,0,2,0.3707143269851232,1254,0
216,2342.4887709736813,5,0,0,1,2,0.9430905123987348,1788,1
217,506.3229898260874,20,0,0,0,1,0.8049654097033334,415,0
218,865.3909700041635,7,1,0,0,4,0.07565442305140468,1635,0
219,674.9485408380124,12,0,0,0,1,0.8832862269102079,831,0
220,1190.1970247126837,17,0,0,0,1,0.18157296487890862,754,0
221,11099.535800747833,22,0,0,0,1,0.059549913446448666,1380,0
222,169.47997994202507,3,0,0,0,2,0.22165064113920663,1456,0
223,2178.2132080631072,16,0,0,0,2,0.08520250134587726,1120,0
224,218.60886508039704,4,0,0,0,2,0.6221992134329339,1361,0
225,684.0753923008676,2,1,0,0,2,0.4474938895752384,1994,0
226,3258.2665407323234,3,0,0,0,2,0.4748331979517666,1978,0
227,1169.4396940317129,22,0,0,0,1,0.6165942842477838,1325,0
228,373.2525327529761,4,0,0,0,3,0.4983841142400973,1111,0
229,536.3013862038342,13,0,1,1,1,0.9916013180106199,515,1
230,2163.749226338898,14,1,1,0,1,0.6237269152179153,1741,1
231,528.2836568234798,19,0,0,0,4,0.5862129374652552,930,0
232,1361.658320977303,16,0,0,0,2,0.41440620827805463,1973,0
233,1147.7649860107465,5,0,0,0,1,0.44639012426732727,1047,0
234,571.5772543956382,9,0,1,0,2,0.9894950772289663,945,1
235,9357.599653664263,21,0,0,0,1,0.005490769901346448,476,0
236,2067.1353156981268,22,0,0,0,2,0.15545484804128706,1695,0
237,144.72818736838153,15,0,0,0,2,0.3430376859515991,474,0
238,1321.4095870212288,16,0,0,0,2,0.904412709512329,1096,0
239,565.7846536549583,13,0,0,0,3,0.9379297535476842,789,0
240,2571.985209598899,19,1,0,1,0,0.05760382999297897,1208,0
241,496.4482565141984,11,0,0,0,2,0.14162375492839097,395,0
242,977.7593325680475,8,0,0,0,2,0.8822281491789205,1667,0
243,1817.082149488647,14,0,0,0,1,0.27228503870226584,1394,0
244,2606.478079328029,11,0,0,0,2,0.4010990670456639,7,0
245,330.2016712977259,13,0,0,0,4,0.0045914383247804835,1830,0
246,784.8548248314157,21,0,0,0,0,0.49145797457449736,836,0
247,682.0170713526421,17,1,0,0,2,0.8653027161945982,695,1
248,570.5899168150067,19,0,0,0,2,0.3645945572905793,989,0
249,6408.972497609967,5,0,0,0,4,0.880918875163407,265,0
250,1644.1547657912517,3,0,0,0,3,0.34692451292527837,1481,0
251,310.78956574004525,22,1,0,0,0,0.6581673739755154,323,0
252,2745.8938986058106,11,1,0,0,1,0.29363293779996713,721,0
253,9155.922320277763,12,0,0,0,1,0.5147354753313249,484,0
254,3079.32365878746,18,0,0,0,1,0.8283118918649243,522,0
255,239.9978665784413,21,0,0,0,5,0.8484064993848132,813,0
256,675.7113089987828,12,0,0,0,1,0.07652741004666685,1521,0
257,3892.905796675808,11,0,0,0,5,0.9292978945577641,23,0
258,540.4113097690594,19,0,0,0,2,0.5218236939289861,18,0
259,1709.266188985627,2,0,0,0,3,0.21920947010995284,958,0
260,2379.4723809901025,2,0,0,0,3,0.8313222243123787,952,1
261,434.01084767110086,13,0,0,0,1,0.6352210423348986,1157,0
262,1033.2605294356747,17,0,0,0,0,0.5080015699138609,1264,0
263,42.894030193876084,18,0,1,0,4,0.8117031952510345,346,0
264,393.70911847949134,9,0,0,0,4,0.2038529081889181,721,0
265,851.8682243461251,16,0,0,0,4,0.5811613013502778,850,0
266,314.8879363894616,14,1,0,0,2,0.961809702367865,208,0
267,5610.590794483932,18,0,0,0,3,0.6370927040626135,1732,0
268,262.396999465135,8,0,0,0,1,0.5988066358834829,595,0
269,706.2402755993694,3,0,0,1,1,0.029456251606079564,80,0
270,1249.8021993888644,14,0,0,0,2,0.18264946509167534,493,0
271,4634.452226662664,18,0,0,0,1,0.6121444985668664,981,0
272,260.9001713273147,15,0,0,1,2,0.7026639204453721,548,0
273,3509.2715248949485,7,0,0,0,1,0.8998277835998855,642,0
274,1107.912686073781,16,0,0,0,2,0.8713351269979439,285,0
275,410.9581353936562,20,0,0,0,1,0.3598507987571046,1099,0
276,1740.8059493711132,0,0,0,0,2,0.6898648644545327,665,0
277,1338.171883675939,6,1,0,0,1,0.46391778522078186,535,1
278,601.7145255833123,20,0,0,1,1,0.4770360685461965,1333,0
279,1175.9152799327815,17,0,0,0,2,0.9453463735310831,492,0
280,745.9707595621949,11,1,0,0,1,0.7327879988456069,704,0
281,1228.460876939756,15,0,0,0,1,0.968151424216616,1102,0
282,2126.283022643269,0,0,1,0,5,0.7748753512719287,1996,1
283,5356.236254804939,14,0,0,0,2,0.7256294373031661,1099,0
284,318.0423344666512,6,0,0,0,3,0.42758390853762807,1668,0
285,9256.056515297703,16,0,0,0,2,0.10647296503881543,1866,0
286,155.69706066671077,2,0,0,0,0,0.6303623483362414,1549,0
287,942.1974925250407,10,0,0,0,2,0.46835123600149553,413,0
288,1974.987220111324,5,0,0,0,1,0.5905628755271105,149,1
289,1452.4279272986976,5,0,0,0,0,0.2823483156047195,1634,1
290,588.3373337077369,14,0,0,0,0,0.19601409403699277,1672,0
291,890.5842870647267,6,0,0,0,2,0.26514291234114484,1378,0
292,669.8133324890073,10,0,0,0,1,0.6575651064660245,1416,0
293,608.2799639798066,16,0,0,0,0,0.9529832168505139,989,0
294,2564.7136065921627,22,0,0,0,0,0.9919275028201169,1525,1
295,1567.1523881446112,17,0,0,0,4,0.8086547514922878,212,0
296,548.4468666493849,21,0,0,0,3,0.9575590855150483,39,0
297,2696.2032952337186,23,0,0,0,2,0.2838309998727653,1105,0
298,1491.1449413572777,20,0,0,0,1,0.003544922046161969,423,0
299,2472.196038018958,18,0,0,0,4,0.19405653446035986,1973,0
300,2058.2859286008834,7,1,0,0,6,0.634452056178898,838,0
301,478.6669194687263,23,0,0,0,2,0.8993181829933209,1317,0
302,626.2934052658633,19,0,0,0,1,0.9149238797018151,863,0
303,2315.297817520781,7,0,0,0,1,0.8306512786257481,199,0
304,2019.0255346980168,20,0,0,0,4,0.7623579535668503,1453,1
305,1073.9496638382157,10,1,0,0,3,0.3041912130904614,1952,0
306,1233.1502873764287,20,1,0,0,1,0.08774111887387104,1951,0
307,3934.9950219799325,2,0,0,0,2,0.5251989439413992,1409,0
308,606.9391938493634,22,0,0,0,1,0.33526376080826203,898,0
309,1895.2335990202419,13,1,0,0,2,0.12817000724564642,1334,1
310,895.8807813258103,8,0,0,1,0,0.45828713260923815,1439,1
311,882.1117924397815,0,0,1,0,3,0.5255791532421646,910,0
312,3290.440916611936,0,0,0,0,1,0.7742566073369715,1143,0
313,2503.428193685147,11,0,0,0,3,0.8081213531990633,408,0
314,2473.7973457617823,10,0,0,0,2,0.4685190251264536,1805,0
315,4045.978918075107,20,0,0,0,3,0.9207359288987087,852,0
316,1119.9102662197558,0,1,0,0,4,0.788662187005358,1739,1
317,2168.851342849789,19,1,1,1,0,0.43248678236520555,1539,1
318,804.1077224948305,11,0,0,0,1,0.3502507046037696,585,0
319,1516.5091374856743,16,0,0,0,1,0.31788192362890144,1534,0
320,962.8108216665039,14,0,1,0,2,0.4637148751210918,546,0
321,1208.3317460339397,1,0,0,0,1,0.33030515440569774,1034,0
322,1988.542078674468,17,0,1,0,1,0.46882755620157157,847,0
323,483.8521170610703,15,0,1,0,2,0.5772642505452521,625,0
324,8887.377367334679,3,0,1,0,4,0.16601812958449214,1350,0
325,401.00849775872376,7,0,0,0,3,0.7978939105644993,1035,0
326,325.6461580755598,1,0,0,0,3,0.11261810665797534,999,0
327,3491.584324981874,13,1,0,0,1,0.40434410885323235,1917,0
328,2420.338520720242,14,0,0,0,3,0.16522019916960773,1900,0
329,2046.9779567757896,8,0,1,0,4,0.30392852752091903,1565,0
330,2055.646157261149,1,0,0,0,0,0.45828687365192167,879,0
331,1083.284844957362,16,1,0,0,2,0.7487528692049806,360,0
332,447.0836119724609,9,0,0,0,3,0.6270869722971193,1182,0
333,1182.9949062677133,8,0,0,0,5,0.36072529848819823,1615,0
334,557.152108813858,1,0,0,0,3,0.5909452662069238,1282,0
335,2907.706000837381,23,0,1,0,3,0.2963224277589671,727,0
336,946.662478632745,18,0,0,0,2,0.8384777536059529,1165,0
337,480.34413897401595,16,0,0,0,0,0.4831766481959806,1370,0
338,795.2163041564328,10,0,0,0,0,0.7167582631471346,885,0
339,1657.2774660872708,16,1,0,0,1,0.3119532386043845,1260,0
340,624.0780540691509,9,0,0,0,1,0.6773414025239509,1189,0
341,481.9207128865157,17,0,0,0,2,0.9267705681322416,149,0
342,1399.2437785571617,22,0,0,0,0,0.10776556688012362,789,0
343,1401.0350601438581,5,0,0,0,1,0.5906008718551649,1834,1
344,660.5394334673073,15,0,0,0,2,0.5009303902077218,453,0
345,684.6869280067497,17,0,0,0,0,0.5409795673222049,1470,0
346,1383.0547757579586,19,0,0,1,2,0.19460157879037232,1095,0
347,257.7308075169322,17,0,0,0,3,0.02709969517915567,1147,0
348,268.41551947782415,0,0,0,0,1,0.07127047724031244,1624,0
349,534.6197672232965,2,1,0,0,4,0.28418240459147837,1979,0
350,885.854617276349,14,0,0,0,3,0.8543937007744,1871,0
351,1496.5347765278798,19,0,0,0,0,0.8068605583075232,1604,1
352,4795.130567863151,9,0,0,0,1,0.995419810715393,535,0
353,2585.4623330705085,20,0,0,0,0,0.7405332803580342,688,0
354,934.5465795760492,4,1,0,0,1,0.3512220509903299,1369,0
355,1075.9763835393012,14,0,0,0,0,0.9182546707708527,1551,0
356,402.40966438650094,22,0,0,1,1,0.7906691580696523,1325,1
357,1076.5178132116152,13,0,1,0,3,0.6989466909336358,1421,0
358,821.6720595055178,14,0,0,0,1,0.5361509120806365,1794,0
359,1514.3151360727345,9,0,0,0,3,0.7170318000134275,1465,0
360,479.51206539034126,23,1,0,0,6,0.9587705441313026,1392,1
361,1843.362289365007,8,0,0,0,0,0.862279723298615,102,0
362,5078.3359245580405,11,0,0,0,1,0.19446292130042608,777,0
363,983.6202045329187,6,0,0,0,1,0.09762587127927014,1687,0
364,1638.7871787774518,4,1,0,0,4,0.016576371026978065,653,0
365,2186.6894047093974,23,0,0,0,0,0.7128181456740236,421,0
366,734.1985734885454,9,0,0,1,0,0.2789109305196702,837,1
367,1372.092851217482,7,0,0,0,2,0.7182188149212329,529,0
368,1110.529714542782,21,0,0,0,0,0.184152041381205,467,0
369,1209.153852540755,19,0,1,0,0,0.43673132031084405,1302,0
370,506.2295467608473,15,0,0,0,3,0.013602242546626009,672,0
371,1123.8439364726087,11,0,0,0,3,0.10864689286828533,640,0
372,1804.4268599772201,8,0,1,0,2,0.08143126881685459,370,0
373,4680.4222434209505,9,0,0,0,4,0.7905901720790862,699,0
374,2861.9853064404538,15,0,1,0,1,0.9043984538224422,534,1
375,9444.449160768114,9,1,0,0,0,0.17452894758270487,1423,0
376,509.10406070147764,8,0,0,0,1,0.5245059064339221,1918,0
377,2623.64706072523,2,0,0,0,6,0.15020615917056757,1125,0
378,1317.3033452909835,18,0,0,0,2,0.7792525980373801,784,0
379,9796.720180838209,10,1,0,0,3,0.8207584594250219,33,0
380,488.67698783902415,5,0,0,0,4,0.7851635904232777,1059,0
381,473.55978087237327,5,0,0,0,2,0.25149728873465116,1233,0
382,602.2106822244683,14,0,0,0,2,0.3375741197757457,925,0
383,131.1188646702209,14,0,0,0,2,0.20856719046388217,375,0
384,648.2296153864863,12,0,0,0,1,0.0033117221147774822,1611,0
385,513.3035258082359,21,1,0,0,1,0.06461102774863703,359,0
386,1274.6077796672216,4,1,0,0,0,0.9863196257993518,849,0
387,1543.4199435634466,13,0,0,0,3,0.9132226694395004,1768,0
388,7159.323979425839,20,0,0,0,0,0.07945037398784671,1500,0
389,2836.7770301435667,1,0,0,0,0,0.4612727791361181,215,0
390,615.9072255622924,22,1,0,0,2,0.9745713211488792,1939,0
391,446.56516175597454,11,0,0,1,0,0.05447713544859034,1666,0
392,1793.4908075005897,19,0,0,0,2,0.6687541496098711,793,0
393,292.8811200242829,13,1,0,0,3,0.10649162634235476,1111,1
394,6846.266634740118,18,0,0,0,1,0.3479586831364192,534,0
395,3566.8570923004554,23,0,1,0,2,0.047076005891323214,1205,0
396,685.9634510098862,19,0,0,0,0,0.5983861042951713,1285,0
397,197.7226855442784,14,0,0,0,0,0.702463966396404,595,0
398,4246.593343110303,19,0,0,0,2,0.041444414564912324,1726,0
399,977.9515752477811,23,0,0,0,3,0.5041434025650681,629,0
400,3781.274162999435,16,1,0,0,0,0.2990205477783541,1422,0
401,222.64361213798935,13,0,0,0,0,0.7092380677945667,92,0
402,602.2212947698533,22,0,0,0,2,0.5102634106641212,1288,0
403,1102.3986765241634,17,0,1,0,1,0.01679958254278846,1746,0
404,1149.3830438212228,21,0,0,0,1,0.26548805079137816,291,0
405,699.1983947641006,23,0,0,0,2,0.4874653053972413,1347,0
406,2044.3801805649496,4,0,0,0,2,0.09633221457991892,400,0
407,377.05066585910504,21,0,0,0,0,0.8856010140641248,1341,0
408,951.1012416526984,11,0,0,0,1,0.8965666931781741,1862,0
409,1236.8160214609977,9,0,0,1,4,0.11259915057373582,1009,0
410,1834.3378195075034,7,0,0,0,5,0.8833024967099377,293,0
411,2234.147222009866,5,0,1,0,0,0.5725375394116,857,0
412,356.1521076085421,14,1,0,0,0,0.8656329307915719,957,0
413,236.48524790522313,11,0,0,0,4,0.6277773170159129,111,0
414,3935.041951443592,5,0,0,0,0,0.9169151363659293,577,0
415,1528.9156107801682,11,0,0,1,2,0.4598322963957099,502,0
416,518.7974117138571,14,0,0,0,3,0.9981778945512619,951,0
417,5172.709831388329,11,0,1,0,2,0.8575276594344563,1695,0
418,1231.1138827489042,8,0,0,0,1,0.629351803854529,737,0
419,3566.3472941053396,18,0,0,0,3,0.39200754367337776,140,0
420,1173.2330193654043,20,0,0,0,0,0.6157464481535306,831,0
421,8610.588319531375,1,0,0,0,0,0.7289643904109899,1174,1
422,6344.482664351437,12,0,0,0,2,0.3426801720707744,1140,0
423,854.9438989500853,12,0,1,0,1,0.5409449787147729,132,0
424,2897.4054727498983,7,0,0,0,0,0.8902029481558414,861,0
425,2090.9545215718476,12,0,0,0,0,0.9523420164210442,608,0
426,4309.734401996828,3,0,0,0,1,0.6181500253814928,1302,0
427,417.83078894067546,5,0,0,0,2,0.15001292335848482,1274,0
428,2177.7585962483167,5,0,0,0,0,0.7672787223251736,1532,0
429,3160.3071045708843,20,0,0,0,2,0.24765191068310777,107,0
430,188.90807358274122,11,0,0,0,1,0.06495789659062212,618,0
431,335.8758129523534,11,0,0,0,0,0.3709567243697507,827,0
432,142.70332462866753,16,1,0,0,3,0.26879403554340486,1736,0
433,837.6439801794602,6,0,0,0,3,0.514783086318998,1488,0
434,2247.429181155071,14,0,0,0,0,0.0023396307278693573,492,0
435,4926.366869705827,23,0,0,0,1,0.6796573698367713,355,1
436,1180.9739760334003,16,0,0,0,3,0.4416802865363453,247,0
437,5589.334714561912,9,1,0,0,2,0.25946566698398543,301,0
438,275.8613934103746,22,1,0,0,2,0.2712026563108759,1339,0
439,199.6603275897316,19,0,0,0,2,0.04230979518922895,1162,0
440,1037.3786704309184,5,1,0,0,1,0.2226128802283085,916,0
441,1610.122350095578,8,1,0,0,3,0.11853231719386959,35,0
442,1061.3587988566446,14,0,0,0,2,0.43653139508518657,435,0
443,138.73392637363838,15,1,0,0,3,0.49425208288565137,139,1
444,1003.1295684110115,20,0,0,0,3,0.8235051676932993,470,0
445,297.5345936777077,7,0,0,0,9,0.5657307251620892,1867,0
446,2142.3798056038204,15,0,0,0,2,0.5873306628390451,458,0
447,1582.2422192120898,4,0,0,0,2,0.09727490652024129,1976,0
448,428.42693653924323,17,0,0,0,1,0.35062300811878433,334,0
449,655.9818249315894,19,0,0,0,1,0.7965142842818945,785,0
450,380.2338575786183,13,0,0,0,0,0.5842511396427396,957,0
451,1030.0070261722055,1,0,0,0,1,0.3753194326491138,692,0
452,2850.1939412283527,22,0,1,0,1,0.4310350711526567,1617,0
453,409.2286120952554,22,0,0,0,2,0.11589265318232922,696,0
454,1815.3735088332087,2,0,0,0,5,0.026237781980076536,1214,0
455,645.3174599155268,13,0,1,0,2,0.14422851626906674,1253,0
456,496.2734909150923,6,0,0,0,2,0.2967084590454585,563,0
457,985.3231318808026,14,0,0,0,2,0.2831702172160895,808,0
458,389.458642074987,16,0,0,0,2,0.7031461405695426,1481,1
459,630.3975768158643,0,0,1,0,1,0.16045322280887986,757,1
460,331.0012353055885,8,0,0,0,2,0.7591731421166434,285,0
461,7822.23135941598,21,1,0,1,1,0.7090813027327836,945,0
462,1135.9942662710275,13,0,0,0,3,0.1514328090749586,27,0
463,544.7214112802183,15,0,0,0,3,0.6606656204402702,1915,0
464,1358.2873867567814,20,0,0,0,3,0.32788419252188405,944,0
465,980.1169980550571,12,0,0,0,2,0.10632524895118978,950,0
466,879.2158234365692,5,0,0,0,3,0.6229457110264806,1196,0
467,2026.7052015690247,21,0,0,1,0,0.7930375403248723,693,1
468,2339.067699739979,0,0,0,0,2,0.9624495449012048,988,1
469,645.160325380393,20,0,0,0,5,0.5501838055104252,1790,0
470,616.5761034538276,3,0,0,0,1,0.5664493517596645,699,0
471,832.9289153808999,2,1,0,0,4,0.46320657399924947,470,1
472,109.73614859233527,16,0,0,0,0,0.30859279255995553,781,0
473,241.0028930562657,1,1,0,0,2,0.14310161786729447,1296,0
474,4302.167598932291,18,0,0,0,1,0.3001882229089292,1836,0
475,5681.483819924746,19,0,0,0,2,0.33395381181882733,956,0
476,854.8824383214168,22,0,0,0,2,0.7362658409454048,964,0
477,1951.8969294747747,21,0,0,0,3,0.1287174723253035,1287,0
478,1497.04756063099,7,0,0,0,3,0.18677061508484705,846,0
479,23834.295467269567,14,0,0,0,1,0.9721160491700348,1029,0
480,3359.5923172187404,5,0,0,0,3,0.0708979132266252,256,0
481,964.9559074363033,22,0,0,0,3,0.9293290305164031,263,1
482,421.7697543779462,19,0,0,0,4,0.14635766232329317,1994,0
483,219.9837499459901,1,0,1,0,1,0.536603679642494,1042,1
484,1344.0781085394767,14,0,0,0,0,0.3962229331114423,707,0
485,514.7334813238675,19,0,0,0,2,0.40014155221680137,397,0
486,264.4748840355366,11,0,0,0,1,0.701702908313234,1357,0
487,574.4580736401907,2,0,0,0,4,0.6559472695431026,177,0
488,371.8356651748277,9,0,0,0,2,0.9430409863111435,668,0
489,5926.218714556848,13,0,0,0,2,0.7183504111500151,1296,0
490,2648.2114244754184,21,0,0,0,4,0.6070335949327573,339,0
491,1087.924855814121,13,0,1,0,1,0.17587562463130124,280,0
492,4817.180796288309,2,0,1,0,2,0.4766362444132286,1333,0
493,1184.8462610566046,0,0,0,0,2,0.49716984170563516,681,0
494,463.4580151357667,19,0,0,0,4,0.638869633011133,785,0
495,5029.742541893794,0,0,0,0,1,0.3660551773090499,1653,1
496,1879.7800300478768,1,0,0,0,0,0.14538086138696438,1723,1
497,388.67901380438326,18,1,0,0,2,0.8784735251137451,475,1
498,906.563721685054,23,0,0,0,1,0.03241598172292248,1938,0
499,456.8621693534726,9,0,0,0,1,0.13495085300260756,520,0
500,275.1180474559826,3,0,0,0,4,0.45615470307932693,1058,0
501,2768.8228571211966,3,0,0,0,1,0.8887995332519651,1531,1
502,7401.342195163669,12,0,0,0,1,0.10253202114133186,1472,0
503,270.8140508611659,8,0,0,0,1,0.7376499650137662,1881,0
504,1925.5544605254238,6,0,0,0,0,0.28652023093511825,1200,1
505,572.1249610407875,15,0,0,0,2,0.07592663977528702,1734,0
506,673.7604391715223,17,0,0,0,4,0.8949649026809419,346,1
507,606.4401701354014,2,0,0,0,3,0.9723941276908268,1449,0
508,462.2053303429474,19,0,0,0,4,0.13184461672383696,1554,0
509,1151.1556478486623,19,0,0,0,0,0.8960657177926278,1993,1
510,477.73198938836197,9,0,0,1,4,0.6481020070462027,1268,0
511,1437.2068562371244,23,0,0,0,2,0.20147673747136163,1280,1
512,1042.9013739420773,21,0,1,0,3,0.6715265503965643,29,0
513,863.5501324199292,15,0,0,0,1,0.8113434032338506,1635,1
514,442.4981740321272,2,0,0,0,5,0.49380392633462344,292,0
515,615.9887309363379,10,0,0,0,2,0.909334500284889,1051,0
516,2334.1223350995256,9,0,0,0,1,0.5285027262200134,1128,0
517,1809.701489308114,15,1,0,0,3,0.18542557107736624,1600,0
518,412.58603560954595,7,0,0,0,3,0.7093041833300612,263,0
519,1211.158120754044,8,0,0,0,2,0.6768914023136856,1526,0
520,2324.7949564815253,14,0,0,0,2,0.6404349970507571,1009,0
521,206.56078323162282,20,0,0,0,2,0.8798436941595755,1202,1
522,1888.1639717534508,2,1,0,0,1,0.5279457176123403,154,0
523,565.3111237283476,3,0,0,0,1,0.704229455532969,111,0
524,1940.3015315103078,12,0,0,0,3,0.9546600831227934,623,1
525,511.18974563234303,11,0,0,0,4,0.13776384522039387,1288,0
526,180.38940933481805,20,1,0,0,1,0.3865219776777037,1269,0
527,215.39155592430185,8,0,0,0,3,0.2187761421841493,1445,0
528,1150.6530694641888,13,0,0,0,2,0.32383515155938347,758,0
529,1421.8619182160726,18,0,0,0,1,0.5105809072106763,1779,0
530,443.9373171588568,6,0,0,0,3,0.8454102833574068,1682,0
531,2076.8185506162085,15,0,0,0,3,0.3995104167626573,940,0
532,208.19599875719464,21,0,0,0,3,0.557910009046306,1651,0
533,1026.5102290143436,19,0,0,0,2,0.8122378769286687,413,0
534,326.6808826080554,4,0,0,0,0,0.9281303880990247,1205,0
535,571.442515113621,9,1,0,0,2,0.3496635951918614,29,0
536,1149.8636755337816,17,0,0,0,2,0.17795553574577572,1401,0
537,463.8617868643424,10,0,0,0,3,0.5821431186715978,1317,0
538,746.5364590477295,6,0,0,0,2,0.8957767310023603,982,0
539,2999.7757330756053,13,0,0,0,3,0.24847998743539867,16,0
540,615.9144847733999,19,0,0,0,5,0.4994472731457297,1539,0
541,2529.2854526929646,17,0,1,1,3,0.485966962607817,485,0
542,354.35284192891174,10,0,0,0,2,0.9270927508073388,1780,0
543,1862.7407020720188,21,0,0,0,0,0.45670788927094774,1303,0
544,4635.82112894591,11,0,0,0,3,0.5362577910459719,824,1
545,92.60614497510798,17,0,0,0,2,0.13825365798222256,1292,0
546,494.2812783548208,1,0,1,0,4,0.45823583610737717,1057,0
547,1952.9027358035194,22,0,0,0,2,0.34179408240154974,1955,0
548,895.1171593031822,0,0,1,0,3,0.2216612468164848,1577,0
549,1589.454053020105,22,0,0,0,3,0.5086733075084748,1422,0
550,599.4513458449992,9,0,0,0,3,0.7708876095470397,1585,0
551,1195.8228292669223,20,0,0,0,4,0.17669920027900143,1648,0
552,938.5374549509852,0,0,1,0,0,0.1415701190396783,472,0
553,3525.515908857153,5,0,1,0,2,0.12429436982270414,818,1
554,1414.3436392883398,6,0,0,0,4,0.7630948950718968,1818,1
555,1537.0229299618043,16,0,0,0,2,0.7880790421422172,202,0
556,726.4161310464091,8,0,0,0,2,0.8887174343849126,300,0
557,673.4365458712872,6,1,0,0,2,0.9641313698330737,709,0
558,711.5472413620806,16,0,0,0,2,0.3774098684798163,1651,0
559,1626.9333515692451,2,0,0,0,3,0.34044129245769095,151,0
560,719.8303211589669,15,0,0,0,3,0.9914787060127127,1938,0
561,1465.2407712103645,4,0,0,0,2,0.14214224771786,651,0
562,8737.68709025622,19,0,0,0,3,0.04171870487729068,328,0
563,2620.51122936307,17,0,1,0,3,0.38515869934212055,1249,0
564,791.5368756655135,0,1,0,0,1,0.0880508952592306,575,1
565,3645.372821359057,3,0,0,0,2,0.38324736498694756,134,0
566,729.1829253795463,22,0,0,0,1,0.41159174679078836,173,0
567,142.86147647934715,10,0,0,0,2,0.6387358110207599,892,0
568,400.17969714158914,19,0,0,0,3,0.7441428047286792,1807,0
569,168.8833228199962,8,0,0,0,3,0.6477981507138533,1859,0
570,771.6156134277312,7,1,0,0,0,0.7071886787334852,1165,1
571,1117.0185201479644,7,0,0,1,7,0.36898729431109645,891,1
572,5863.120868814661,4,0,0,0,0,0.4565274259191181,1809,0
573,1520.7020371580752,11,0,0,0,3,0.7143823595803012,1114,1
574,880.8606766872283,0,1,0,0,2,0.1474076985120163,1137,0
575,2513.434896293995,14,0,0,0,3,0.7120467100070514,715,0
576,120.16486693619312,17,0,0,1,2,0.9515519470763313,876,0
577,1387.9936388686167,5,0,0,0,0,0.1756723950026704,99,0
578,2370.5213619631854,9,1,0,0,3,0.39443375654971025,70,0
579,249.98820936752472,13,0,0,0,3,0.5813697998768425,1383,0
580,3441.8143656768048,20,0,0,0,1,0.7181517140586953,1716,1
581,1538.3972512198643,7,1,1,0,6,0.2520254929000878,860,0
582,723.9425845252953,2,0,0,0,2,0.5845702877097373,287,0
583,2064.7859959583334,21,0,1,0,1,0.9350545262845069,1011,0
584,10622.108948522553,21,0,1,0,1,0.35745236623312915,419,0
585,1315.3607677162338,18,0,0,0,1,0.5690537117566188,916,0
586,1405.601475075996,11,0,0,0,3,0.6240846462274413,1043,0
587,692.7291601189393,11,0,0,0,1,0.8872983696060202,1805,0
588,468.7903391968474,14,0,0,0,2,0.310953172085082,516,0
589,2515.7740701339153,6,0,0,0,3,0.8729531016598737,1542,0
590,465.8744485402268,3,0,0,0,1,0.673468984455264,1964,0
591,1177.9916044331771,20,0,1,0,1,0.7169373077968102,875,0
592,680.1698546541645,8,0,0,0,3,0.06630563381803556,1529,0
593,1770.4337034425164,21,0,0,0,1,0.35654202139649604,1533,0
594,1530.9781215987298,15,0,0,0,2,0.11799779388111387,763,0
595,3094.989969552086,12,1,0,0,1,0.5615664956759794,1738,1
596,658.5125642747852,3,0,0,0,5,0.8376290808810547,1386,1
597,837.2519700786232,23,0,0,0,1,0.40998685675912294,759,0
598,412.0877385066468,8,0,0,0,3,0.22560405990139243,1719,0
599,703.2459862499998,20,0,0,0,2,0.30460829359767283,1023,0
600,1599.266703797065,17,0,1,0,2,0.5731883656079642,69,0
601,2337.853820216005,14,0,0,0,1,0.7675331755901658,183,0
602,436.08390863149003,14,0,0,0,3,0.6898602152975326,172,0
603,2616.5342614429887,5,0,0,0,1,0.9421704828631668,696,0
604,4254.097260504274,10,0,1,0,3,0.8838722951979673,1375,0
605,1658.1120307469653,7,0,0,0,4,0.10491197875470004,1527,0
606,7163.799764538519,20,0,0,1,1,0.7036903547345369,1664,1
607,505.83513745733893,16,0,0,0,3,0.393653845669922,1597,0
608,315.8745991486329,23,0,0,0,0,0.33614384343034875,739,0
609,185.1710052991762,16,0,0,0,1,0.47588085474580855,351,0
610,4895.365946866065,23,1,0,0,0,0.7662668018910415,938,1
611,2109.8363334030255,17,1,0,0,0,0.41678739761987016,121,0
612,1037.340317161365,3,0,0,1,1,0.8210789184160036,1130,0
613,1450.9425029943145,14,0,0,0,4,0.4719347913007582,1566,1
614,355.85059034010436,1,0,0,0,2,0.06037849660177874,998,0
615,12654.295220124815,1,0,0,1,2,0.630347477597933,1208,0
616,1247.9046976802463,9,0,0,1,2,0.7807790026943293,1999,0
617,1223.4069095336624,2,0,0,0,4,0.3159822419677757,268,1
618,2265.9890831424345,7,0,0,0,4,0.22214220003640917,1318,0
619,1774.0302804288185,19,0,0,0,2,0.6401781852738653,1172,0
620,1371.8068579387846,6,0,0,0,5,0.3526419229414849,273,0
621,497.4651702273961,11,0,0,0,3,0.9057901219540287,1261,0
622,1757.1849672787,18,0,0,0,1,0.7668172370005032,510,0
623,7201.355106096087,14,0,0,0,2,0.4611929152198916,1415,0
624,4210.851009004548,13,0,0,0,4,0.9755662676703893,1544,0
625,5394.777455160078,15,0,1,0,2,0.34450480373925074,1437,1
626,657.7232982917433,13,1,0,0,5,0.4446215931806058,639,1
627,407.64438124896105,2,0,0,0,0,0.6489367586056602,660,0
628,967.0141032631489,17,0,0,0,1,0.5120323489459365,1056,0
629,1159.4776863249167,21,0,1,0,3,0.3443873996205422,232,0
630,3275.3876860100486,5,0,0,0,2,0.41778990519741477,1580,0
631,201.85212407594653,16,1,0,0,0,0.8636804161174854,1610,1
632,5062.168964055618,22,0,0,0,0,0.19820935550798524,1229,0
633,936.3525873394653,13,0,0,0,0,0.31762141352855233,914,0
634,715.5982671180302,13,0,0,0,3,0.19851908983412858,922,0
635,398.57497546627593,19,0,0,0,1,0.5122094175971323,235,0
636,209.58792229205545,12,1,1,0,3,0.1608964498893154,440,0
637,2497.812390449884,2,0,0,0,0,0.17113713562657717,1469,0
638,1180.0569360534212,12,0,1,0,0,0.8342932229464242,932,0
639,301.88287175048623,23,0,0,0,3,0.7030275707644692,140,1
640,300.34182057176537,1,0,0,0,1,0.1885045514432303,1722,0
641,783.848138511571,8,0,0,0,4,0.38666597577366846,1518,0
642,5819.802033528931,12,1,0,1,2,0.916886466902396,1097,1
643,845.9063437040104,7,0,0,0,1,0.8701108964138716,323,0
644,243.92408427992012,15,0,0,0,1,0.6544919897855779,915,0
645,857.7021853517779,23,0,0,0,1,0.28398339555252383,1831,0
646,834.8703390783119,2,0,0,0,2,0.37328801568405146,1144,0
647,73.9296050292479,12,0,0,0,1,0.6532504172914008,1151,0
648,1038.6791464874725,3,0,0,0,0,0.5604725348271152,102,0
649,870.4980070648508,17,0,0,0,2,0.5606273379632406,1254,0
650,2199.9861960707317,1,0,0,0,1,0.4233709680886235,442,1
651,6967.112169012335,19,0,1,1,2,0.0902306561536872,216,0
652,3383.1585336894027,21,1,0,0,2,0.1215475772917668,603,0
653,838.0781127514141,20,0,0,0,0,0.8353214307016228,875,0
654,362.6630227954661,14,0,0,0,2,0.8841240029542176,1162,0
655,14376.637946084495,16,0,0,0,1,0.893698969299542,460,1
656,1163.5354305945873,9,0,0,0,3,0.47458498802100835,1898,0
657,1112.0153647240372,0,0,0,0,3,0.9355140811906604,1682,1
658,1070.4933681234502,5,1,0,0,3,0.8377176423505852,869,1
659,1336.867889088789,2,0,0,0,2,0.38416039402594326,1388,0
660,949.2190444789637,18,0,0,0,5,0.22301495890776135,370,0
661,617.9070200344208,6,0,0,1,2,0.7285652889140399,381,0
662,634.6927723613796,12,0,0,0,3,0.7253040988128672,1711,0
663,1061.296687705088,12,0,0,1,1,0.8901790186039585,1075,0
664,636.876162227399,16,0,0,0,2,0.05046708917263554,1831,0
665,537.6211969719059,0,0,0,0,4,0.3525691825911694,833,0
666,1219.7854086317463,13,0,0,0,1,0.03486696397847411,36,0
667,849.8184875137854,2,0,0,0,2,0.21036834941550664,983,0
668,4934.432688799652,13,0,0,0,4,0.39960598119363644,709,0
669,77.40336008520696,23,0,0,0,3,0.12307005155932682,510,0
670,3266.606155271362,0,0,0,0,2,0.822286191002496,204,0
671,3812.670695477356,15,1,0,0,1,0.2028814433114695,1232,0
672,137.91116797929973,9,0,0,0,1,0.41133816079573127,1157,0
673,778.4559495479149,12,0,0,0,0,0.8016796270730514,208,0
674,756.3915262646019,3,1,0,0,2,0.11672572752302102,131,0
675,268.402657222714,8,0,0,0,3,0.6196202622217271,1448,0
676,503.801989253499,13,0,0,0,3,0.9405130978321266,1587,1
677,361.1972306870885,3,1,0,0,2,0.4542877893631443,1399,1
678,6325.032446244699,9,0,0,0,1,0.24012975277918658,1809,0
679,2795.2543777003134,7,1,0,0,4,0.9432008856449522,267,1
680,3911.0262829416556,22,0,0,0,2,0.05418473694953618,1070,0
681,2256.72982444046,2,0,0,0,0,0.311597595628872,995,0
682,354.58504865680123,22,0,0,1,2,0.8173353707039761,1599,0
683,649.030514760823,6,1,0,0,3,0.15393645483404894,497,0
684,1788.932873899017,9,0,0,0,2,0.08408383626805682,932,0
685,323.0710251347704,2,0,0,0,3,0.45800673223437127,1939,0
686,2237.2404203608107,1,0,0,0,2,0.3317714249904198,1740,0
687,862.3615392726308,14,0,0,1,1,0.7971592930130216,1833,1
688,753.8392827607067,8,0,0,0,2,0.3371446691516624,1666,1
689,2232.6845359248045,14,1,0,1,0,0.6698250988783425,1051,0
690,1710.0250721855655,16,0,0,0,3,0.5601943419946919,1308,1
691,764.3561413735112,6,0,0,0,0,0.5969930050978405,1886,0
692,3495.8429163236992,19,0,0,0,3,0.5111416399884644,1085,0
693,372.0159286842433,17,0,0,0,3,0.13546075251902256,1662,0
694,2030.2934270688315,14,0,0,0,4,0.062033872649352007,1445,0
695,1984.4582976496486,17,0,0,1,0,0.5438984266442477,714,0
696,804.6871438404455,23,0,1,0,0,0.6494238083421137,1059,0
697,1519.4945448304604,22,0,0,0,2,0.7253285113233217,275,1
698,313.84097972006253,11,0,0,0,3,0.7221406728673881,1851,0
699,2762.8748231409018,22,0,1,0,2,0.7403117720336917,309,1
700,911.5057146109176,20,0,0,0,2,0.02032201486121321,1234,1
701,650.1980309445546,7,0,0,0,1,0.22349789502696982,485,0
702,3130.6916258093047,1,0,0,0,2,0.7295912297624376,1603,1
703,542.2115882351422,1,0,0,0,0,0.12358177759289435,1682,0
704,268.1479025945456,4,0,0,0,1,0.18658077399003548,1621,0
705,231.22027474245425,0,0,0,0,2,0.6596021622142326,974,0
706,2010.2411145485532,21,1,0,1,4,0.8081780337625406,803,1
707,304.77403936671686,3,0,0,0,1,0.16248158636835552,872,0
708,6341.015334359493,5,0,0,0,1,0.5508275335194175,690,0
709,136.73853410454984,22,0,0,0,2,0.181344300674525,887,0
710,5981.677752957013,12,0,1,0,3,0.20859060033809196,168,1
711,1354.2694914063152,18,0,0,1,2,0.4819750502924819,871,0
712,995.541577552772,10,1,0,0,1,0.6738736773914757,1906,0
713,635.9251789066332,12,0,0,0,3,0.5741882967979983,569,0
714,1634.5717368171568,7,0,0,1,3,0.09242296655109605,298,0
715,1056.1286638118552,6,0,1,1,1,0.2855610356222975,1494,1
716,3305.363998803258,12,1,0,1,3,0.9381653840059433,1129,0
717,1229.3337668623146,0,0,0,0,2,0.627642640321016,1315,1
718,1274.4904892649402,5,0,0,0,3,0.6581231658171347,713,0
719,762.3362930460046,6,1,0,0,2,0.21114540572835228,848,1
720,1035.9295061825037,15,0,0,1,0,0.9582343159556422,1619,1
721,1491.894054049257,14,0,0,0,5,0.20651075137974817,1603,0
722,198.31002864501608,19,0,0,0,0,0.2511618191324757,94,0
723,284.807803158818,1,1,1,0,4,0.5100966088246619,444,0
724,2305.9870707409423,22,1,0,0,4,0.4959725736290701,664,0
725,1300.9700248050044,15,0,0,0,4,0.03262783558419313,374,0
726,912.3435910053294,16,0,0,0,4,0.7437791272418967,1793,1
727,1117.0358942504565,23,0,0,0,0,0.09645406323820349,1202,0
728,1552.43773288637,14,0,0,0,2,0.05403532912101916,1610,0
729,639.2146539804684,2,0,0,0,1,0.5071617811465635,1887,0
730,503.55617482151365,3,0,0,0,0,0.048247831377314254,1662,0
731,1333.8773158237013,11,0,0,0,0,0.20067480976858032,1512,0
732,412.2488708262297,4,0,0,0,2,0.39094829850678214,55,0
733,1649.5416752195665,16,0,0,0,3,0.6031168158955852,1208,0
734,199.81988699328696,5,1,1,0,2,0.7827465004533528,104,0
735,3069.1491039463385,9,0,0,1,1,0.28955094872090104,1174,0
736,1759.170169801961,21,0,0,0,1,0.4711826316567429,343,0
737,1416.6209955761879,17,0,0,0,3,0.9540825544178798,278,1
738,2929.8045225888054,9,0,0,0,1,0.3902147077304746,363,0
739,5799.195293811399,5,0,1,0,3,0.7096476337762891,449,0
740,3024.10380880312,23,0,0,0,2,0.27136345869116263,1477,0
741,174.01226211701302,5,0,0,0,1,0.6232141901240277,1818,0
742,305.0339351680721,19,0,0,0,3,0.8047302219034144,957,0
743,587.091932851812,14,0,0,0,3,0.9142246172506864,209,0
744,1125.6219994036146,3,1,0,0,4,0.9375204822996376,640,1
745,1840.2542501180574,15,0,0,0,5,0.3020332442369713,1506,1
746,530.7314698576569,21,0,0,0,2,0.20088094831487302,949,0
747,1321.8225255682853,23,1,1,0,3,0.8140387783594518,1904,0
748,515.2318881865014,7,0,0,0,1,0.6296158451534316,1503,0
749,594.9528727866043,6,0,0,0,2,0.414470862648323,1442,0
750,268.63105707558555,18,0,0,0,1,0.03627424003958868,1614,0
751,435.6184536397461,16,0,0,0,1,0.3077172310440276,1664,0
752,283.8129499923117,20,0,0,0,1,0.11134425089156164,908,0
753,413.28058589719603,12,0,0,0,4,0.491961269516051,740,0
754,3145.2284216982707,14,0,0,0,6,0.8273993041696165,1024,0
755,424.3680457623619,1,0,0,0,0,0.3125948013243539,1359,0
756,15250.72107977515,9,0,0,1,2,0.3575944689400349,771,1
757,1796.0011710260464,12,0,0,0,3,0.7831869831236787,1865,1
758,1319.2730229723416,17,0,0,0,2,0.4560798083147426,1546,0
759,464.8162749227739,22,0,0,1,4,0.6681877129906859,1861,0
760,2209.0324194973173,10,0,0,0,4,0.18862508845510528,1666,0
761,616.6873527010266,12,0,0,1,1,0.2509414706320957,1754,0
762,1238.9379685599715,18,0,0,0,0,0.6349841879195213,1862,0
763,14187.045497169205,23,1,0,0,2,0.11194482893128488,237,0
764,996.1920898409546,23,0,1,0,4,0.1752692142414074,134,1
765,3460.86323315515,21,0,0,0,1,0.3176156788073191,1349,0
766,542.8448625984448,4,0,0,0,2,0.1804598655977515,430,0
767,1058.927105080758,2,1,0,0,5,0.975450210040331,348,1
768,6443.329158707028,18,0,0,0,3,0.2561334686683795,83,0
769,585.8319315503875,22,1,0,0,2,0.9545955080563603,1816,1
770,6717.346960348487,12,1,0,0,1,0.846377209978469,1189,1
771,2225.533487349477,4,0,0,0,1,0.3326151821259218,730,0
772,624.8634988890451,11,0,0,0,4,0.5488020912537286,207,0
773,2064.0136481503205,13,0,0,0,2,0.33796527985962876,656,0
774,2900.256468931353,5,0,0,1,3,0.7031049911959458,948,1
775,2042.2551913963316,21,0,0,1,0,0.36205317148541794,607,0
776,228.09798151079085,8,0,0,0,0,0.46632605824467044,492,0
777,529.9924833966527,16,0,0,0,0,0.7188476319212982,1140,1
778,856.1806250447966,7,0,0,0,2,0.4164413647755967,366,0
779,1017.9708589347977,12,0,0,0,1,0.6893529623365123,946,0
780,2039.9327029633746,4,0,0,0,0,0.3702264089777598,285,0
781,1309.8933503483684,21,0,0,0,4,0.3993661691852849,1779,0
782,288.4886204405263,21,0,0,0,2,0.3213662266495594,1079,0
783,1603.907071069581,16,0,0,0,2,0.9894331447155401,1494,1
784,2019.460640894729,2,0,0,0,0,0.5049018974346323,1335,0
785,1919.4432479233985,5,0,0,0,5,0.22200000738965298,423,0
786,3231.7553659716614,13,0,0,0,3,0.5671386748057481,1721,0
787,2524.8126843678883,14,0,0,0,3,0.46901700294090076,1043,0
788,1735.7243173301215,13,0,1,0,2,0.7788868884719743,646,1
789,1022.3245546920283,10,1,0,0,1,0.9357693706813426,1714,0
790,208.31243967605226,10,0,0,0,3,0.11073511256764867,1571,0
791,1685.1640871321908,8,0,0,0,3,0.9812063220636668,1654,0
792,1349.7675712472205,5,0,0,0,3,0.164908976934385,512,0
793,1438.8203237315136,14,0,0,0,3,0.2733060313699228,767,0
794,305.8979116348132,11,0,0,0,2,0.7753661922749706,939,0
795,372.01845363621135,5,1,0,0,3,0.1554515156038293,241,1
796,3143.69095930992,0,0,0,0,1,0.8174977949035281,56,0
797,1054.1023663329843,15,0,0,0,0,0.6734896572537058,1316,0
798,2167.870649733666,19,0,0,0,5,0.8052911707839233,1013,0
799,1128.1319206272492,14,0,0,0,1,0.5634317489699933,1551,0
800,1129.7550739495157,1,1,0,0,2,0.9841452530160989,805,0
801,2802.546664899193,16,0,1,0,4,0.5929373321657543,1206,0
802,654.5547750621166,2,0,0,0,1,0.3955447428218961,619,0
803,1207.27469115565,2,1,0,0,0,0.9664436051647277,1745,1
804,690.713216809114,4,1,0,0,1,0.07363639924971421,637,0
805,710.1695700440215,16,1,0,0,2,0.5146445360076,8,0
806,804.9884073692743,22,0,0,0,0,0.632084037620202,1549,0
807,1369.4079493171525,16,0,0,0,2,0.3454176726407894,1349,0
808,679.4280751613259,19,0,0,0,5,0.09201211363390482,960,0
809,3849.7216484857777,5,0,0,0,3,0.4100424430027835,691,1
810,448.26864099619036,0,0,0,0,2,0.8105798977550821,664,0
811,909.7122637580292,6,0,0,0,7,0.5711564808415929,474,1
812,706.4616660682948,14,1,0,0,0,0.7578793835147598,595,0
813,4660.965452707432,6,0,0,0,2,0.7176749082457584,1091,0
814,1334.8240661728898,18,0,0,0,1,0.2865576722935975,520,0
815,3077.4128507733326,19,0,0,0,2,0.25352071306423163,1050,0
816,248.25082519374206,21,0,0,0,0,0.7909920677096438,558,1
817,1432.3192546578302,10,0,0,0,2,0.17016297437167516,1512,0
818,2669.458163078133,22,0,0,0,1,0.5653209803084347,1759,0
819,1190.6849268077515,13,1,0,0,1,0.9564214277649039,733,0
820,3182.6847324083487,12,0,0,0,2,0.5254777935569716,1375,0
821,653.7411970020423,19,0,0,0,0,0.8067014103784071,1107,1
822,4488.830325307732,8,0,1,1,0,0.2561379310018844,175,1
823,10925.97350080648,8,0,0,0,2,0.05802347952828424,148,0
824,762.926304073765,15,0,0,0,0,0.34825575481219306,1069,0
825,702.3960920527643,11,0,0,0,2,0.5749222398657359,982,0
826,4690.922218185202,9,0,0,0,2,0.6399252162761191,1437,0
827,5321.82807127272,5,0,0,0,3,0.5361761888214328,685,0
828,650.1089556028485,17,0,0,0,4,0.43291993010540497,1035,0
829,720.4047327570734,1,1,0,0,4,0.9853964262598819,1537,0
830,827.3397154428994,19,0,0,0,2,0.6885037925882969,1673,0
831,285.8735239233473,8,0,1,0,0,0.9538127746155574,722,0
832,437.61873073461146,18,0,0,0,0,0.17656878808128962,1281,0
833,401.76174277383893,5,0,0,0,1,0.9995444905261619,1477,0
834,508.8750142855099,1,0,0,0,5,0.7030048704990408,1079,0
835,1059.2486474514767,14,0,0,0,3,0.971946260375507,1519,1
836,1386.0520491396169,16,0,1,0,3,0.6059920749456558,972,0
837,5169.340997864922,15,0,1,0,3,0.15400698707099658,536,1
838,404.0933676325653,20,1,1,0,1,0.34807716167432545,229,0
839,2934.58814923819,7,1,0,0,3,0.052998406383693575,1144,0
840,885.3748864070186,9,0,0,0,2,0.15145014150931313,1310,0
841,1043.7093093461706,9,0,0,0,1,0.9984017650566496,211,0
842,2153.4349387354273,17,0,1,0,2,0.9158396186071703,1191,1
843,356.83660161194626,9,0,0,0,0,0.9018111023442673,40,1
844,1607.4586718224584,8,0,0,0,3,0.002034314520475533,315,0
845,1295.2411955915688,23,1,1,1,0,0.4505437812581705,240,0
846,1794.4453644448022,18,1,0,1,1,0.78201423065074,309,0
847,1464.3527924027749,0,0,0,0,0,0.22661199148449795,85,0
848,12775.699128947776,3,0,0,0,4,0.4200761994525368,279,0
849,579.5546801250401,23,0,0,0,1,0.20491401818132204,754,0
850,644.8405294076566,2,0,0,0,0,0.6926740818851789,771,0
851,588.0779302616121,9,0,0,0,0,0.7040290088171233,201,0
852,629.2463798246171,11,0,0,0,2,0.28272027131972366,142,0
853,579.7592161026604,17,1,0,0,1,0.4772925361225071,543,0
854,3601.1788569603414,22,0,1,1,2,0.45170707900240326,1783,0
855,4539.191756526457,19,0,0,0,1,0.7779791165982293,518,0
856,619.7112887330609,5,0,0,0,2,0.6751723298872746,1921,0
857,477.06102937938846,20,1,0,1,3,0.06822135974593413,1483,1
858,1757.0921890446575,1,0,0,0,3,0.15106472358979572,695,1
859,631.2973298247286,9,0,0,0,4,0.8399659995972656,236,0
860,2065.0956372387554,1,0,0,0,2,0.9655533662294432,469,0
861,1343.3516761092587,8,1,0,0,4,0.6363821518837993,1654,0
862,240.8696425824411,9,0,0,0,3,0.36477053563222617,274,0
863,5153.880480732712,1,0,0,0,1,0.2210822670806546,1368,0
864,6606.951776116647,7,0,0,0,3,0.7435588562273429,1146,0
865,594.1972348890724,23,0,0,1,1,0.6383988786514332,326,0
866,744.1915341416945,16,1,0,0,4,0.9088984622087414,751,1
867,1459.5236447201855,16,0,0,0,3,0.9031319629508672,1570,0
868,1532.1952500407372,3,0,0,0,1,0.3071843113098972,1224,0
869,2118.6709753702553,17,1,1,0,1,0.8029192580465165,657,1
870,8186.195498045213,11,0,0,0,2,0.25359538352851985,1311,0
871,918.7855765069099,16,1,0,0,1,0.7819919403080846,606,0
872,493.58878695217857,8,0,0,0,2,0.1681062632405621,1004,0
873,276.07726494302364,18,0,0,1,0,0.34770381499663283,380,0
874,527.9861012966938,13,0,0,0,0,0.08594356193745378,1758,0
875,1060.9001524099417,13,0,0,0,1,0.29577451578851266,1282,0
876,6598.237609668008,16,1,0,1,2,0.3181549839484943,1693,1
877,653.5301714188273,1,1,0,0,0,0.6686771564658381,656,0
878,1371.6750711627053,7,0,1,0,0,0.7152550392664203,837,0
879,1078.7703470669544,4,0,1,0,2,0.5880372463337845,1222,0
880,3598.9350939485007,6,0,0,0,1,0.7700824982110811,82,0
881,13724.425751094603,21,0,0,0,4,0.45157272030562357,77,0
882,644.9231917067497,15,1,0,1,2,0.6279140083495994,931,0
883,672.2031204878804,15,0,0,0,4,0.35925840712824086,442,0
884,3115.549677307731,16,1,0,0,0,0.5213278750824683,1924,0
885,2168.7180023492124,21,1,0,1,4,0.14106421417700943,1288,0
886,6951.462344705407,6,0,0,0,0,0.6109894236049849,1313,0
887,1966.3379542043954,19,1,0,0,4,0.20494406064393222,438,0
888,765.63680256773,7,1,0,0,3,0.46086556554233415,1355,0
889,1979.6093984001293,7,0,0,1,0,0.6654514371013783,1159,0
890,3323.2668882517387,22,0,0,1,2,0.42783816661480034,1049,0
891,2491.10628311186,10,0,0,0,1,0.22315562357776408,403,0
892,1821.2421205571898,14,0,0,0,1,0.666195075224988,954,0
893,3186.488129783218,17,0,0,0,4,0.8525333584443545,1340,0
894,3530.8559187802102,5,0,0,0,5,0.5003995521880069,707,0
895,4368.430153919711,21,0,0,0,2,0.5576487049511838,874,0
896,2097.937267870767,11,1,0,0,3,0.39086596911350235,420,1
897,927.8609838538455,14,0,1,0,1,0.5831971555587764,1217,0
898,1269.9257160380387,22,0,0,0,4,0.49530489208269124,103,0
899,3664.726425978552,5,0,0,0,1,0.7465775881973966,571,1
900,484.4742726099993,17,1,0,0,0,0.24026186249343195,1514,0
901,1585.52887997825,23,1,0,0,2,0.48621959146501903,483,0
902,740.0081411358557,19,0,0,0,1,0.31622796541937104,1781,0
903,1128.61311147355,8,1,0,0,1,0.094423326512584,523,0
904,3938.0929513185783,7,0,0,0,3,0.3865021456830725,302,0
905,1327.561484458619,13,0,0,0,1,0.953160819570559,1116,0
906,1148.7578970932261,18,0,0,0,1,0.46048864551604174,1095,0
907,281.5032123387832,18,1,0,0,1,0.5456226492199747,78,0
908,2312.8910690447806,7,1,1,0,1,0.7422373471357288,341,0
909,2091.180841080326,1,0,0,0,4,0.9847975811975362,1286,0
910,9540.056847723616,3,0,0,0,2,0.4117749836264415,1508,0
911,806.1112538451314,5,0,0,0,1,0.517675439896141,993,0
912,1365.328485879818,2,0,0,0,2,0.9685125068974364,1671,0
913,1407.2372776261846,2,0,0,0,3,0.42878389437712705,1981,0
914,5310.563768876854,18,0,0,0,1,0.7903313999014197,828,0
915,996.953837626977,10,0,0,0,1,0.44383400453364963,1183,0
916,1449.5689650943852,9,0,0,0,1,0.22764020120607398,114,0
917,2014.0371313284797,11,0,0,0,2,0.9363289682312893,219,0
918,1321.6141681428976,13,0,0,0,3,0.7120540061219738,23,0
919,701.7424002342508,17,0,0,0,0,0.8635371756672059,1921,0
920,1331.5380649925046,23,1,0,0,4,0.11608645633354286,681,0
921,3208.7340130026255,8,0,0,0,1,0.7049044607316718,346,0
922,392.87233060856954,14,0,0,0,3,0.640404311670543,1060,0
923,1252.5912369106522,23,0,0,1,1,0.48397218619824456,1209,0
924,544.5061216779255,2,0,0,0,2,0.1420960633651418,547,0
925,3622.959922703507,22,0,0,0,2,0.41477993383057854,50,0
926,239.08355544731876,10,1,0,0,1,0.6176867645738418,879,1
927,627.0825262144775,9,0,0,0,0,0.6774724144834805,821,0
928,1599.1249862912166,17,0,0,0,3,0.11698107620059117,1475,0
929,5247.58909039507,3,0,0,0,2,0.4438249944061132,246,0
930,1026.8485584483055,12,1,0,0,1,0.4255184848404706,1748,0
931,629.4210781259234,5,0,0,0,2,0.7862444983836822,1972,0
932,7195.111164465832,20,1,0,0,3,0.04120868736318406,170,1
933,257.74896299307954,12,0,0,0,3,0.7854894091792419,1173,0
934,121.65559288395757,19,0,0,0,2,0.7835237389091837,158,1
935,1702.7748261600316,4,0,0,0,2,0.6970935113447925,765,0
936,663.7766853382235,19,0,0,0,3,0.8997535449438423,1599,0
937,394.95316287450095,13,0,0,0,2,0.46516869868695954,1062,0
938,2226.8792554269144,12,0,0,0,3,0.09609043064811684,1066,0
939,1399.4026049287122,13,0,0,0,2,0.33150027952151306,1914,0
940,623.8571209179743,7,0,0,0,0,0.6112493783082865,606,0
941,304.8121244282022,15,0,1,0,1,0.3228957233765547,1050,0
942,2624.005715645443,12,0,0,0,2,0.6329475704696312,774,0
943,2101.068235523842,23,1,0,1,2,0.04362314533644096,1495,1
944,993.0928222082956,14,0,0,1,4,0.07034202344042495,1927,1
945,6950.973467716485,18,0,0,0,1,0.010515917546160214,895,0
946,376.12262993989566,0,1,0,0,1,0.9759588548489374,93,0
947,238.525167548928,21,1,0,0,2,0.26164245124863483,492,0
948,548.9964252581027,1,0,0,0,0,0.7955533135055408,404,1
949,1047.7643509616803,17,0,0,0,3,0.8868443867789301,459,1
950,1398.757259106895,18,1,0,0,5,0.1576093206826361,134,0
951,861.5765788437029,7,0,0,0,0,0.19912173012211654,724,0
952,1559.3984182059428,2,0,0,1,0,0.3823594234232651,690,0
953,313.7073596806051,22,0,0,0,2,0.5040633790686035,539,0
954,4646.012501208353,13,0,0,0,2,0.5347422986539961,1246,0
955,1010.1446542476957,8,1,0,0,1,0.38568384972004377,80,1
956,3351.944256657093,7,0,0,1,5,0.5862279901029291,944,0
957,1544.9168148753374,16,0,0,0,2,0.7360850717138548,1016,0
958,1731.5170645556168,22,0,0,0,3,0.7001225639165406,1441,0
959,1938.6890577890888,22,0,0,0,3,0.030208023492392932,207,0
960,1715.9266939933311,23,0,0,0,1,0.5932964244665797,1504,0
961,2085.414175579811,15,0,0,0,4,0.712625202480662,341,0
962,4142.905076899427,9,0,0,0,2,0.20067274780209055,995,0
963,1334.7792077477536,20,0,0,1,2,0.6036197781690794,1974,0
964,2228.3212039253667,9,0,0,0,3,0.11082590104121537,1128,0
965,1002.5121769723328,23,0,0,0,4,0.6649488117574034,1665,0
966,4629.0975545098045,5,0,0,0,4,0.6204077789730028,1178,0
967,557.5809518698446,21,0,0,0,3,0.24095866322512993,1140,0
968,6640.486002308975,16,0,0,0,2,0.8753260859289836,740,0
969,1053.4671482855981,15,1,0,0,2,0.8065810471753475,1499,0
970,262.2307648267571,14,0,0,0,1,0.7390066985181595,1654,0
971,1246.5118566985452,21,1,0,0,1,0.45955720129470323,1617,0
972,554.9890270806444,13,0,0,0,1,0.22689228950687246,448,0
973,2541.8401062112957,3,0,0,0,1,0.782179840873815,1340,1
974,570.9924691544153,3,0,0,0,2,0.21454886681464502,1807,1
975,701.9179850483986,1,0,0,0,2,0.48693543185836485,1775,0
976,165.74645961590485,10,0,1,0,0,0.3786960085323815,662,0
977,697.6333517669693,3,0,0,0,1,0.20199936992962664,1818,0
978,97.13683682858996,20,0,0,1,1,0.6146324457695754,1673,0
979,224.99927422088828,20,0,0,0,2,0.9820701423576591,33,0
980,2345.877135997246,15,1,0,0,1,0.47627530215286407,572,0
981,2406.190712209623,20,0,0,0,2,0.4995320510950755,1723,0
982,1678.167262579401,3,0,0,0,0,0.37273668771054513,1547,0
983,416.97399463593763,0,0,0,0,5,0.22828169114172614,915,0
984,1045.5398604361812,23,1,0,0,1,0.2825742708042336,1532,1
985,1092.6896022798467,18,0,0,0,1,0.8758215217370326,1685,0
986,344.34198666128816,1,1,0,1,5,0.9481209374207741,1194,1
987,4931.499119101533,8,0,0,1,1,0.8262341024079166,770,0
988,2636.9079814399684,22,0,0,0,1,0.02644564594386234,11,0
989,879.2205938139331,12,0,0,0,6,0.6077983981066061,1715,0
990,1126.5169867592663,17,0,0,1,2,0.549272454468162,1778,0
991,1350.7061489147889,15,0,1,0,1,0.7747645066689882,703,0
992,142.34662888610197,15,0,1,0,3,0.7805597984405851,388,0
993,856.4728491364403,9,0,0,0,1,0.43811150663641474,1928,0
994,554.4716908425972,8,0,0,0,0,0.28753115578245003,1071,0
995,402.7757639553583,10,0,0,0,2,0.09730330167778534,265,0
996,827.9060709875301,3,0,0,1,0,0.6113221267509642,1768,0
997,6618.913600973738,9,1,0,0,3,0.2736073256479097,170,1
998,2081.497491027978,2,0,0,0,2,0.9646389868597111,1194,1
999,619.4432001212442,5,0,0,0,0,0.04674805373407287,1153,0
1000,1944.155130266077,2,0,0,0,2,0.9642902696023352,133,1
1001,4444.201254769847,8,1,0,0,0,0.49575075615701636,112,1
1002,2764.551467548191,2,0,0,0,3,0.6065891391110115,1742,0
1003,1164.0148313504,17,0,1,0,4,0.5835355659703118,1122,0
1004,574.2490701322096,7,1,0,0,6,0.7527074332958499,1609,1
1005,2204.4279334619614,21,0,1,0,2,0.09090359008240712,830,0
1006,1625.3612624702553,7,0,0,1,3,0.8878520950725513,482,0
1007,2684.3481962605106,14,0,1,0,2,0.7910463025571776,1136,0
1008,2069.7266029808507,12,0,0,0,1,0.8501655870137611,1041,0
1009,3132.3935862376165,6,0,0,0,4,0.4853797580045923,1635,1
1010,642.1133132078925,18,1,0,0,3,0.6978039405072091,358,0
1011,4094.476157485072,7,0,0,0,3,0.4572642378562898,1187,0
1012,1336.2194568184634,9,1,1,0,3,0.1303566092406332,1126,1
1013,8736.464546011017,16,0,0,0,1,0.3020058293516976,1907,0
1014,550.4918668341882,0,0,0,0,1,0.2784105237461486,1728,1
1015,6222.7287988328135,12,0,0,0,1,0.16603543976604052,1135,0
1016,1336.6353246470821,12,0,1,0,1,0.2413159970695149,986,0
1017,571.6814875764384,23,0,0,0,0,0.4985139710992962,626,0
1018,675.9466588788391,15,0,0,0,1,0.4222126964063624,418,0
1019,796.0425918846423,8,0,0,0,4,0.3291641772548729,372,0
1020,1676.001115143543,9,0,0,0,5,0.9067215188330018,382,1
1021,1849.8049647132584,5,0,0,0,3,0.7787090789817636,243,1
1022,617.8835418313846,4,0,0,0,1,0.002519520343347126,376,0
1023,1070.2477125720616,1,1,0,0,1,0.5703617479408565,689,0
1024,9341.950651480669,10,0,0,0,3,0.6998742699226039,966,0
1025,6170.549482718117,8,0,0,0,1,0.053406163842326215,1382,0
1026,1696.5018414664962,5,0,0,0,2,0.11399963238101385,197,0
1027,1139.1110746828597,7,0,0,0,4,0.2785619783070018,1036,0
1028,1236.489168006717,8,0,0,0,0,0.6138345926542231,782,0
1029,2025.3908489236765,8,0,0,0,3,0.9231233983492578,1290,0
1030,394.33761561599454,7,0,0,0,2,0.485852778333855,414,0
1031,847.7819451536046,11,0,0,0,2,0.982301731827893,1483,0
1032,206.73048211253231,7,0,0,0,2,0.9367402417346801,1356,1
1033,1634.7139642361099,2,0,0,0,2,0.6373599925507387,1960,0
1034,2094.7635032405487,12,0,0,1,4,0.4579841179531381,1435,0
1035,676.4195622282574,18,0,0,0,1,0.6815819618449546,1985,0
1036,5292.186483073682,1,1,0,0,1,0.7912016584982198,701,1
1037,321.8978750462571,16,0,0,0,2,0.943071029112013,1628,1
1038,253.56624738312817,15,0,0,0,3,0.7535168620256113,949,0
1039,1372.585983197641,3,0,0,0,1,0.3915555012654999,148,0
1040,3124.714826892747,17,0,0,0,4,0.49330287973754006,1688,0
1041,5907.202756237493,13,0,0,0,1,0.04701364609162251,27,0
1042,693.0594189404139,1,0,1,0,6,0.02874483229833058,202,1
1043,3224.9761486377893,12,1,0,0,1,0.28151546276671,347,1
1044,1055.2062564008452,20,0,0,0,2,0.8060989101337832,418,0
1045,922.7632490771721,19,0,0,0,0,0.3192439495803614,362,0
1046,2653.5666971411,16,0,0,0,3,0.11691562172325665,1431,0
1047,2105.530805398835,14,0,0,0,1,0.3561287563899509,1040,1
1048,226.69553076741838,19,0,0,0,2,0.30557482619894927,1202,0
1049,4800.8120022578905,4,1,0,0,1,0.9893169714299976,536,0
1050,4359.407157935954,6,0,0,0,0,0.9713558618354952,1344,0
1051,586.6552262656941,17,1,0,0,2,0.7369270208138631,219,0
1052,1629.133461023619,23,0,1,0,1,0.8289307901436899,1723,0
1053,1797.2808921511057,10,0,0,0,2,0.2538576577387599,805,0
1054,1423.2151279453522,17,1,0,1,3,0.5376744831242437,76,1
1055,632.5092507298607,4,0,0,1,3,0.9984949171538517,610,1
1056,560.2463692449206,12,1,0,0,5,0.3232142026729907,1505,0
1057,1068.9647428058015,17,0,0,1,2,0.9861909913878313,1721,1
1058,3542.999696697573,1,0,1,0,3,0.1882578550784707,1378,0
1059,1888.6171141277957,19,0,0,0,3,0.6201410856733995,236,0
1060,757.0169679488322,3,0,0,0,2,0.7819398815693124,1803,0
1061,2372.4980549405077,12,0,0,0,0,0.5931786064212349,1661,0
1062,63.526515099716455,23,0,0,0,5,0.3089055134597727,1249,0
1063,3459.106855123882,15,1,0,0,3,0.8139843256552437,1564,0
1064,192.53659146992112,5,0,0,0,3,0.20174550419657689,971,0
1065,763.2297184133934,7,0,1,0,1,0.4302863407067852,743,0
1066,357.92737595965883,15,0,0,0,1,0.27973990100511514,95,0
1067,300.4611689854156,12,0,1,0,2,0.49539082972182635,222,0
1068,3501.0800562652103,22,0,0,0,1,0.3874138715153851,918,0
1069,686.9756163747096,3,0,0,0,3,0.17909794498268716,1160,0
1070,1550.7653802247846,1,0,0,0,0,0.7418877790806463,495,0
1071,1046.366976574377,8,0,0,0,1,0.17662102510080258,1210,0
1072,1767.004161119252,17,0,0,0,6,0.54564521848216,1283,0
1073,1184.199018254294,16,0,0,0,1,0.8045781949006705,147,1
1074,303.99394267953136,7,0,1,0,3,0.4832690158247023,1878,0
1075,2969.8502790955945,14,0,0,0,3,0.8868593043778605,1766,0
1076,669.3073802324784,8,0,0,0,0,0.4288094855075174,707,0
1077,231.2312059079148,16,0,1,0,1,0.9707093259291866,1814,1
1078,714.7156984207936,22,1,1,0,1,0.024903087274376068,1293,0
1079,4918.504454596464,1,0,0,0,3,0.7910717742642875,1649,0
1080,2566.303311267558,5,0,0,0,3,0.7078592241403336,1697,0
1081,773.8266372279166,4,0,0,1,1,0.6110714906922246,655,0
1082,773.3581729586631,16,0,0,0,5,0.29610626219328495,197,0
1083,795.0181533392438,1,0,0,0,0,0.6107143577611726,1652,0
1084,8749.466303107129,17,0,0,0,0,0.5945708685936004,267,0
1085,1606.6964446696766,9,0,1,0,0,0.14940251123721437,1826,0
1086,1685.8777839788045,9,0,0,0,0,0.879845002237026,1374,0
1087,3072.612494247192,5,0,0,0,4,0.5346153765478711,189,0
1088,1392.4069663188698,11,1,0,0,3,0.08905536269655712,579,0
1089,846.3710477540882,16,1,0,0,2,0.39156789306016637,304,0
1090,901.1305583276079,12,0,0,1,2,0.21651726135783567,507,0
1091,1020.858011666043,19,0,0,0,4,0.1686316343134796,1793,0
1092,1056.5643707384904,15,0,0,0,1,0.94636778422548,861,0
1093,2270.2143733984967,9,0,0,0,4,0.6748312152720146,1942,0
1094,1155.1042582986283,20,0,0,0,1,0.3015849543714696,890,0
1095,2281.6179037754127,1,0,0,0,0,0.678351587682866,94,0
1096,1011.5948460078463,1,0,0,0,0,0.8030403858488192,53,0
1097,1186.3482734854047,22,1,0,0,1,0.31693174687098613,1194,0
1098,148.68044158603058,6,0,0,0,3,0.9848135974479875,1056,0
1099,2741.68417976826,5,0,0,0,3,0.8814520727132349,1003,0
1100,1550.7414895767733,0,0,0,0,5,0.7971310041244846,1142,1
1101,2975.032106016009,11,0,0,0,2,0.715248265641634,930,0
1102,60.566662734212095,12,0,0,0,0,0.03873946279506102,1931,0
1103,8851.787586502429,11,1,0,0,2,0.02240374208772078,238,0
1104,953.7583827803634,18,0,0,0,2,0.1648167543295379,1672,0
1105,3321.5367015561883,8,0,0,0,0,0.9169274208124156,463,0
1106,387.64658955151526,9,0,0,0,2,0.2173318828279478,1166,0
1107,2023.8843816045537,16,0,0,1,3,0.7011353119336388,1062,0
1108,382.44484118910486,17,0,0,0,0,0.979901473545035,366,1
1109,587.7084780365722,7,1,0,0,0,0.9372751788201487,1214,1
1110,7435.5761974466795,6,0,0,0,1,0.4002960584437344,754,0
1111,906.2521687202603,8,0,0,0,1,0.6811049749848527,1905,0
1112,1362.9856088175632,9,0,0,0,4,0.7592979232865729,413,1
1113,2617.74288371175,11,1,0,0,4,0.5495213834760384,1993,0
1114,1800.2519169857635,14,0,0,0,3,0.5230297421755965,276,0
1115,1274.6397965181727,14,0,0,0,1,0.22350152968443182,301,0
1116,1579.6538227126207,3,0,0,0,2,0.6759052396885638,381,0
1117,12129.740218213014,3,0,0,0,1,0.2938040540110801,1642,0
1118,1035.2323807547343,22,0,0,0,2,0.30860558989822984,1600,0
1119,1340.9036706240672,0,0,0,0,2,0.2657062874422156,143,0
1120,3135.846385351489,11,0,0,0,3,0.06582602120552827,1611,0
1121,3312.72347761098,1,0,0,0,0,0.8436529337011506,1144,0
1122,3594.033202304818,14,0,0,0,2,0.8630639404894852,226,1
1123,2077.1046796017395,16,0,0,0,0,0.7237549112342626,1055,1
1124,349.67183042174594,6,0,0,0,2,0.9277410416397055,1885,0
1125,5616.317799311544,5,0,0,0,1,0.6313332520798706,1049,0
1126,348.50570735481955,11,0,0,0,4,0.6396300379168105,504,0
1127,1484.2063519487854,18,0,0,0,3,0.8876787691106351,715,0
1128,515.8026081665207,0,1,1,1,1,0.20854234834265184,514,1
1129,1028.5050852395161,20,0,0,0,1,0.4354673929967099,553,0
1130,1523.4951429034436,13,0,0,0,3,0.7041380878669135,840,0
1131,1512.2550334769264,3,0,0,0,1,0.2686567144512043,130,0
1132,1672.2423916757425,4,0,0,0,0,0.22862336459775456,614,0
1133,5506.647452022705,0,0,0,0,1,0.898271573810741,181,0
1134,1725.9524146126369,0,0,0,0,2,0.9960075981194132,1474,1
1135,859.0639486810849,20,0,0,0,1,0.3864083182851712,1736,0
1136,2875.8028553680447,5,0,1,0,5,0.23660435056150952,223,0
1137,3602.81401137068,4,0,0,0,2,0.4044594977474064,545,0
1138,321.3054360375312,1,0,0,0,2,0.30385228417538324,472,1
1139,1993.0074730406773,20,0,1,0,0,0.821758881395797,118,1
1140,2210.9393342058775,4,0,1,0,4,0.9009627331098424,1817,0
1141,814.3876626206003,8,0,0,0,2,0.3909215299951837,385,0
1142,4340.335001111083,18,1,0,0,2,0.5995762861694197,1114,0
1143,943.8284405911484,20,0,0,0,3,0.07876364562121752,1390,0
1144,1243.3647024096051,14,0,0,0,2,0.4621885076850205,405,0
1145,922.3531495064598,12,0,0,0,3,0.0068377969940646155,1751,0
1146,1113.8514324906416,11,0,0,0,4,0.6710946758918697,1892,0
1147,366.3997363037821,4,0,0,0,2,0.1760207024104835,1332,0
1148,259.80961619932185,1,0,0,0,2,0.8780416350610766,1084,0
1149,5401.894817992773,3,0,0,0,3,0.6300287648058939,1584,0
1150,470.14382177997373,17,1,0,0,1,0.9281321914765218,1859,1
1151,406.916355892333,20,0,0,0,3,0.9381670702221078,1912,0
1152,127.308068635727,9,0,0,0,5,0.1691633446271107,1541,0
1153,578.8470337826733,12,0,0,0,0,0.5131653883375621,1373,0
1154,292.0456736343561,11,0,0,0,2,0.1954606650512689,27,0
1155,5664.733675770138,1,0,0,1,4,0.45313872645163367,1564,0
1156,3010.366434418008,14,0,0,0,1,0.4500942725318543,910,0
1157,551.0632835976722,13,0,0,0,2,0.7357499177064724,364,0
1158,10429.940104327168,9,0,0,0,2,0.9761227562954988,1798,1
1159,2927.0942517947055,21,0,0,0,2,0.6289683425945565,1038,0
1160,792.4810679875405,7,0,0,0,3,0.8160338128404034,1299,1
1161,90.07064304181839,14,0,0,0,1,0.4036613409840235,1409,0
1162,10839.396202769252,12,0,0,0,4,0.07282312120505452,1272,0
1163,273.26104121168345,7,0,0,0,3,0.5146718865152562,1342,0
1164,211.579592811398,20,0,0,0,0,0.903933241878201,29,1
1165,3049.004527833567,20,0,1,1,1,0.24025747060866653,168,0
1166,12578.602138816657,21,0,0,0,1,0.26286074837219586,247,0
1167,4377.674028128524,13,0,0,0,2,0.10478467217233745,263,0
1168,1927.3651078904652,0,0,0,0,3,0.9968202209289327,1108,1
1169,1987.7414862537944,12,1,0,0,4,0.41473440888651547,1708,0
1170,2574.5127162440945,7,0,0,0,1,0.29887403194460227,251,0
1171,2342.3935959334704,17,0,0,0,2,0.926772001569501,1354,0
1172,1452.7177972682423,21,0,1,1,1,0.8112414178991173,870,1
1173,1217.0693843214276,8,0,0,0,2,0.8769658922959357,1021,0
1174,1030.0955790374626,12,0,0,0,0,0.9504143204327478,1606,0
1175,515.9631824698698,2,1,0,0,5,0.8567860732618267,1933,0
1176,828.2581847681959,17,0,0,0,0,0.9856544116412534,589,1
1177,201.75280003798707,9,1,0,0,1,0.6393462796235975,712,1
1178,993.9236304832887,4,0,0,0,1,0.24089231798841804,1375,0
1179,408.05782522288143,5,0,0,0,2,0.1671329873692039,1937,0
1180,363.7295812117058,7,0,1,0,1,0.6022653988232091,1648,0
1181,1312.7692957755755,23,0,0,0,1,0.3588798956206597,1814,0
1182,4411.642227651759,6,0,1,0,1,0.13124322476760875,594,0
1183,2747.142627687213,20,0,0,0,0,0.7972638893210963,1669,1
1184,228.03506166790515,17,0,0,0,3,0.34978794838780614,1801,0
1185,407.6348765962891,13,0,0,0,2,0.4451684698868067,465,0
1186,2809.526346029867,14,0,0,0,2,0.6117856628733538,326,0
1187,410.55610997656004,9,0,0,0,4,0.4019943686887335,1657,0
1188,876.0006649425801,20,0,0,0,5,0.8662698131193453,949,0
1189,1900.8417607614522,11,0,1,0,1,0.9824215385461159,69,0
1190,416.40383439356185,6,0,0,0,0,0.385271689344845,1439,0
1191,1218.4995529089142,6,0,1,0,3,0.17837649939572808,875,0
1192,288.86934864553484,10,0,0,1,5,0.2781247601127621,686,0
1193,601.022490750477,12,0,0,0,3,0.6739587033730637,131,0
1194,1509.8746817441934,14,0,0,0,2,0.0822757841603301,1298,0
1195,222.96309544085995,17,1,0,0,1,0.674616046165422,439,0
1196,1703.5587732278068,6,0,0,0,4,0.5276590260993963,1903,0
1197,1075.3077740996057,5,0,0,0,4,0.045354753967570605,19,0
1198,1905.481391174576,22,0,0,1,1,0.4107155960342662,1214,0
1199,1371.8481633709112,10,0,0,0,3,0.23057408496971177,270,0
1200,4290.422234219535,7,0,0,0,1,0.13019560753548232,765,0
1201,1242.9271761768885,19,1,0,0,1,0.9409026071283768,339,1
1202,713.7940382378756,0,1,0,0,1,0.2910305411513051,658,0
1203,1239.2944479006685,7,0,0,0,2,0.49405699419146076,445,0
1204,1888.0466008159237,7,0,1,0,1,0.6120446260091909,580,0
1205,1151.5453136428712,18,0,0,0,3,0.6289602285342734,808,0
1206,1142.0631554744766,2,1,0,0,1,0.38140082271982356,628,0
1207,543.4883722853658,4,0,0,0,1,0.2695173162395811,1380,0
1208,565.1544645965629,2,0,1,0,2,0.5648928738728664,250,1
1209,269.7227900881772,14,0,0,0,2,0.7946711043644239,1530,0
1210,6308.017631540735,13,1,0,0,3,0.8949925090038836,957,0
1211,316.12470272206514,20,1,0,0,3,0.5914858598889131,1580,0
1212,548.4492784304495,14,0,0,0,2,0.528796718067563,166,0
1213,534.6395248271424,23,0,0,0,2,0.9659127442655364,1321,0
1214,2683.626624813895,16,0,0,0,3,0.20307025205460116,131,0
1215,816.5191139150907,17,0,0,0,6,0.016821191230326216,1511,0
1216,3818.993070233032,1,0,0,0,2,0.49252045261617017,526,0
1217,559.201221761923,11,0,0,0,2,0.057928929197170076,1300,0
1218,1449.5293002892377,15,0,0,0,1,0.05919205229740032,591,0
1219,475.63604324856794,3,1,0,1,2,0.03293381418360741,1052,0
1220,9368.882717926272,1,0,0,0,3,0.6183168711550598,1100,0
1221,334.42130187817924,13,0,0,0,2,0.6257915043249304,1975,0
1222,1494.909143242315,10,0,0,0,3,0.25567860183333724,1316,0
1223,2066.8415111008744,12,0,0,0,4,0.44980555147893064,742,0
1224,1658.7160155548195,6,0,0,0,1,0.4188490598635122,1405,0
1225,911.1543764372859,9,0,0,0,2,0.49294683381652593,579,0
1226,963.1212382262026,23,0,0,0,2,0.19951243414199082,932,0
1227,1145.7462747029072,0,0,1,0,2,0.8127391950018664,1861,1
1228,946.7149061329012,20,0,0,1,4,0.2881798705655072,807,0
1229,2875.2046025249815,3,0,0,0,3,0.3267185813593404,1422,1
1230,10001.82646292972,17,0,0,0,1,0.6506742357866077,1916,0
1231,627.9799347936099,5,0,1,1,5,0.9815379104773226,894,1
1232,278.7170251695266,1,0,0,0,3,0.20440871577096398,1169,0
1233,1003.9705344350475,2,0,0,0,6,0.35788946851956527,1032,0
1234,14468.213326189842,13,0,0,1,4,0.3742770318125411,1894,0
1235,490.94172383838776,7,0,0,0,0,0.5292000578338822,1293,0
1236,5648.3390385540615,15,1,0,0,1,0.8350807507460474,456,0
1237,5870.53361461549,18,1,0,0,2,0.7255772249352826,1848,0
1238,630.436072361367,17,1,1,0,1,0.2054145797914393,1065,0
1239,1937.1693317635536,5,0,1,0,2,0.7127400363879719,1972,0
1240,5588.111217683182,13,0,1,0,0,0.12605721747650933,435,0
1241,750.5995288572293,2,0,0,0,2,0.19178299659806608,1357,1
1242,894.6384229100523,15,0,0,0,4,0.3937633927982046,1297,0
1243,612.9718946649022,0,0,0,0,2,0.3447932418217122,766,0
1244,397.5192137114126,11,0,0,0,1,0.869766989024355,409,0
1245,572.9064586357048,13,0,0,0,1,0.9970067706387922,1099,0
1246,322.4860028368796,18,1,0,0,2,0.2031013179687814,573,1
1247,1134.654488620278,21,0,1,0,2,0.6574223141734948,240,1
1248,507.76907575448007,18,1,0,0,0,0.5824453195368601,34,0
1249,1385.457808686648,8,0,0,0,1,0.7693144803465852,1529,0
1250,231.38994335165216,6,0,0,1,3,0.6996812164747881,941,0
1251,1526.7250532786081,13,1,0,0,2,0.27549681468219145,1898,0
1252,2523.820140988936,4,0,0,0,5,0.8407748849167676,29,0
1253,149.3457902959959,17,0,0,0,3,0.4788449572212362,1804,0
1254,1594.087210918529,8,0,0,0,2,0.9329435342217327,1064,0
1255,3743.0983844342463,20,1,0,0,2,0.5603129041622092,553,1
1256,327.13043701266446,6,0,0,0,2,0.29081495702643656,1474,1
1257,5840.50407808355,8,0,0,0,0,0.8961850597934224,1147,0
1258,1667.397004334397,3,0,0,0,3,0.8262549396538252,1991,0
1259,541.8494223191692,16,0,0,0,3,0.9469382057013449,1463,0
1260,1037.1490422444197,11,0,0,0,1,0.8935355096054709,1331,1
1261,1916.6361294236049,5,1,0,0,3,0.24519942081853652,844,0
1262,1183.2325148014713,17,0,0,0,3,0.8153084421126503,208,0
1263,1879.4904699106562,7,1,0,0,3,0.5941852704134154,1695,0
1264,436.73491400120247,20,0,0,0,4,0.4033167148060727,1492,0
1265,1299.0140388436175,14,0,0,0,3,0.007629534019620632,463,0
1266,266.74296133745,2,1,0,0,3,0.6976194736312887,1934,0
1267,981.1976708959105,1,0,0,0,1,0.8538867238119077,314,0
1268,444.11891739182187,23,0,0,0,2,0.6041671733100586,905,0
1269,525.5629939328654,22,1,0,0,4,0.31072047440849704,1617,1
1270,3774.7641209353037,8,0,0,0,2,0.057640037612199935,766,0
1271,3265.9635747136863,7,0,0,0,3,0.6589761559209418,979,0
1272,2016.539335429955,3,0,0,0,2,0.40372796686392165,471,0
1273,367.85441016138043,1,0,0,0,0,0.49685530233284914,1388,0
1274,799.1842742730248,13,1,0,0,1,0.564288897032804,1966,0
1275,3688.952052100676,1,0,0,0,2,0.7685697445444212,287,1
1276,1263.5960129843413,1,0,0,0,1,0.5367860044439109,891,0
1277,11151.502709744376,21,0,0,0,0,0.5259997420995987,1826,0
1278,1625.0889624597035,6,0,0,0,1,0.4812594625978055,171,0
1279,1328.823331528959,11,0,1,0,1,0.42765406922839155,787,1
1280,805.0332136802092,5,0,0,0,2,0.623009805350111,36,0
1281,1253.306959800775,17,0,0,0,5,0.024399523625595942,1372,0
1282,941.5525517807868,3,0,0,0,0,0.7232111696900367,257,1
1283,2226.3275685424233,18,0,0,0,2,0.3146685130526562,1472,0
1284,2854.643703115604,12,0,0,0,2,0.37263742938844824,1369,0
1285,499.7013097863194,19,0,0,0,3,0.6142218144568229,271,0
1286,289.67715564165167,20,0,1,0,2,0.24737583318411582,238,0
1287,174.82660023418032,22,1,0,0,3,0.658777457131059,1897,0
1288,1822.5489585292682,1,0,0,0,1,0.12768562854445376,1643,0
1289,363.81059682690784,7,0,0,0,0,0.6494751305313753,469,0
1290,127.37167753073467,18,0,0,0,1,0.7172461569546523,674,0
1291,1617.405505427482,8,0,0,0,3,0.699547679283795,1848,0
1292,13266.528890771811,3,0,0,0,4,0.7741772343443221,1061,1
1293,1089.9957634364728,15,0,1,0,1,0.5168788873835246,210,1
1294,2536.373983329422,18,0,0,0,1,0.8647668803663036,1974,1
1295,1190.1437278849771,9,0,0,0,2,0.23355193843267597,688,0
1296,993.3770965683424,5,0,0,0,1,0.3833417055650765,1772,0
1297,2749.2309114646628,15,0,1,0,0,0.9565040618420966,390,0
1298,820.3453874724147,9,0,0,0,2,0.7889362315200675,1931,1
1299,1432.8092606825617,12,0,0,0,1,0.7426220829223789,485,0
1300,1512.7701812688329,8,1,0,0,1,0.7112097615738755,1078,0
1301,562.2291721255104,6,0,0,0,0,0.1104905076411059,1048,0
1302,2957.3306988663535,3,0,0,0,1,0.9506354166539592,1787,1
1303,920.6134518331653,18,0,0,0,2,0.2924872992165185,261,0
1304,515.0452910107738,3,0,0,0,4,0.1443730743321302,113,0
1305,1875.2735921448161,18,0,0,0,4,0.018625260769441043,1266,0
1306,446.54135580407484,18,1,0,0,2,0.38675489808325936,1481,0
1307,1127.977130382786,11,0,0,1,2,0.6726058167347373,1694,0
1308,1086.6784219242081,12,0,0,1,2,0.3917881367986227,1867,0
1309,3248.3276245810052,3,0,0,0,1,0.8087467999369665,1256,0
1310,1762.8696318203029,9,0,0,1,2,0.18156821610073748,1740,0
1311,1069.5283557431894,20,0,0,0,3,0.16972257037785154,1556,0
1312,2484.3499113119456,6,1,0,0,2,0.2663313497868043,577,0
1313,4403.731589553302,4,0,0,0,4,0.054277029428095425,1981,0
1314,1915.6462390875104,16,0,0,0,1,0.8390576965853418,32,0
1315,1108.045154730134,17,0,1,0,2,0.13494957127409946,400,0
1316,295.3507897364154,10,0,0,0,2,0.3800574008340464,1265,0
1317,377.9970294249774,14,0,0,0,2,0.46297341924923685,508,0
1318,808.1723139675978,20,0,0,0,3,0.23489820441451104,41,0
1319,596.1473081435566,21,0,0,0,1,0.884568507718878,1482,0
1320,909.6216074209923,6,0,0,0,1,0.7357591578467084,1033,0
1321,1160.5507140094978,17,0,1,0,3,0.028144054780654182,597,1
1322,1862.5331604370626,5,0,0,0,1,0.43865766071522305,163,0
1323,1021.9841092267002,17,0,0,0,2,0.1377755660806439,481,0
1324,1783.8007930671226,15,0,0,1,2,0.6389474999825078,1010,0
1325,1169.6670501945985,1,0,0,0,3,0.4932600876237565,1662,0
1326,152.09927515105926,18,0,0,0,7,0.8085102220349477,565,0
1327,428.6602324504897,0,1,0,0,5,0.6841462619198101,946,0
1328,949.4780801207509,10,0,0,0,2,0.8185304929917818,1725,1
1329,327.1128626801161,19,0,0,0,1,0.8763317385858325,998,0
1330,1998.0534887498,4,0,0,0,2,0.18063924832264922,732,0
1331,5068.2498124514095,15,0,0,0,1,0.5835578073284303,876,0
1332,3709.906123703272,22,0,0,0,1,0.15918476228299538,1435,0
1333,885.8584094346464,0,0,0,0,1,0.2433487365614887,659,0
1334,4869.400641051127,18,0,0,0,3,0.22743773472150564,1581,0
1335,1272.4092851529088,13,0,0,0,3,0.35310756351896266,375,0
1336,782.8288023721036,2,0,0,0,0,0.7878688484152044,346,1
1337,593.8325257688151,1,0,0,0,2,0.31736846644097394,1034,0
1338,810.4019130141816,23,0,0,0,3,0.7451098704803398,1433,1
1339,743.8379347433777,4,0,0,1,3,0.0008099247496552442,188,0
1340,1300.3857398212267,16,0,0,1,2,0.5786161411807698,897,0
1341,1287.6498074239323,17,0,1,0,2,0.2812018528962551,1715,0
1342,1099.9786177114697,0,0,0,0,1,0.7418812035159729,1372,1
1343,1697.5446623447017,14,0,0,0,4,0.9910973557743593,222,0
1344,3607.052640519385,21,1,0,0,1,0.5322902542228356,580,0
1345,2834.310949908091,8,0,0,0,1,0.5329240482838364,1206,0
1346,248.41532215484978,22,0,0,0,0,0.974416137371764,931,1
1347,85.29184661390994,4,1,0,0,2,0.359228329367993,1092,0
1348,2791.459653315225,12,0,0,0,1,0.39629036667862616,619,0
1349,279.5332649919215,18,0,0,1,1,0.6966187035920159,1274,0
1350,875.8848198545782,23,1,0,0,3,0.4932048258518482,325,1
1351,340.3202118454248,9,0,0,1,2,0.7688815728298799,1583,1
1352,180.9135987674918,19,0,0,1,4,0.41136120206477333,68,0
1353,1884.5846451561488,20,0,1,0,0,0.6889151266192116,765,0
1354,2342.924373385888,13,0,0,0,2,0.7701169921029355,851,0
1355,616.1494817497669,21,0,0,0,1,0.6428248009175979,1692,0
1356,82.18375936076193,20,0,0,0,3,0.20218556604429772,343,0
1357,635.0829064745349,11,0,0,0,1,0.5162385034926219,1272,0
1358,1622.6307087120977,10,0,0,0,2,0.9664743281707681,322,0
1359,249.9068956820399,22,1,0,0,2,0.10424821790127659,732,0
1360,1317.326943728233,6,0,0,0,1,0.7051853400542188,1002,0
1361,1079.9717375352445,16,1,0,0,1,0.7881217567388843,1035,1
1362,1957.2417674579342,17,0,0,0,3,0.6750267391983562,1135,0
1363,1235.9316886578831,6,0,0,0,2,0.11261776848614213,862,0
1364,414.44118021692975,23,0,0,0,1,0.07478089621025974,598,0
1365,3628.4886897882775,19,0,0,0,2,0.5067039036465923,125,0
1366,935.8642435096742,5,0,1,0,1,0.321008106585318,1001,0
1367,1067.0951904498002,10,0,0,0,1,0.3905110259574551,465,0
1368,431.269006719492,11,0,0,0,2,0.2728153179864471,280,0
1369,703.9573337188731,15,0,0,0,0,0.81967914258461,1254,0
1370,452.6853470313162,18,0,1,0,4,0.8500447301988873,356,0
1371,922.4691559549989,22,0,0,0,4,0.016317300464712248,982,0
1372,6073.610271479298,18,1,0,0,1,0.8133182054204801,1485,0
1373,278.13284438932266,10,0,0,0,3,0.6733559999047236,90,0
1374,218.42410357233754,15,0,0,0,0,0.4543889201039567,361,0
1375,4775.100632174049,22,1,1,0,1,0.08275201858733294,1461,0
1376,889.5149577284881,11,0,0,0,1,0.6686902358862392,1509,0
1377,561.6771739878202,7,0,0,1,3,0.26336913049872,83,0
1378,3102.3174862781307,2,0,0,0,2,0.5496769649600534,729,1
1379,598.4748247856651,1,0,1,0,0,0.22176746947787096,83,0
1380,6809.06242563373,5,0,0,0,0,0.8778525499760031,629,1
1381,2160.1347248292814,15,0,0,0,4,0.34912947260428395,223,0
1382,673.2310551210173,19,0,0,0,1,0.6867003240788524,1937,0
1383,9483.495142942566,23,0,0,0,1,0.4935277491972019,90,0
1384,598.4153493581555,14,0,0,0,0,0.9143356109466811,487,1
1385,2303.293587162097,13,0,0,0,2,0.22790279186854123,1656,0
1386,1479.25310472666,1,1,0,0,1,0.9553038471208929,1708,1
1387,4030.8852240753163,19,0,0,0,4,0.7523393066373092,240,1
1388,5226.573588352809,17,0,0,1,1,0.7010493973309687,1965,0
1389,1132.2976309430167,13,1,0,0,2,0.8405840909823107,1032,0
1390,516.2453462226649,17,0,0,0,2,0.6516768444048682,1534,0
1391,1737.0996661836764,1,0,0,0,0,0.11017122148498726,1088,0
1392,556.8437223361176,0,0,0,0,3,0.6984241183529786,908,0
1393,8212.291279778332,19,0,0,1,1,0.4377193272657329,1856,0
1394,1257.0655196805697,1,0,0,0,3,0.5535058300539137,369,0
1395,761.03431489238,8,0,0,0,3,0.408331829492689,250,0
1396,1319.0674727273831,8,0,0,0,2,0.1711080762753262,1562,0
1397,285.1096121807174,15,0,0,0,2,0.48478916573895514,528,0
1398,415.04459051772767,10,0,0,1,4,0.06283521694733796,1648,0
1399,3642.4576375162646,22,0,0,0,6,0.053706436595598706,1084,0
1400,568.5593589546269,5,0,0,0,2,0.5332080873356977,1578,0
1401,384.94059255056294,11,0,0,0,3,0.18030982465276346,545,0
1402,1875.5416046879793,2,0,0,0,0,0.6236434177617229,1975,0
1403,3589.2701309221056,11,0,0,0,0,0.19094003851705843,913,1
1404,2250.602665497821,22,0,0,0,1,0.8052304409151992,325,0
1405,2969.1995562899842,0,0,0,0,3,0.1462635434492232,900,1
1406,514.504813765005,8,0,0,0,2,0.44396187955228317,1731,0
1407,264.592083703776,19,1,0,0,3,0.46574259093039216,65,0
1408,4921.327804089048,21,0,0,0,1,0.6201302554987912,456,0
1409,794.1879619735317,5,0,0,0,4,0.402273472049808,275,0
1410,853.3476137638237,10,0,0,0,4,0.6568205946683087,154,0
1411,4138.936467252862,2,0,0,0,1,0.7664804864848418,548,0
1412,1912.6213399252772,3,0,0,0,0,0.122871268660942,494,0
1413,1730.0191764466053,9,1,0,0,3,0.07338718293664404,308,0
1414,9556.74383411597,18,0,0,0,2,0.6774619122959775,129,0
1415,576.2155270529877,5,0,0,0,0,0.8533330794377042,849,0
1416,2773.430077024558,0,0,0,0,2,0.47976038305873847,100,0
1417,1160.97230258465,7,0,1,0,4,0.6325316222401085,1830,0
1418,1434.5296133229751,7,0,0,0,5,0.29809928171088873,1915,1
1419,5056.695200192647,5,0,0,0,5,0.8745140644770124,860,0
1420,1822.2654455062084,16,0,0,0,4,0.7715020156066494,768,1
1421,1878.6262658092628,18,0,0,0,2,0.5871821439778713,398,0
1422,3205.128099855802,0,0,0,0,4,0.3065995201817798,685,0
1423,761.3150526827601,14,0,1,0,1,0.43805944570289046,1174,1
1424,473.80238840164276,12,0,0,0,2,0.27946002967783246,1316,0
1425,385.7505071596281,20,0,1,0,3,0.4315243589007274,1270,1
1426,153.4912267428269,2,0,0,1,1,0.04978361027897471,1803,0
1427,8571.578039515174,1,0,1,0,1,0.10564601177908595,1746,0
1428,363.86817093541777,2,0,0,1,2,0.21721906523618417,1787,0
1429,878.9661404549961,8,0,0,0,3,0.9039972369557441,112,0
1430,831.4629171559639,15,0,0,0,0,0.46540249794498256,388,0
1431,1491.3047662626113,23,1,0,0,4,0.4805735932669499,180,0
1432,2479.3140608619537,12,0,0,0,1,0.5287157108350794,298,0
1433,2592.7477206882945,18,0,0,0,3,0.500187421408202,352,0
1434,612.1164617780252,17,0,0,0,2,0.08620844414216255,1359,0
1435,927.8576125053322,20,0,0,0,1,0.32349590028023034,1503,0
1436,1454.7363355269,11,0,0,0,1,0.06747892506975073,734,0
1437,855.1773495630838,11,0,0,0,2,0.06962918946568764,1294,0
1438,5471.705158622326,0,0,0,0,2,0.07722170434987141,14,0
1439,1791.7981570894465,19,0,0,1,3,0.8974378318845893,1583,0
1440,2286.7292169975813,7,1,0,1,1,0.21896838558178133,597,0
1441,2127.879597348438,16,0,0,0,5,0.0673184409993719,1361,0
1442,3545.6396413500365,20,1,0,0,1,0.002855660138476157,1651,0
1443,1314.2501564012125,19,0,1,0,2,0.6132636810200802,1475,0
1444,299.8157298320618,21,0,0,0,7,0.6169757853521152,276,0
1445,1635.4740035648185,6,1,0,0,4,0.26493824843052716,995,1
1446,571.7164239982077,8,0,0,1,3,0.28006690730713635,1054,0
1447,646.3772542586282,16,0,0,0,1,0.3381906892827584,566,0
1448,1971.1334640867597,9,0,0,0,0,0.35409512676217914,162,1
1449,3783.0395204531223,3,0,0,0,1,0.7770046058248826,902,0
1450,1120.210145652906,21,0,0,0,2,0.9396044289331206,124,0
1451,1493.433353964123,6,0,1,0,1,0.5882094269131362,1120,0
1452,6016.223071433066,6,0,1,0,2,0.3920319539395263,1225,0
1453,1395.1443693700983,7,0,0,0,3,0.29479361150366745,490,0
1454,14789.653303916928,23,1,0,0,1,0.8294891088199399,1377,1
1455,1930.4523750120206,23,0,0,0,2,0.09008042916737091,1987,0
1456,188.5262474279522,7,0,0,0,3,0.43318661845400963,859,0
1457,2329.343206277136,15,0,0,0,0,0.6653001030762522,119,0
1458,1605.4484182862063,11,0,0,0,1,0.25055512096428545,1632,0
1459,3982.8493295489648,14,0,0,0,0,0.13456337528020834,1080,0
1460,2149.910196694286,7,0,0,0,6,0.6517921038130948,485,0
1461,954.8402185044478,21,1,0,0,1,0.5995409135252644,1929,0
1462,322.37058333450955,8,0,0,0,2,0.6192919462809142,506,0
1463,889.7822258370669,2,0,0,0,3,0.9782146155674816,512,1
1464,468.47350431582714,21,0,1,0,0,0.3229983392028264,1368,1
1465,613.6817984190221,20,0,0,0,3,0.9858200798472959,1473,0
1466,1975.503150073896,15,0,0,0,2,0.046856950946167264,81,0
1467,5824.943066247702,14,0,0,0,2,0.04041311047308893,1896,0
1468,1627.2903194756236,23,1,0,0,2,0.8586535988479402,366,0
1469,331.6621857059238,3,0,0,0,1,0.32196785968515984,208,0
1470,1710.605479186234,19,0,0,0,0,0.3572588813939972,969,0
1471,3628.7063511421143,15,0,0,0,4,0.051172396517654706,921,0
1472,595.9859516202704,9,0,0,0,2,0.002376449122127644,1296,0
1473,959.0880003847825,10,0,0,0,4,0.6329163968197499,1072,0
1474,1112.8595966205037,4,0,0,1,3,0.5226945195726374,1936,0
1475,500.2468551652071,10,0,0,0,5,0.7277317487607163,1819,0
1476,2097.0364942867996,12,0,0,0,2,0.2274937033331147,774,0
1477,971.70460251345,14,0,0,0,3,0.84746943130243,1639,1
1478,1668.2533233630254,5,0,0,1,3,0.2622080120260716,1157,1
1479,451.46950190749294,15,0,0,0,4,0.44791229173972225,804,0
1480,708.0691084085144,14,1,1,0,1,0.3681591011963412,1454,1
1481,2258.331076690314,10,0,0,0,4,0.8551848045559675,1496,1
1482,755.3391456369277,19,0,0,0,2,0.8210135302967446,1011,0
1483,6166.975802231346,1,0,0,1,1,0.4416992757335103,619,0
1484,735.3626761012893,1,0,1,0,2,0.35744419192643717,1319,1
1485,1372.9057055760236,11,0,0,0,2,0.7854590095589156,806,0
1486,2786.637168458161,15,0,0,0,4,0.21385709354029003,298,1
1487,265.505157755309,18,0,0,0,3,0.9409388193590276,1752,0
1488,188.5175654615955,1,0,0,0,3,0.3179685439066757,338,0
1489,238.49388854001302,16,0,0,1,0,0.4633841210376656,1093,0
1490,3876.0974067183815,13,0,0,0,2,0.8083026737144118,1988,0
1491,631.5277312370572,23,1,1,0,1,0.7951514438580499,291,0
1492,14160.324528553689,15,1,0,0,0,0.6931330723605615,1814,1
1493,623.7517179825717,4,0,0,0,2,0.11580997178818653,453,0
1494,1318.8973204795816,9,0,0,0,2,0.24217742144257215,611,0
1495,5126.148890132715,16,0,0,0,1,0.713545745240132,1134,0
1496,8152.605824177607,12,0,0,0,3,0.859403406036811,813,0
1497,8617.097384685056,15,0,0,0,1,0.16820801557918863,646,0
1498,3671.5391152733355,8,0,0,0,2,0.9891816797129466,1997,0
1499,3053.5573243463296,23,0,0,0,2,0.6212081050965577,1604,0
1500,1983.3189330560185,3,1,0,0,0,0.8212221110483724,503,0
1501,2388.357275473933,23,0,0,0,2,0.7855154187785041,1377,0
1502,631.9525319622486,15,0,0,0,2,0.10722978570180342,1893,0
1503,483.86266506082586,22,0,0,0,4,0.34262775200354356,173,0
1504,1092.9388531833363,10,0,0,0,1,0.4584175369732115,226,0
1505,925.0200171820327,6,0,0,0,2,0.2600629832274185,73,0
1506,696.9906183819431,16,0,0,0,1,0.6823926742706911,874,0
1507,2200.3846114582984,21,0,0,0,0,0.5614380064622664,1231,0
1508,2850.658241629964,12,1,1,0,1,0.9809393457488234,305,0
1509,1197.997732926655,3,0,0,0,2,0.18271639325951838,1716,0
1510,4805.565868440007,13,0,0,0,0,0.5611608774154565,852,0
1511,350.1322309563813,9,0,0,0,2,0.9001315608220005,178,0
1512,903.5582150020026,9,0,0,0,0,0.03956629499428821,1210,0
1513,535.487570926522,9,1,0,0,3,0.4976991477030869,1935,0
1514,169.60350389912006,11,0,0,0,2,0.21300035582545174,513,0
1515,1009.6099167138104,1,0,0,0,3,0.9582406001982275,970,0
1516,970.9281713058115,22,0,0,0,3,0.6654090167256831,1482,0
1517,4981.31774896555,8,0,0,0,1,0.27293152240001595,1349,0
1518,2060.7219974033483,4,0,0,0,3,0.9898383147255176,571,0
1519,393.7881899047165,7,0,0,0,1,0.2182762054344869,1194,0
1520,7002.9906067330285,20,0,0,0,2,0.3310094397450942,1233,0
1521,3718.344032208988,13,1,1,0,0,0.6751518349523967,141,0
1522,1962.7419005134268,6,0,0,0,4,0.5675056443517447,622,0
1523,874.3807321855778,6,0,0,0,3,0.8244781356060562,836,1
1524,420.12856151187503,8,0,0,0,4,0.66930478588729,1396,1
1525,755.8124201736975,2,0,0,0,2,0.5781808199659355,1812,0
1526,3257.6085114294274,13,0,0,1,0,0.335518999739295,1829,0
1527,7219.827256691199,16,0,0,0,5,0.2958266459719918,79,0
1528,5131.963062751077,17,1,1,0,1,0.0979592082635089,1074,1
1529,672.5998512932388,11,0,0,0,3,0.40294758827858657,675,0
1530,357.94615380094893,21,0,0,0,1,0.7891648472411724,23,0
1531,1262.5468216423346,13,0,0,0,2,0.28450662940747307,351,0
1532,187.08454639472794,12,0,0,0,2,0.8811246868507913,1103,1
1533,1514.995449312422,13,0,0,0,4,0.8013566857517487,143,0
1534,946.1464943800257,8,0,0,0,2,0.9976304671809563,1052,0
1535,688.1201767112477,18,0,0,1,3,0.7258007789705332,1386,1
1536,222.58230264383903,1,0,1,1,1,0.04923265311200553,988,0
1537,1832.7999549688948,10,1,0,0,1,0.5934211078393498,268,0
1538,643.742731047881,16,0,0,0,3,0.3017760503947874,1900,0
1539,340.3869859365848,1,0,1,0,3,0.948529565842585,729,1
1540,62.037422192913546,18,0,0,0,3,0.7120688353248351,1150,0
1541,1066.8707340028568,6,0,0,0,3,0.7827556367205236,1312,0
1542,6452.684964060171,17,0,0,0,3,0.5613517822802016,1381,0
1543,5774.80180053794,12,0,0,1,0,0.9669756819357,773,0
1544,694.2997220401751,4,0,0,0,0,0.17063539576012987,1593,0
1545,600.5151917121281,17,1,0,0,1,0.38929258231975195,287,1
1546,1752.4573046539958,22,0,1,0,1,0.5000484297060472,927,0
1547,404.0806799265563,23,0,0,0,0,0.5533964195943074,744,0
1548,1482.9548547288812,23,0,0,0,0,0.7763683491133848,796,0
1549,2359.205711355558,15,0,0,0,0,0.7285084822036607,1869,0
1550,3740.3453431423504,14,0,0,0,1,0.054742991040822475,1320,0
1551,992.1218411871777,7,0,0,1,2,0.7237376002792757,309,1
1552,894.5548764622581,14,0,0,0,0,0.26234317849307964,1820,0
1553,455.78327082065175,0,0,0,0,1,0.41608899187432624,1572,0
1554,479.6802067641454,16,0,0,0,2,0.45018471716808306,1357,0
1555,874.385285052702,14,0,0,0,0,0.6935703140622899,115,0
1556,1583.4566773587933,13,0,0,0,4,0.6813069002751213,1402,0
1557,2734.173912398669,13,0,0,0,2,0.37848358398525195,1642,0
1558,491.18510335136824,9,0,0,0,3,0.813234821734523,1444,0
1559,4878.965891731264,1,0,0,0,0,0.12148436549164998,1651,0
1560,836.2071746560184,5,0,1,0,0,0.23271960954567128,118,0
1561,1073.4496415063936,16,0,0,0,0,0.4246957887007625,467,0
1562,519.4592262077307,4,1,1,0,1,0.21885366373605408,1587,0
1563,97.10178320250522,4,0,0,0,0,0.9275843122691776,465,1
1564,2654.589735130134,14,0,0,0,1,0.9277987225738509,553,1
1565,2291.229603242418,14,0,0,0,1,0.1706066094635197,1333,0
1566,827.7179389285791,19,0,0,0,2,0.41323815058123015,1264,0
1567,1172.6139923613555,10,0,0,0,5,0.9920013828871496,1339,1
1568,1837.092095690719,4,0,0,0,3,0.019418284410668618,362,0
1569,229.85625680010895,0,0,0,0,0,0.043293375687923685,1983,0
1570,646.0954980487659,10,0,0,0,3,0.8429284079053804,78,0
1571,2426.6444071961637,10,0,0,0,1,0.3821762607060005,591,0
1572,312.84584988030554,5,0,1,0,0,0.7307461801552748,433,0
1573,1470.7943855839903,22,1,0,0,2,0.6182064713355424,188,0
1574,282.4264592269803,7,0,0,0,0,0.6943198948640422,1695,0
1575,1748.353876844911,1,0,0,0,3,0.197397114322153,980,0
1576,1058.2358600770115,14,0,0,0,1,0.5470902038731931,3,0
1577,218.08135562139154,22,0,0,0,3,0.6463161504980968,295,0
1578,3514.805099400258,21,0,1,0,2,0.5521643914443869,1446,0
1579,526.0563957272427,8,0,0,0,1,0.9446919638908393,1192,0
1580,487.7229713424636,14,0,0,0,2,0.01628671491338718,1950,0
1581,1340.1933816957887,7,0,0,0,5,0.214692602327344,968,0
1582,3458.662903987129,15,0,0,0,2,0.07362652258867008,1048,0
1583,397.0960460490792,13,1,0,0,3,0.9634570841327376,917,1
1584,1166.402902699161,14,0,0,1,0,0.23397037370100415,320,0
1585,1683.8136008265278,19,0,0,0,0,0.7403201810158071,947,0
1586,2193.1751374406895,12,0,0,0,1,0.14565919302526187,28,0
1587,1308.2446493010286,8,0,0,0,1,0.05218397396446561,692,0
1588,759.736878562059,0,0,0,1,4,0.19098534278232016,893,0
1589,479.33981863181094,5,1,0,0,1,0.27619853569271213,599,0
1590,1195.289725439523,7,0,0,1,4,0.4582761306551053,392,0
1591,375.35077472146594,19,0,0,0,1,0.022225605826441397,1609,0
1592,59.0656487797196,17,1,0,0,2,0.6172753404099752,677,0
1593,1696.9024913545823,17,1,0,0,3,0.6562540405636273,1850,0
1594,2707.9166139861686,16,0,0,0,1,0.29092697066837825,718,0
1595,103.24115522156723,20,0,0,0,4,0.26485539083946674,820,0
1596,399.52218488440985,15,0,1,0,0,0.1903942239636397,746,0
1597,2036.838767194878,12,1,0,0,1,0.21519932389906593,1940,0
1598,8582.628261098462,21,0,0,0,3,0.6503387310398785,991,0
1599,1119.674959767441,3,0,0,0,1,0.6057705745761102,524,0
1600,529.5338328105602,3,0,0,0,3,0.9148723102715592,1491,0
1601,913.3357520086562,20,0,0,0,4,0.8274919496666405,484,1
1602,4336.7323082933735,13,1,0,0,4,0.5759763711551718,600,1
1603,574.8078556559383,4,0,0,0,3,0.16738434789219514,1928,1
1604,493.14733993129056,15,1,0,1,0,0.32356951695117286,1622,1
1605,676.7192419537098,13,0,0,0,4,0.47600401879751975,1308,0
1606,422.7036708139821,13,1,0,0,1,0.42069878155530116,1256,0
1607,1239.7565590703798,13,0,0,0,0,0.06441330519031829,1244,0
1608,5567.372279329529,23,0,0,0,0,0.3582334110937323,1428,0
1609,1514.8614674205685,13,1,0,0,0,0.18767535733655483,1699,0
1610,852.0510968619768,18,0,0,0,3,0.5748885855644269,407,0
1611,819.0857105671141,2,0,0,0,1,0.930445516798396,1051,0
1612,229.7080583867741,16,0,0,0,1,0.13983826540536182,1734,0
1613,2652.1072114984518,13,0,0,0,1,0.8611343332782267,1014,1
1614,1014.511812624059,9,1,0,1,2,0.26212109901612923,1906,1
1615,915.5455218926149,12,0,1,0,1,0.6889360138339046,978,0
1616,26718.395250182082,21,0,0,0,1,0.6073807434854945,1598,0
1617,1478.4550085592275,3,0,0,0,0,0.2181511484431875,698,0
1618,517.0858681100249,10,0,0,0,2,0.3694158660037281,485,0
1619,715.9729620835308,14,0,0,0,2,0.5467498964439022,1824,0
1620,3458.0001485332737,14,0,0,0,1,0.9118912787003565,227,0
1621,1228.1575647557784,23,0,0,0,1,0.18429268325647985,1198,0
1622,260.2706423359154,1,1,0,0,2,0.3437159664298526,275,0
1623,2749.650068031071,10,0,0,0,2,0.9943946043809362,1113,0
1624,562.1990195176313,1,0,0,0,3,0.7896035497495492,777,1
1625,7138.784310617356,22,0,0,1,5,0.3842157940006997,1152,0
1626,3229.3884557782994,4,0,0,0,1,0.14219344579205107,1985,0
1627,701.119332487907,12,0,0,0,4,0.5007412350297364,646,0
1628,3948.2051480753316,0,0,0,0,5,0.583774006117093,1618,0
1629,1173.6284996947513,6,0,0,0,2,0.2583457639552993,1532,0
1630,2572.86070885899,6,1,0,0,2,0.7120227804316026,1189,0
1631,1780.6483477833926,9,0,0,0,3,0.5410438765725419,1232,0
1632,470.42820058426526,5,0,0,0,3,0.36700666483060773,971,1
1633,576.1973178137443,19,1,0,0,4,0.28965233342015007,1618,0
1634,3071.6213173612236,11,0,0,1,3,0.2849600774063997,1581,1
1635,784.6397285347894,12,1,0,0,1,0.7898270159333982,1275,0
1636,732.4181080504318,23,0,0,1,5,0.49819086674913315,1302,0
1637,421.9460324424965,10,0,0,0,2,0.2829356309113449,1005,0
1638,1675.0512915202457,17,0,1,0,1,0.7884567868768024,77,1
1639,8625.902889343624,1,0,0,0,3,0.02181023051660158,1579,0
1640,377.08366494044964,15,0,0,0,0,0.9953513336914896,685,0
1641,1123.5172627633458,1,0,0,0,0,0.8886942444686489,1865,0
1642,4501.745797014265,18,0,0,0,5,0.7429623843002686,567,0
1643,1012.6830864471709,5,0,0,0,0,0.2663979270945698,993,0
1644,1723.9471516350256,0,0,0,0,5,0.889878224545453,1222,1
1645,379.026632041756,10,0,0,0,5,0.8165110891699318,989,0
1646,1682.9560793504463,17,1,0,0,3,0.8013788316487019,1631,0
1647,909.4642910364253,9,0,0,1,3,0.17534499023533834,1058,0
1648,2938.7217758679694,17,1,0,0,5,0.6154720228223618,1388,0
1649,3595.311992704913,0,0,0,1,2,0.8999971712799312,366,0
1650,14611.492301779748,18,0,0,1,3,0.5044577876749593,1595,1
1651,1957.9106195811862,15,0,0,0,0,0.5515747189972713,1490,0
1652,1518.983008540365,6,0,0,0,5,0.40776899026818214,1278,1
1653,1331.930005874461,14,1,0,0,0,0.6699619192903512,748,0
1654,770.3413337356799,0,0,0,0,0,0.8603461525440601,1235,1
1655,1538.3779228678795,22,0,0,0,0,0.5104456343393585,1208,0
1656,816.15034952523,20,0,0,0,3,0.9689768578656569,55,1
1657,1297.845649727167,8,0,1,0,2,0.40356967357407736,80,0
1658,4095.309345202348,1,0,0,0,5,0.1213955875423216,1236,0
1659,400.7979498930844,16,0,0,0,1,0.014568675206026449,206,0
1660,3428.501489356583,23,0,0,0,4,0.5790331823325641,1715,0
1661,4093.3339649627173,9,0,0,0,3,0.8134069139883301,1905,0
1662,974.5067767563057,5,0,0,1,2,0.8484555592371319,1322,1
1663,131.3867286054839,4,0,0,0,2,0.9637287442438263,708,0
1664,597.1557773294714,7,0,0,0,4,0.5263032133863004,1680,0
1665,4011.7969878233903,7,0,0,0,0,0.2101966906525522,152,0
1666,1071.8398509511835,4,1,0,0,3,0.678260064011018,1825,0
1667,403.71039130964346,11,0,0,0,4,0.892920126326707,1826,0
1668,661.9732046589239,6,0,0,0,2,0.1856863718842734,1229,0
1669,2541.7803165208356,12,0,0,0,1,0.3478731304696806,1066,0
1670,1894.5442138695137,12,0,0,0,5,0.783150528513897,1618,0
1671,863.5639041653537,16,0,0,0,1,0.23465759692068455,1369,0
1672,759.891445481176,3,0,0,0,2,0.8985971130039828,1120,0
1673,741.1787697751892,17,0,0,0,5,0.8423457594988261,289,0
1674,435.9771420576754,9,0,0,0,1,0.5051171091258586,486,0
1675,5515.820460190248,2,0,0,0,0,0.9977246196795978,988,0
1676,794.4734202976634,11,0,0,0,0,0.29517765050790534,1316,0
1677,3703.9626826080994,0,1,0,0,4,0.931468947792958,237,1
1678,5020.656855938441,10,1,0,0,4,0.29098185591249237,1385,0
1679,2975.9270954252593,17,0,0,0,0,0.6945878022605385,1936,0
1680,712.2148968431328,12,0,0,0,3,0.7552091974445235,678,0
1681,1642.098195068415,16,0,1,0,3,0.6504330640249304,889,0
1682,1070.417880362611,7,0,0,0,1,0.536469601935372,1666,0
1683,444.2103179128307,19,0,0,0,2,0.6526368434615221,1154,0
1684,1516.8017446559818,18,0,0,0,1,0.02314153072015679,310,0
1685,337.29577256888746,16,0,0,0,4,0.8810819612923956,525,0
1686,3596.366785065125,1,1,0,0,1,0.5328067226156252,10,1
1687,689.0974533243284,2,1,0,1,1,0.4842230245695246,1522,0
1688,1340.9849441292658,2,0,0,0,3,0.5746928718650312,1092,0
1689,1455.7665386206363,5,1,0,0,0,0.5707073450174694,1437,0
1690,846.4871542252623,9,0,0,1,1,0.7289569167492387,1524,0
1691,1971.7836170411001,23,0,0,0,4,0.08745441089713046,782,0
1692,682.0454810506443,21,0,1,0,4,0.9407534891479366,677,1
1693,2620.9635529782026,17,0,0,0,1,0.940692113621868,607,0
1694,285.43670899898916,17,0,0,0,6,0.012539007131181057,940,1
1695,1244.3636821223138,13,1,0,0,2,0.5241608983445489,1948,0
1696,7623.028411507633,15,0,0,0,1,0.7328362199584448,615,0
1697,403.2951497478069,6,0,1,0,2,0.27971513287019967,1373,0
1698,556.8272395755907,0,0,0,0,3,0.6391110337211068,586,1
1699,1833.3640732862243,16,0,1,0,3,0.655968455639851,1819,1
1700,1312.359291102401,22,0,0,0,2,0.21727284637469813,1215,0
1701,1557.1773951282903,4,0,0,0,1,0.21056190490792304,1,1
1702,1788.5976036989687,0,0,0,0,1,0.7524009472678751,629,0
1703,2068.7947463804635,20,0,1,1,2,0.709360509840895,231,0
1704,3326.57938046576,16,0,0,0,3,0.8631451568736811,515,1
1705,1652.1267179639701,9,0,0,0,3,0.8839696467848678,1036,1
1706,861.5579717801288,11,0,0,0,2,0.158025310079549,702,0
1707,2148.6042004532696,19,0,0,0,4,0.8031691236771751,1050,0
1708,7331.10794003135,1,0,0,0,1,0.6639893146268049,1628,0
1709,960.4157403842095,22,1,0,0,2,0.644853125220222,765,0
1710,413.83638704114685,15,0,0,0,2,0.2702795948114445,1427,0
1711,3317.877894991216,14,1,0,1,2,0.8290494618312517,504,0
1712,972.2557003287129,12,1,0,0,2,0.9899135067744421,1972,0
1713,124.87714999353675,17,1,0,0,1,0.1629512468596377,1634,0
1714,2559.1275462735193,19,0,0,0,1,0.7398074879450754,662,0
1715,642.0536158873366,21,0,0,0,2,0.37980193027474785,933,0
1716,1001.7129040607686,13,0,0,0,3,0.18791542478044765,1823,0
1717,1528.4055251702853,17,0,0,0,3,0.13844638090346872,999,0
1718,1326.7659981422353,1,1,0,0,2,0.20872694733617425,1821,0
1719,2229.319848231781,1,0,0,0,1,0.8516189733497465,284,1
1720,709.4667485221345,2,1,1,0,2,0.5480136478454759,549,1
1721,1831.8942104443047,4,0,0,0,6,0.8918953985199384,1589,0
1722,845.9441343817656,15,0,0,0,2,0.9089178568463013,1468,1
1723,2295.7399317668082,21,0,0,0,4,0.15066578749248827,707,0
1724,2029.1402984062615,14,0,0,0,5,0.6286415536859017,248,0
1725,430.33384791628816,11,0,0,0,2,0.05119510313213771,343,0
1726,3248.608780619464,8,0,0,0,0,0.27377776860182856,1753,0
1727,641.6458749708407,13,0,0,0,2,0.17329307787738735,762,0
1728,2460.347301126213,20,0,0,0,6,0.8387168980371271,1518,0
1729,1583.3328663146108,15,0,0,1,2,0.3647794128359262,470,0
1730,6892.462324989214,10,0,0,0,4,0.9934636510536071,1957,0
1731,877.0237014697486,5,0,0,0,1,0.14127291802258202,1573,0
1732,773.3124751825528,9,0,0,0,2,0.22837061527776792,175,0
1733,1075.5424243692385,7,0,0,1,1,0.6449469629658939,1677,0
1734,809.8266538457281,15,0,0,0,2,0.9687466741508023,939,1
1735,2440.4601875082762,2,0,0,0,3,0.7333949147060268,470,1
1736,217.82443440637272,1,0,0,0,2,0.12577937441023446,945,0
1737,382.3427971151469,15,0,0,0,2,0.41455871526003074,876,0
1738,376.9818633330164,18,0,0,0,1,0.9961397028791441,1367,0
1739,2836.447284724377,8,0,1,0,4,0.06941612113234408,546,0
1740,6066.962655543552,15,0,0,1,5,0.2853830001622717,339,1
1741,987.8696753062485,21,0,0,0,0,0.12439748211714807,405,0
1742,926.2815858485044,3,0,0,0,2,0.8204358382606096,1518,1
1743,1176.2093873923732,9,0,0,0,3,0.8336084096042715,968,1
1744,3504.763431487854,18,0,0,0,2,0.34364968051532885,1342,0
1745,433.82744627356175,12,0,0,0,0,0.33592263986224435,446,0
1746,1391.8220328193859,17,1,0,0,4,0.8134538214135216,969,1
1747,2907.932509386382,14,0,0,0,6,0.15766654238939526,1049,0
1748,1810.0218028120676,3,0,0,0,3,0.8220528823849093,1329,1
1749,1325.5485020850995,8,0,0,0,1,0.09669496095597607,1804,0
1750,2984.0779766493797,3,0,0,0,0,0.2947446012015984,1554,0
1751,73.46195895523411,15,1,0,0,1,0.5037962140971844,37,0
1752,2160.025528872686,20,0,0,0,4,0.12071466873426961,27,0
1753,570.1641585791621,14,1,0,0,1,0.07465779921403282,531,0
1754,175.80353676107154,23,0,0,0,3,0.2700334330310131,1062,0
1755,1828.4110674619144,1,0,0,1,1,0.5862371656940517,691,0
1756,4331.453929686616,13,0,0,0,0,0.8133144960319314,179,0
1757,955.8026755061065,2,1,0,0,1,0.7324128744893964,1469,0
1758,2843.7376709590603,21,0,0,0,3,0.5475304050808765,250,0
1759,5498.76201657291,22,0,0,0,3,0.6611088822604436,1605,0
1760,4084.3360220619197,3,0,0,0,1,0.5374346147835699,287,1
1761,5653.129300829794,0,0,0,1,2,0.5411291142574648,239,0
1762,2303.367567981067,22,0,0,0,0,0.016022848782109356,1803,0
1763,1182.5561920033042,8,0,0,0,0,0.38310284214461254,1482,0
1764,220.97160036020892,16,0,0,0,0,0.5587677631199168,1932,0
1765,857.428258402938,13,0,0,0,0,0.5942722606965694,1223,0
1766,471.89353782274384,16,1,0,0,1,0.5077431110817117,615,0
1767,9613.683407001017,0,0,0,0,1,0.6981822546292848,1784,0
1768,919.7613070922638,9,1,0,0,1,0.3682787226748958,1968,0
1769,1240.4193746512926,22,0,1,1,5,0.142949368115024,482,1
1770,1903.5681469346328,15,0,0,0,0,0.03189323573645153,924,0
1771,1145.506809420823,18,1,0,0,2,0.5700170820013458,16,0
1772,5973.277438545967,23,1,0,0,3,0.4972346756252821,533,0
1773,588.366844322493,2,0,0,0,2,0.23590196608996628,1820,0
1774,1332.2272640959084,11,0,0,0,0,0.22152989396581946,556,1
1775,521.9278783736478,2,0,0,0,3,0.5813684370845678,1234,0
1776,292.94283534750423,14,0,0,0,5,0.10688527828412475,1638,1
1777,594.8033871034272,16,0,0,0,3,0.135895233566533,229,0
1778,1056.760317633948,17,0,0,0,3,0.24878824391583287,26,0
1779,713.867788826477,6,1,0,0,2,0.8846448535442785,689,0
1780,548.7149117074081,18,0,0,0,4,0.7051450081146114,1708,1
1781,268.7233834813046,6,0,0,0,4,0.5575314868292462,232,0
1782,1009.181037920107,4,0,0,0,2,0.3691659473087836,416,0
1783,243.5396166415855,7,0,0,1,2,0.4176044517955255,1447,0
1784,2345.0358384614824,20,0,0,0,4,0.17189790502796698,1194,0
1785,1190.8704066938985,15,1,0,0,5,0.8406046472538827,1213,1
1786,255.30234271698103,15,0,0,0,2,0.18192127439835037,1866,0
1787,804.958660714404,18,0,0,0,2,0.7606259032344156,769,0
1788,516.8969824538252,14,1,0,0,3,0.23947377450025376,540,1
1789,1508.957826531201,6,0,1,0,3,0.7566227095648148,49,0
1790,4189.976674783091,4,1,0,0,2,0.3039708847645749,64,1
1791,168.14513921830297,22,0,1,0,2,0.9812584612253149,1281,0
1792,1230.315696367543,10,0,1,0,3,0.919918002132004,548,0
1793,934.3650469543804,9,0,0,0,3,0.8762866872084624,23,0
1794,2145.955263361885,20,1,0,0,3,0.18115736471628496,696,0
1795,1357.223880588731,22,1,0,1,3,0.08386212159332529,910,0
1796,516.9936894086869,8,0,0,0,1,0.9641661810569142,1769,0
1797,797.0728376060054,0,0,0,0,3,0.43573101555971405,584,0
1798,494.71119269573774,19,1,0,0,3,0.8757547834636071,1956,0
1799,3216.365063410439,0,0,0,0,1,0.48693717065056086,188,0
1800,1120.255035541441,7,0,0,0,2,0.6491631383983234,1728,0
1801,7340.708815042746,2,0,0,0,0,0.7554228430924247,1647,0
1802,1032.0879715777771,1,1,0,0,2,0.5346892117163258,1075,0
1803,540.0130106635933,3,0,1,0,4,0.9370663291106178,1021,1
1804,241.35903758769643,18,0,0,0,1,0.04799593914912248,7,0
1805,180.70399823879168,10,1,0,0,3,0.8349369622834404,1782,1
1806,224.94682861141933,4,0,0,0,2,0.6877989569792939,826,0
1807,1432.4286667464844,23,0,0,1,3,0.3306606037363742,1610,0
1808,1823.8866466568227,9,0,0,0,0,0.4701952727526161,477,0
1809,225.61032783079173,23,1,0,1,3,0.4718868662383914,1681,0
1810,2683.93240695365,22,0,0,0,2,0.04304695170416628,917,0
1811,676.5043977417125,7,0,0,0,1,0.5352357646472697,1526,0
1812,1270.0264575923868,12,0,0,0,1,0.06606334071511955,1356,0
1813,5498.445133515885,4,0,0,0,4,0.5160835032822744,1460,0
1814,2688.770529447132,11,1,0,0,6,0.21512980223374734,378,1
1815,838.3782341839013,12,0,0,0,2,0.8336077394442679,1,1
1816,449.80212983480425,21,0,0,0,4,0.06943268900320076,397,0
1817,127.50870014102696,7,0,0,0,3,0.29502105944489065,948,0
1818,534.2408037979332,14,0,0,0,3,0.40856858599847223,1404,0
1819,887.9094447615329,12,1,0,0,0,0.6021525932079033,1339,0
1820,408.6342382185172,0,0,0,0,2,0.9875197481375612,1972,1
1821,961.7389315477031,21,0,0,0,1,0.1293810156963705,639,0
1822,1184.234535163675,5,0,0,0,2,0.37277180656194575,605,0
1823,875.8054858747868,10,0,0,1,1,0.6810888247794441,946,0
1824,572.491231512964,12,0,0,0,3,0.37380518248920114,314,0
1825,1298.0970611929104,20,1,0,1,2,0.24080076045912602,680,1
1826,1706.0578710908721,19,0,0,0,3,0.8149184267432859,1993,1
1827,368.5590424563774,0,0,0,0,1,0.18736283265982667,302,0
1828,4495.950491097248,10,0,0,0,3,0.3365145236076359,1797,0
1829,993.6766656922814,10,1,0,0,3,0.2404867306237526,1380,0
1830,1117.5003312908852,7,0,0,0,2,0.9606135754530117,868,0
1831,2226.563007490176,21,0,1,0,5,0.8362652388314287,357,0
1832,1384.6686266575643,2,0,0,0,1,0.4609731819535613,1102,1
1833,2844.4830744861297,18,0,0,0,1,0.840130980599867,152,0
1834,1461.3620126351811,11,0,0,0,3,0.6826236882610233,722,0
1835,594.4060224651637,5,1,0,0,1,0.35689775554694336,1844,1
1836,1574.2016363782116,22,0,0,0,2,0.20933403373957038,1204,0
1837,349.41970496142125,7,0,0,0,1,0.3605893618093342,1613,0
1838,1222.3856825579276,4,0,0,0,2,0.5181789496356084,1953,1
1839,1060.7908664706367,9,0,0,0,2,0.19999100971726536,181,0
1840,890.5890900742022,21,0,0,0,1,0.2734718251149014,1676,0
1841,964.3578973888681,15,0,0,0,2,0.6467848831812477,789,0
1842,167.02624479032266,11,0,0,1,1,0.7243174636482562,232,0
1843,633.5095611695355,16,0,0,0,1,0.4560760803104419,1311,0
1844,1203.3262799943702,5,0,0,0,3,0.9695904260828533,544,0
1845,1286.726135466795,8,0,0,0,1,0.305054461071554,495,0
1846,392.4169251196232,9,0,0,0,2,0.9116761564653276,53,1
1847,3888.2242479723577,19,0,0,0,2,0.2742520939488192,1257,0
1848,461.19693920589935,13,0,0,0,1,0.7356191032560441,1122,0
1849,2891.287548852893,13,1,0,0,3,0.9983853879786357,1805,1
1850,1681.0844361669508,16,0,0,0,0,0.8335842536933555,1821,0
1851,574.6566259489022,15,0,0,0,3,0.4752783631235449,1758,0
1852,6472.455864068257,3,1,0,0,2,0.12459206274999812,1886,0
1853,332.4080126857377,1,0,0,0,2,0.96625577409677,649,0
1854,2749.4445092220017,15,0,0,0,2,0.7206894465250104,198,1
1855,2982.6943581739965,0,0,0,0,2,0.8379777497234191,1071,1
1856,560.8086673448056,2,0,0,0,2,0.5728065853864505,759,0
1857,4413.685351490381,22,0,0,0,0,0.4783261081547828,1668,0
1858,854.0190372492402,10,0,0,0,4,0.07841898294968597,1131,0
1859,1463.657368587207,15,0,0,0,2,0.061956349386326104,1615,0
1860,1422.7143481641806,17,0,0,0,2,0.5820898133095151,331,1
1861,958.808395260045,14,1,0,0,6,0.18875051512035623,1655,0
1862,2467.123739510413,8,0,0,0,3,0.6749398167308509,1567,0
1863,2424.7621608271866,11,0,0,0,2,0.9571194803043875,62,0
1864,190.84623028607595,17,0,0,0,6,0.3558507028283586,796,0
1865,4041.3749324809405,4,0,0,0,3,0.7369635372028017,1318,0
1866,207.9937460047279,23,0,0,0,1,0.9113220328611946,816,0
1867,3079.5729210045856,7,0,0,0,1,0.8436513941264732,1060,1
1868,3383.6325720361137,2,0,0,0,2,0.0839370505716055,1332,0
1869,368.34999876822985,1,0,0,0,4,0.677391646836517,586,0
1870,727.1884879203797,18,0,0,0,2,0.3025634296402969,1630,0
1871,362.9609785989559,7,0,0,0,2,0.9028740686614365,1386,1
1872,884.5499368401616,1,0,0,0,1,0.17075371954531227,143,1
1873,805.9048760996405,18,0,0,0,4,0.22245564573424104,257,0
1874,2391.462858258227,0,0,0,0,2,0.49190314265828905,972,0
1875,4065.5680183017475,21,0,0,0,1,0.330530277733725,693,0
1876,4427.91372994561,12,0,0,0,1,0.3594236226914751,1780,0
1877,625.0502043195813,22,0,0,0,1,0.42447329911191933,862,0
1878,889.605517991657,19,1,0,0,6,0.14375353165767968,116,0
1879,203.68237756439675,16,0,0,0,4,0.09592262533391538,1605,0
1880,489.8650443637094,2,0,0,0,2,0.19292026606176127,1881,0
1881,2878.0021459819154,8,0,0,0,3,0.5340648004489942,316,0
1882,5516.963092915045,4,0,0,0,1,0.40132934351574634,1560,0
1883,319.14678184103377,5,0,0,1,2,0.6639809115115285,983,0
1884,606.397517718168,3,0,0,0,2,0.6931059272662752,159,0
1885,1068.0547081215154,16,0,0,0,3,0.6304397497402027,813,0
1886,1451.2218834755108,20,0,0,0,2,0.22724727682058687,411,0
1887,488.0395658257635,20,1,0,0,4,0.6223288586635023,531,0
1888,1675.8253086001491,20,0,0,1,1,0.5629603609025757,1253,1
1889,682.771775002994,15,0,0,0,5,0.6375958065992307,12,0
1890,1080.8982950973027,15,0,0,0,0,0.24910003134437542,1367,0
1891,1893.6931481036625,21,0,0,0,2,0.9884938468969696,818,0
1892,1103.6986965664978,10,0,0,0,1,0.9872861270471774,594,0
1893,708.8288559647606,1,0,0,0,2,0.8787867131285384,1932,0
1894,982.7848211910139,16,0,0,0,1,0.2382339705702886,1045,0
1895,1003.8893056078257,14,0,0,0,1,0.752680586450358,825,1
1896,757.4738157488302,17,0,0,0,0,0.125542516787857,1146,0
1897,846.5793510395497,9,0,0,0,4,0.9169518924214127,19,0
1898,5424.316450188355,5,0,0,0,2,0.2240213865955213,17,0
1899,1921.6115231309327,20,0,0,0,4,0.4410164172994312,1979,0
1900,816.085951363914,15,0,0,0,1,0.6435982117897844,1959,0
1901,2201.632488748314,4,0,0,0,6,0.36628521093845845,1916,0
1902,785.3900789684642,11,0,0,0,4,0.2386197012653536,73,0
1903,3544.4016496119702,5,0,0,0,5,0.7928594805898554,566,0
1904,1587.0658169077226,13,0,1,0,0,0.8125177346260758,1214,1
1905,985.0553731577087,22,0,0,0,4,0.47723467519546514,1670,0
1906,1715.9410491408394,15,0,1,0,2,0.2989234145115581,1940,0
1907,227.94943953365288,6,0,0,0,4,0.7094407017739544,1928,0
1908,355.395953925403,1,0,0,0,2,0.9000035611073506,658,0
1909,332.31223492651634,5,0,0,0,1,0.8037798322608251,1660,1
1910,1265.1463608729841,8,0,0,0,4,0.5612874207419808,1622,0
1911,6201.304793679879,6,0,0,1,4,0.05967345278918201,1850,0
1912,10211.80973006538,1,0,0,0,0,0.9191713980864007,1719,1
1913,2075.694553926387,18,0,0,0,0,0.9085506190418033,466,0
1914,1809.5699058469145,7,0,0,0,1,0.2561367336095124,1301,0
1915,181.0806054020645,10,0,0,0,1,0.6865844860012245,1300,0
1916,637.3546176410899,3,1,0,0,1,0.3736766012760776,1217,0
1917,498.8055039321627,15,0,0,0,2,0.22004430511164597,158,0
1918,589.4278978140707,17,0,0,0,0,0.01071122716976558,1174,0
1919,926.9097292878917,12,0,1,0,0,0.365133605110994,777,0
1920,683.9668300056418,4,0,0,0,5,0.21104168389030842,1333,0
1921,151.51735754249202,1,0,0,0,3,0.023702634650612064,605,0
1922,2316.725988518267,10,1,0,0,4,0.5266860997970204,1874,0
1923,375.1241261472036,0,0,0,0,3,0.23250912009793356,1256,0
1924,1393.044423939905,12,1,0,0,1,0.5887574077214337,1756,0
1925,8726.177279796377,4,0,0,0,2,0.41825501218541106,841,0
1926,437.2982289362695,17,1,0,0,1,0.3413261104334451,262,0
1927,87.33160957904468,13,0,0,0,1,0.37598553925527967,896,0
1928,823.8560171063846,12,0,1,0,2,0.5738939934219013,1750,0
1929,3297.6310795726313,6,0,0,0,2,0.8339928943638001,294,0
1930,7772.502427256407,7,0,0,0,2,0.6693311126698741,322,0
1931,320.68213713820126,17,0,0,0,3,0.1105565700468083,485,0
1932,1802.0843086651446,6,1,0,0,3,0.5669992351658676,135,0
1933,688.6199643978749,19,0,0,0,1,0.768908702141396,1120,0
1934,986.3898340618135,16,0,0,0,1,0.311068492309049,32,0
1935,15434.234598575018,15,1,0,0,1,0.6280384412401389,943,0
1936,243.9661952419824,10,1,1,0,2,0.0004446343645693185,584,0
1937,1413.3805421922696,18,0,0,0,2,0.9397495847706111,415,0
1938,1750.5637742761185,0,0,0,0,2,0.26772978116683044,757,1
1939,3247.9727937544094,20,1,0,0,2,0.9059897106295557,677,0
1940,1209.5251861897045,7,0,0,0,2,0.2166501129065327,1334,0
1941,1492.2652396143028,0,0,0,0,0,0.8962225776150032,404,0
1942,741.2599937972445,8,1,0,0,0,0.5546235252765983,968,0
1943,1435.2968074195053,18,0,0,1,1,0.18248838507241893,1792,0
1944,778.0631764171637,20,0,0,0,1,0.31918546119103264,455,0
1945,2041.7690447521893,8,0,0,0,1,0.8299437905161694,1821,0
1946,757.7773916560575,20,0,0,0,1,0.9527536395893381,1954,0
1947,1598.94672391566,9,0,0,0,3,0.8765086665323193,1558,0
1948,1065.0075702295487,23,0,0,0,6,0.8714882827261381,1478,0
1949,3381.417403668647,22,0,1,0,2,0.0043159674036648,76,0
1950,1041.6968784684482,10,0,0,0,1,0.4483879525907547,1396,0
1951,186.22721827527587,0,0,0,0,0,0.8370317577830206,54,0
1952,3873.529944757668,19,0,0,0,0,0.03521420354266824,1706,0
1953,443.3092905067313,7,0,0,0,2,0.6940866558155939,1710,0
1954,570.3405629969758,19,0,0,0,2,0.5011032772385797,249,0
1955,604.4619394007918,11,0,0,0,3,0.790378266347839,1308,0
1956,4334.831822412349,0,1,0,0,3,0.26079068280647877,602,0
1957,129.58354211764595,9,0,0,0,4,0.8821906282209632,1276,0
1958,25279.486452108078,3,0,0,0,4,0.29674877660898225,1481,0
1959,3152.833366843043,14,0,0,0,2,0.9511940245214,1585,0
1960,1370.922176799999,18,0,0,0,1,0.6404743861365746,411,0
1961,1038.0570247792114,5,1,0,0,1,0.19698452846237458,1191,0
1962,1459.0693425703637,4,0,0,0,3,0.7759409688749844,1628,1
1963,1846.6388511014547,4,0,0,0,3,0.5347857569995403,628,1
1964,2090.619235388532,17,0,0,0,0,0.40786295019722707,736,0
1965,1911.4252864054129,2,1,0,1,0,0.4721118643529142,738,1
1966,1199.4047622521487,21,0,0,0,0,0.3993375564070034,568,0
1967,900.2401667703148,1,0,0,0,1,0.7074654671686853,1248,0
1968,942.6798433516662,3,0,0,0,2,0.2588562214586485,970,0
1969,902.4305367432023,17,0,0,0,3,0.5120773784469377,1827,0
1970,3407.6224449073134,8,0,0,0,1,0.7554286237016766,914,0
1971,1985.3623534507785,18,0,0,0,3,0.14361024322762228,1785,0
1972,57.95178462959929,9,0,0,0,3,0.2918351915444217,421,0
1973,2113.077673012237,21,0,0,0,2,0.21345263248885382,1916,0
1974,1332.398785383715,14,0,1,0,4,0.5719098133522194,1176,0
1975,1076.3072449051917,0,0,0,0,2,0.4120598206632935,1304,0
1976,743.5838574102803,10,0,0,0,2,0.32394735987286705,542,0
1977,3374.872146214699,13,0,0,1,1,0.3577906898255938,155,0
1978,2828.5697158593453,9,0,0,0,1,0.4695377554771264,670,0
1979,506.29643221799773,18,0,0,0,2,0.4184141084388583,1924,0
1980,1647.5626403729298,23,0,0,0,3,0.7063239893496156,795,0
1981,415.02687013947383,20,1,0,0,2,0.6927136976389795,1133,0
1982,275.9947476302995,15,0,0,0,3,0.026628461153120342,451,0
1983,585.9783100995701,7,0,0,0,1,0.7096316636372102,134,0
1984,2597.7305368207067,1,0,0,0,0,0.22200879471614732,1543,0
1985,2844.4501112793228,22,0,0,0,4,0.419822364715292,1399,0
1986,1831.856880340109,6,0,0,0,1,0.22245663468092003,341,0
1987,2264.469483467862,18,0,0,0,2,0.11897038897479817,1479,0
1988,1837.5313407186622,6,0,0,0,5,0.5839263819031246,1282,0
1989,577.3902637024272,14,0,0,0,3,0.9506264383577816,457,0
1990,1689.0517312581167,7,0,0,0,1,0.371965480379291,1219,0
1991,2441.601670390799,13,1,0,0,4,0.6782683734724322,752,0
1992,2331.556454610741,0,1,0,0,0,0.45305303595743207,1167,0
1993,3600.8073798324695,12,0,0,0,2,0.18128162859964947,1969,0
1994,2226.7621244397783,2,0,1,0,3,0.9209677033432123,35,1
1995,1558.451856082463,20,0,0,0,3,0.44961097038712483,213,0
1996,3197.582192357185,5,0,0,0,0,0.008409018184797779,785,0
1997,1067.9313524808067,18,1,0,0,0,0.45664011333565446,838,0
1998,454.0127806117351,14,0,0,0,1,0.0059329299078172415,1167,0
1999,931.6274807850133,3,0,0,0,2,0.7939208341938043,1548,1
2000,520.6600612511301,20,0,0,0,2,0.36785614213328455,673,0
2001,558.2582813123857,2,0,0,1,2,0.6146087536088738,1917,0
2002,949.0688341064142,3,0,1,0,3,0.7667158349530576,906,0
2003,496.49830967598115,4,1,0,0,5,0.027705452440552114,1734,0
2004,805.9635114765546,17,0,0,0,2,0.5180827066445172,1706,0
2005,165.0725927231457,9,0,0,1,2,0.6380778401971278,673,0
2006,1357.3556451050868,7,0,0,0,1,0.47116611460367497,1912,0
2007,1097.9559198002808,11,0,0,0,2,0.30629347293632836,13,0
2008,484.4001730533222,21,1,0,0,4,0.4632174495709731,1406,0
2009,2120.15752347664,2,0,0,0,3,0.3931896744923804,1730,0
2010,2800.5472895769317,17,0,0,1,4,0.6115685994683525,1554,0
2011,219.73892467380205,22,0,0,0,2,0.4691117630181012,1650,0
2012,511.46298717474974,7,0,0,0,3,0.1302003553478569,721,0
2013,508.1911468909112,0,0,0,0,2,0.08392255393220538,1378,0
2014,428.41694797526634,13,0,0,0,1,0.16321217547966416,776,0
2015,2513.6089847042904,21,0,0,0,3,0.06561460511339401,1336,1
2016,903.4076229274073,22,0,0,0,2,0.2535656676748682,477,0
2017,841.7517682224842,12,0,0,0,1,0.06996050748035576,1926,0
2018,147.84103897879996,11,0,0,0,2,0.6035811052065859,719,0
2019,2070.2362914614746,2,0,0,0,3,0.44467856371154424,607,0
2020,317.58376336072496,17,0,0,0,3,0.25545384930934534,1453,0
2021,1164.366720054574,20,0,0,0,2,0.012549391297865142,1054,0
2022,1447.1869808695087,12,0,0,1,4,0.14624064637850087,980,0
2023,4275.509672229349,14,0,0,0,1,0.6667155384072325,666,0
2024,296.24286295881745,9,1,0,0,2,0.24940842695192345,660,0
2025,53.54314857047292,0,0,0,0,0,0.3329215648031627,440,1
2026,1317.9720978284074,5,0,0,0,1,0.07633029496243116,1048,0
2027,6637.636176085757,8,0,0,0,8,0.5482815645581058,60,0
2028,3785.5495729464365,9,0,0,1,3,0.8043676623686198,808,0
2029,1352.4315713903727,14,0,0,0,0,0.35329232055868864,1456,0
2030,670.7280836435433,8,0,0,0,2,0.11470173352776125,1552,0
2031,2458.0474558629508,22,0,0,1,1,0.9539699839792217,1594,0
2032,414.2434316994585,13,0,0,0,2,0.511276222675733,1092,0
2033,1765.7976071461528,10,0,0,0,1,0.08942298214876998,866,0
2034,1817.9597943368785,6,0,0,1,0,0.4973745294913481,1091,0
2035,3165.954622230582,23,1,0,0,1,0.04491767172328587,1661,0
2036,17320.742295589447,1,0,0,1,5,0.05529230476006208,195,1
2037,1623.6240005800803,13,0,0,0,6,0.3184919167237409,1855,0
2038,659.2061936727171,5,0,0,0,1,0.6772566901729076,294,0
2039,1068.9431058950413,4,0,0,0,1,0.705056508004798,881,0
2040,186.965497617245,4,0,0,0,0,0.9014544234150467,1345,0
2041,547.4586145173482,18,0,1,0,0,0.10798625843848586,1292,0
2042,728.3032851232912,18,0,0,1,0,0.46398531057991155,211,0
2043,649.3108710293465,5,0,0,0,2,0.4763614791524853,1763,0
2044,1277.1098471577498,9,0,0,0,1,0.4608326960415847,1266,0
2045,481.8245615551974,22,0,0,0,2,0.841488258007252,1012,0
2046,3364.486625116612,13,0,0,0,2,0.8113526647989351,1221,0
2047,1096.8602561948792,16,0,0,0,3,0.5077465933587559,1067,0
2048,1086.4813983719039,2,0,0,0,1,0.7785252027321258,1843,0
2049,790.0571491075536,0,0,0,1,0,0.0591931572134643,1447,1
2050,1280.736630371337,9,0,0,1,2,0.5321332207229643,458,0
2051,2502.6320190615456,2,0,0,0,1,0.09490322714957722,138,0
2052,460.7565370471941,4,0,0,0,0,0.8669952129224046,229,1
2053,567.8648844447997,18,0,0,0,1,0.5031481081489452,1316,0
2054,809.3844101199433,9,0,0,0,2,0.017558711509306657,1394,1
2055,285.46775386264693,15,0,0,1,2,0.5496530361668643,1913,0
2056,483.35053717996703,0,0,0,0,1,0.7377692287541693,227,0
2057,681.1476706366868,5,0,0,0,0,0.1349068134154897,1369,0
2058,2629.0798070902074,8,0,0,0,1,0.2828474718782924,1713,0
2059,1425.9040733940992,4,1,0,0,0,0.4482882354813519,1787,0
2060,1330.8723538674863,13,0,0,0,2,0.414621777754687,947,0
2061,2568.0392839161213,9,0,0,0,0,0.5028662855019826,954,0
2062,955.8760134538287,1,0,0,0,0,0.01649057839560497,1663,0
2063,1620.4592082297002,4,0,0,0,2,0.7381523908430262,735,0
2064,989.0829958571672,0,0,0,1,1,0.31536011650654117,1403,0
2065,1429.9036586337977,9,0,0,0,3,0.7017997728966612,356,0
2066,612.3116239550645,21,0,0,0,4,0.855209434631053,211,0
2067,95.69660685058358,8,1,0,0,2,0.6872766399660775,1910,0
2068,958.8367565455553,2,0,0,0,2,0.6719174267981799,1799,0
2069,4549.388630982531,14,1,0,0,2,0.5790267805719551,393,0
2070,2768.9276720912153,3,0,0,0,3,0.001016359870265271,1497,0
2071,2879.573536586148,12,0,0,0,0,0.9038188416325164,151,1
2072,3774.905853138685,5,0,0,0,3,0.8335725606661848,973,0
2073,1198.2981142043798,19,0,0,0,3,0.19456104652163564,1530,0
2074,1335.84016158309,16,0,0,0,2,0.1802921031070781,1911,0
2075,591.3145471871336,22,0,0,0,0,0.03682678023514285,1855,0
2076,799.4525204631824,4,0,1,0,2,0.3795241230437306,1578,1
2077,2029.9595582055242,14,1,0,0,3,0.9851964107645759,1547,0
2078,3655.1208545179647,7,0,0,0,2,0.09725471424322063,1379,0
2079,953.895116204603,4,0,0,0,2,0.5650131489713884,984,0
2080,699.1118439943144,23,0,0,0,1,0.26487591964007595,1442,0
2081,1097.2122884818577,12,1,0,0,3,0.8616313265588207,557,1
2082,2000.6086713754878,0,0,0,0,0,0.5072068450526147,1743,0
2083,258.8231950162051,0,0,0,0,3,0.8535544205801093,267,1
2084,110.36786867411446,6,0,1,0,2,0.9296045113351313,820,0
2085,632.3627180664537,21,0,0,0,4,0.6335922348600173,595,0
2086,323.5286181226336,4,0,0,0,4,0.2828379981088509,828,1
2087,659.7492260934202,13,0,0,0,2,0.4484167483322501,816,0
2088,945.9783483233768,14,0,1,1,4,0.6314728002934916,1820,0
2089,696.9764280094768,20,0,0,0,2,0.6508517411830538,1008,0
2090,4686.6228829729325,16,0,1,0,4,0.06702901152694363,1721,1
2091,1520.4243683868601,23,0,0,1,4,0.35056301626853315,422,0
2092,1481.0022886547954,17,1,1,0,1,0.5323969482484908,398,1
2093,2043.0664991505096,6,0,0,0,3,0.33640383933162044,1223,0
2094,351.13363665579885,21,0,0,0,1,0.5780822581236296,1782,0
2095,3099.858633759184,17,0,0,1,4,0.17602218677832115,672,0
2096,1016.616985953941,18,0,0,0,4,0.034585675467692756,696,1
2097,2144.1116946976595,19,1,1,1,0,0.34132187135716685,1793,0
2098,375.45655556964937,6,0,0,0,7,0.5682295734171569,61,0
2099,231.8849246066692,7,0,0,0,1,0.01100250661271951,1015,0
2100,2484.6563967007,12,0,0,0,2,0.611637986709058,470,0
2101,1597.8424446021586,17,0,0,0,2,0.354524259166323,1249,0
2102,444.94400627003307,23,0,0,0,2,0.993108362534833,1840,0
2103,459.59097940474896,10,0,0,0,1,0.7827910744329785,1164,0
2104,3379.336895323487,8,0,0,0,3,0.29104696429809274,797,0
2105,333.81538716770797,22,0,0,0,0,0.971494110962014,801,0
2106,5668.461124417033,0,0,0,0,4,0.2783530661036765,801,0
2107,445.58109659589866,21,1,0,0,1,0.10826744480994133,278,0
2108,2076.4021213661676,7,0,0,0,3,0.026866321783399538,1148,0
2109,789.4855448257574,20,0,0,0,6,0.7834927719798002,1094,0
2110,2004.5751681544189,11,0,1,0,3,0.31909707706709856,1631,1
2111,636.4373586815656,1,0,0,0,0,0.9843364705183608,1517,0
2112,931.8828356188026,14,1,0,0,2,0.6182093610556204,1785,0
2113,1142.4372243514542,20,0,0,0,3,0.16429316500105784,1748,0
2114,402.54727533849115,23,1,0,0,1,0.3360483066334874,1616,0
2115,2300.3678994774173,17,0,0,1,6,0.5123399130213141,929,0
2116,656.4105512635128,16,0,0,0,2,0.721715123695927,1163,1
2117,872.5326587952306,14,0,0,0,3,0.5914150711103652,1954,0
2118,405.7148712787084,19,0,0,0,3,0.26000191206110246,1253,0
2119,84.57733654671956,19,0,0,0,3,0.4760378985145459,439,0
2120,905.9392378469481,8,1,0,0,4,0.21648678998607707,229,0
2121,12241.846733591103,2,0,0,0,0,0.34978730529734725,1116,1
2122,2403.314938980482,19,1,0,0,2,0.28558094925888444,191,0
2123,1075.7136924870433,18,0,0,0,0,0.898553327698768,1030,0
2124,843.1198939068875,17,0,0,0,3,0.7880732742131427,812,0
2125,1121.5488298852656,19,0,0,0,4,0.5316011750652184,385,0
2126,1895.2747904847122,7,0,0,0,4,0.17420449130560378,37,0
2127,336.69826886952364,0,1,0,0,0,0.5936302558162572,982,0
2128,3341.9899256014123,23,0,1,1,1,0.3545651422755942,1505,1
2129,2242.5778643341214,23,0,0,0,3,0.03726541433658914,402,0
2130,2248.8757995902374,14,0,1,0,1,0.6891870158992093,102,0
2131,1700.1567621285244,18,1,0,0,3,0.25568322165714363,93,0
2132,1118.3578216975911,9,0,0,0,2,0.23416399058084358,1511,0
2133,2149.2220876829383,11,0,0,0,0,0.6637967283760087,1410,0
2134,1981.9056964071183,5,0,0,0,2,0.8714216808085418,705,0
2135,769.6680277253073,12,0,0,0,1,0.2820292111334395,838,0
2136,617.9442401565152,3,0,0,0,2,0.777554106642479,752,0
2137,1214.2189326408202,12,0,0,0,4,0.8857386544209556,511,0
2138,5161.694270074327,16,0,0,0,1,0.21097630086391628,667,0
2139,317.6318235177141,0,0,0,0,1,0.917432207756288,874,0
2140,252.7686729364347,4,1,0,0,0,0.28311224093654463,1295,0
2141,1293.0523190252761,23,0,0,0,2,0.2177963200047438,1870,0
2142,1153.8825919982735,16,1,0,0,2,0.36070339397537654,395,1
2143,1304.195512791945,17,0,0,0,3,0.22821566717383313,5,0
2144,1399.6160078975329,6,0,1,0,1,0.5725377734936976,339,0
2145,877.2550274480715,15,0,0,0,3,0.472772776939576,1499,0
2146,4865.201629150446,7,0,1,0,1,0.6698257321389401,110,1
2147,221.20636000624802,11,1,0,0,3,0.7243050496588479,377,0
2148,478.9053483233777,13,1,0,0,1,0.08180292952053192,577,0
2149,989.0503495193213,18,0,0,0,4,0.15363210074094502,1135,0
2150,212.0476871674088,10,1,0,0,2,0.7896785542274191,41,0
2151,919.7901954093008,11,0,0,0,3,0.06624347493066396,353,0
2152,5776.0201302924115,12,1,0,0,3,0.6587961428129556,1631,0
2153,1119.778848724393,7,0,0,0,1,0.6635167342816531,1949,0
2154,1381.1902490425914,0,1,0,0,1,0.7371139204326241,1639,0
2155,311.01316262212237,8,1,0,0,4,0.2186550648783716,1536,1
2156,592.0781237436752,1,0,1,1,1,0.1510512010188816,1985,0
2157,753.5562144095849,13,0,0,0,2,0.4499599127331665,1789,0
2158,798.1407044267163,12,0,0,0,5,0.0427954995505887,1773,0
2159,3950.6831606491846,15,0,0,0,1,0.8418447840245171,374,0
2160,1915.4178202703665,1,0,0,0,2,0.7467607253803074,1664,0
2161,360.8787549527328,3,0,0,0,3,0.8846969610340688,1819,1
2162,1403.1918008654804,11,0,0,0,1,0.06975757017663675,701,0
2163,1804.8301172972947,15,0,0,0,4,0.9208764584775799,1065,1
2164,3429.4289469211517,9,0,0,0,3,0.7566343320314479,967,1
2165,5326.984976024054,2,0,0,0,3,0.11275658170632885,1084,0
2166,397.38508905857,3,0,0,0,5,0.10467840423909724,1088,1
2167,487.42795202101905,5,0,0,0,1,0.8999849181849913,491,0
2168,311.81876607986794,22,0,0,0,2,0.4661494793770097,479,0
2169,867.8163733959276,4,0,0,0,1,0.9988496639783281,1693,0
2170,1748.228685225305,17,0,0,0,0,0.6350090244912601,875,0
2171,2943.440801278834,2,0,0,0,2,0.6879017155728125,1382,1
2172,1016.4271635629868,9,0,0,0,2,0.4678748373281413,1525,0
2173,796.440541419556,10,1,0,0,4,0.43689205156661537,109,0
2174,1276.3477935565986,18,0,0,0,1,0.8018479216779866,1219,0
2175,475.73315503438465,13,1,0,0,0,0.44873933274529576,1323,0
2176,8862.097216100188,20,0,0,0,3,0.49837747563549173,1538,0
2177,219.71669640445637,10,1,0,0,1,0.3909076114767084,1970,0
2178,1319.1469793178428,20,0,1,0,2,0.19628775083959338,1545,0
2179,8296.642710375861,3,0,0,0,2,0.8489063720034977,1725,1
2180,1104.1155040079227,23,1,0,0,0,0.22071247387422055,1011,0
2181,906.8354079351723,21,0,0,0,0,0.30168474366804154,231,0
2182,767.051985817388,5,1,0,0,0,0.5927975146526827,1486,0
2183,915.6263057116278,16,0,0,0,2,0.3261227964339719,560,0
2184,4327.9465674919575,21,0,0,0,1,0.3533771657164586,212,0
2185,120.07758657779537,18,0,0,0,1,0.003883482381150327,1550,0
2186,5081.865518928572,12,1,0,0,0,0.8010172150696732,1399,1
2187,264.0247496825883,21,0,0,0,0,0.4944268012508206,86,0
2188,839.954455534456,9,0,1,0,0,0.19621967555952669,1307,0
2189,713.9090545888481,10,0,0,0,1,0.7121868562926178,1231,0
2190,1975.4534971178691,5,1,0,0,5,0.656003654214731,1306,0
2191,221.82208643534716,1,0,0,1,6,0.3763751421764666,1295,1
2192,1740.9264030678637,0,1,0,1,1,0.5781460603862232,1375,1
2193,8302.480655496014,10,0,0,0,4,0.6666917905606656,1931,0
2194,280.5707707859785,15,0,1,0,2,0.06198204532973928,1422,0
2195,1325.7136107740428,2,0,0,0,1,0.4176133437964057,772,0
2196,565.6739330621552,4,0,0,1,3,0.524672329260943,1763,0
2197,1678.8884326718303,14,0,1,0,3,0.7233181638294164,1979,1
2198,1117.833568686538,14,0,1,0,3,0.3816844681489804,864,1
2199,577.3871955618644,3,0,0,0,1,0.17076764291636726,1828,0
2200,1786.2474199905857,22,0,0,1,5,0.0896185952677635,306,1
2201,6663.153232266832,3,0,0,0,3,0.8093657831745229,1056,1
2202,906.0515548869084,7,0,1,0,1,0.4791796784996305,1659,0
2203,2252.4143000098034,6,0,0,0,2,0.22930337474465134,334,0
2204,300.8846720909113,16,0,0,1,3,0.8048343646075331,1634,0
2205,421.39204480662573,14,0,0,1,4,0.8119408682880436,756,0
2206,1758.8338406466191,4,0,0,0,0,0.6512802814429803,1979,0
2207,4837.319522036704,12,1,0,1,3,0.12011437507025724,963,0
2208,1564.9565652976012,3,0,0,0,0,0.3034889059854584,293,0
2209,801.8663671459765,21,1,0,0,4,0.8824926822239524,1969,0
2210,1095.8563653680035,16,0,0,0,2,0.12152372432766045,1815,0
2211,314.0625801936042,21,1,0,0,4,0.7005522425020727,1444,1
2212,2007.2388021667384,16,0,0,0,1,0.2560818119248992,342,0
2213,2650.0480802954926,13,0,0,0,3,0.03420372733272892,1970,0
2214,697.7840473678127,13,0,0,0,3,0.6890565864630784,1780,0
2215,685.3693241016017,16,0,0,0,0,0.2649114865868465,1008,0
2216,1430.6415079987437,7,0,0,1,1,0.7430018466861537,1525,0
2217,708.5922561270784,1,0,0,0,2,0.3669927964064611,886,0
2218,1026.4560143038657,12,0,0,0,1,0.21938278247387422,620,0
2219,8952.801590578749,21,1,0,0,1,0.9099787412985512,1537,1
2220,856.6027703111822,15,1,0,1,2,0.3552434224857204,254,0
2221,766.3659889359666,15,0,0,0,4,0.9144851043064015,1151,0
2222,573.901738489509,5,0,0,0,4,0.9612797702641196,228,0
2223,2308.1277371911565,21,1,0,0,1,0.40644181468162943,1330,0
2224,914.8643718312396,23,1,0,0,1,0.7183001028886964,782,0
2225,572.8517525449922,3,0,1,1,2,0.3965547414725602,1594,1
2226,4110.516761341201,2,0,0,0,1,0.6564448241996838,1233,0
2227,4535.10268247102,5,0,0,0,5,0.7718647106490985,1277,0
2228,601.590170914296,3,1,0,0,4,0.6384527553487938,1790,0
2229,169.60293839321028,17,0,0,0,5,0.2895655603930998,1679,1
2230,3003.4403377071158,5,0,0,0,2,0.30816562701029715,315,0
2231,553.0067315538374,4,0,0,0,3,0.86170244391289,603,0
2232,2417.829701392365,8,1,0,1,2,0.5640501758585384,256,0
2233,152.91713636430893,10,0,0,0,2,0.9015744443473271,1145,1
2234,2677.3889823811364,5,0,0,0,3,0.41883157486041234,239,0
2235,326.6300127126358,15,0,0,0,1,0.2632671750191248,721,0
2236,2277.3416963229793,18,1,0,0,2,0.6082096898433241,642,0
2237,1112.397714550545,10,0,0,0,2,0.890011613987839,601,0
2238,422.44555754106017,20,0,0,0,0,0.5013553517707592,328,0
2239,729.940984025138,14,0,0,0,1,0.2778182920508616,1983,0
2240,2178.3401287996,23,0,0,0,1,0.2215289307971554,1290,0
2241,1219.1320536619378,8,0,0,0,1,0.44919597212451867,1180,0
2242,1967.291456408958,23,0,1,0,2,0.8543321118034526,1146,0
2243,7914.411242464409,18,0,1,0,4,0.28567259742645335,1722,0
2244,229.4668072425042,18,1,0,0,1,0.553725622522044,1956,0
2245,5525.961702108271,23,0,0,0,1,0.17305094381586072,370,1
2246,1217.2578421101862,8,0,0,0,1,0.743060432262841,1512,0
2247,446.40024132826704,22,0,0,0,0,0.45915967682108794,1955,0
2248,289.94358635912096,3,0,1,0,0,0.23859043519190226,250,0
2249,907.6688498048762,9,0,0,0,2,0.7549598873721824,1104,1
2250,2756.315524363986,8,0,0,0,1,0.7280423012233148,1745,0
2251,965.3115313186258,18,0,0,0,3,0.033560509549750206,1138,0
2252,4969.899662461516,14,0,0,0,1,0.4416685270978612,1076,1
2253,256.9353019836894,18,0,0,0,4,0.5930265599407032,577,0
2254,1083.4558278812844,1,0,1,0,1,0.255972636429597,598,1
2255,313.4395616201919,9,0,0,0,1,0.056291810251827834,196,0
2256,1577.5556681328517,18,0,0,0,2,0.28397641776977944,1212,0
2257,2662.144793158348,16,0,0,0,0,0.8671294779724872,1563,1
2258,719.9906359632621,19,0,0,0,3,0.3393296870003202,1126,0
2259,81.10836851233007,23,0,0,0,1,0.7866888902854878,1685,0
2260,1338.0226205641457,20,0,0,0,2,0.7022219274341507,75,0
2261,1697.2058356715754,1,0,0,0,1,0.9586009503079301,543,1
2262,1643.0256916677067,18,1,0,1,5,0.8720257951221119,1476,1
2263,3773.5904145100635,16,0,0,0,3,0.94158588813429,1367,0
2264,375.7583762063482,17,0,0,0,1,0.023294945739498196,44,0
2265,2165.0876085275345,16,1,0,0,2,0.2972937441794916,1895,0
2266,3613.7724745138744,1,0,0,0,1,0.8727513619737421,1524,0
2267,185.1955726212372,18,0,0,0,4,0.37271249399243056,1524,0
2268,1509.6782474106926,0,1,0,0,2,0.05274286459241073,1560,0
2269,662.3672556756045,10,0,0,0,0,0.9286173428801386,1291,0
2270,1010.779735062408,9,0,0,0,5,0.45199697434730146,1061,0
2271,1552.584877076998,4,0,1,0,0,0.05180907391035883,396,1
2272,673.6909239207288,15,0,0,0,2,0.28380870404619285,190,0
2273,557.9625920730058,23,0,0,0,0,0.8557746133107712,1589,0
2274,1134.7327248693546,4,0,0,0,4,0.7896648033763196,1513,0
2275,369.72299427850703,23,0,0,0,4,0.9972464654756144,1034,1
2276,370.2486737546226,22,0,0,1,3,0.4400325303468535,1462,0
2277,2163.263592758437,11,0,0,0,2,0.30252349135026335,1636,0
2278,347.6533855351993,3,1,0,0,1,0.13314807318125876,926,1
2279,2135.1933869091517,22,0,0,0,1,0.29806083969413466,143,0
2280,1741.655354036834,5,0,0,0,1,0.19963353988845933,583,0
2281,195.2329129538148,18,0,0,0,4,0.6680214905142212,1568,0
2282,556.9276547081914,8,0,1,0,3,0.7661814999501938,1064,1
2283,3619.5659816040593,11,0,0,1,5,0.803619873924147,1903,0
2284,411.09916750545426,14,0,0,0,1,0.7521695370490376,455,0
2285,689.2442708307984,15,0,0,0,3,0.49034044188591575,1670,0
2286,1740.7318256713256,12,1,0,0,0,0.3924631567782292,812,0
2287,2400.399616337468,20,0,0,1,3,0.10015260032104112,606,1
2288,852.745474175053,23,0,0,1,2,0.5786477326900975,1260,0
2289,603.3453818493159,6,0,0,1,1,0.4528300110676232,1726,0
2290,4547.668039169697,22,0,1,0,2,0.24325524254726238,1487,0
2291,6241.024707316233,19,1,0,0,2,0.8025637743191356,1634,0
2292,2918.596271631412,3,0,0,0,2,0.7110768330098015,688,1
2293,1194.3031337167056,10,1,0,0,1,0.5681602281041699,1509,0
2294,488.69290123590304,7,0,0,0,0,0.20051597910298102,326,0
2295,477.9736442616677,5,0,1,0,2,0.5700227232927026,539,0
2296,1849.2105647902783,9,0,0,0,0,0.2040954196252831,1148,0
2297,1666.3622247097853,6,0,1,0,0,0.7322844094499954,306,1
2298,4454.181482502325,6,0,0,0,2,0.17240427267607716,937,0
2299,2101.5912871308233,3,0,1,0,1,0.7395432228187786,1962,0
2300,243.9393669338539,2,0,0,0,1,0.5407602175993658,1604,0
2301,3139.904353353507,23,1,0,0,1,0.9766352497249406,1167,0
2302,404.2119514475218,6,1,0,0,2,0.4669050554362665,720,0
2303,746.9727670537991,3,0,0,0,1,0.23971464167281087,1743,0
2304,1408.3867878204424,12,1,0,0,4,0.8396558961619813,1109,0
2305,8068.053174022388,19,0,0,0,3,0.5803924621856099,949,0
2306,24585.658300690262,16,0,0,0,2,0.5368232414902787,1623,0
2307,2011.6751443963658,6,0,1,0,4,0.10525523792624525,537,0
2308,913.0616302050971,16,0,0,0,3,0.38071973211394305,1980,0
2309,1871.518941802005,3,1,1,0,0,0.004645484627566865,1033,0
2310,2664.190200974458,10,0,0,0,2,0.21553365321599183,822,0
2311,795.7876464547795,2,0,0,0,1,0.5251352251607107,1568,0
2312,6602.55091696651,10,0,0,0,3,0.47332792704562654,1529,0
2313,1380.3201709707705,2,0,1,0,2,0.5673875748762609,628,0
2314,1803.9664251102024,11,0,0,0,2,0.8681108091610847,575,0
2315,2134.3645614276957,0,0,0,0,2,0.26011763341976324,365,0
2316,1671.683715892256,3,0,0,0,0,0.6770473915043693,325,1
2317,2537.5149132347315,13,0,0,0,1,0.5510985837506568,933,0
2318,591.550356558884,0,0,0,0,1,0.8205377088199954,349,0
2319,627.4714964900295,13,0,0,0,3,0.26733177834263033,1813,0
2320,364.9811713933775,12,0,0,0,0,0.9902874906461817,1088,0
2321,1701.9011532411805,12,1,0,0,1,0.6638874146750431,1281,0
2322,2389.7319970492676,23,0,0,0,4,0.040514351992043784,1735,0
2323,1733.2835011504942,14,0,0,0,1,0.00464031791831343,70,0
2324,5851.7288901865695,16,0,0,0,2,0.8678435405726964,1363,1
2325,1090.5135174084462,11,0,0,0,3,0.26163161079091524,764,0
2326,2140.3864066953033,21,0,0,0,5,0.23706399566188496,1320,0
2327,368.0795649346561,22,1,0,0,0,0.549789455066667,1550,0
2328,744.6395661815536,13,0,0,0,2,0.16939158661813813,518,0
2329,2198.5157609818843,11,1,1,0,1,0.28866908446676354,187,1
2330,2563.4316055003555,17,1,0,0,1,0.5160939848362773,521,0
2331,817.3219266662858,3,1,0,0,0,0.9818785893528661,1271,1
2332,1020.8600610977236,13,0,0,0,1,0.15318942946485048,1736,0
2333,240.35722478424,18,1,0,0,1,0.04194480229268427,1532,0
2334,767.3713161835094,12,0,0,0,2,0.7080375654534915,105,0
2335,2671.467333423538,22,0,0,0,2,0.6162167333694479,1494,0
2336,1949.2598513723274,17,0,0,0,1,0.31329417316369657,200,0
2337,1809.2464676870222,10,0,0,0,0,0.2793973237780637,364,0
2338,1152.5978655923934,5,0,0,0,1,0.8678563008836591,446,0
2339,1104.406271432919,8,0,0,0,1,0.3213213647164813,290,0
2340,566.6143199364898,11,1,0,0,3,0.5929861780895314,1649,1
2341,2205.7622509908038,18,0,0,0,3,0.4253627056513205,393,0
2342,1670.6581747589823,13,0,0,0,1,0.5274215765310731,1994,0
2343,1793.6695852723028,14,0,0,0,4,0.888155608078933,1814,0
2344,648.0482525115764,10,1,0,0,1,0.4476742950863649,1663,1
2345,127.3140769204351,5,0,0,0,1,0.8254425794769632,1613,0
2346,3285.101116599143,13,0,0,0,1,0.6021957299739025,426,0
2347,679.3677212941323,2,0,0,0,1,0.3635230925731584,499,1
2348,462.76725372553574,18,0,0,0,1,0.024859751428643606,1507,0
2349,2193.9940127550967,19,0,0,0,0,0.667436780671422,712,0
2350,740.9901705407198,10,0,0,0,1,0.6965404389496479,973,0
2351,3165.0887778123943,23,0,0,1,1,0.9929525059014706,739,0
2352,2032.467700081145,16,0,0,0,3,0.7110366938776991,1373,1
2353,2172.359804541102,16,1,0,0,2,0.81973954727901,1790,1
2354,279.7913897262346,22,0,0,0,3,0.16731403532191613,1226,0
2355,3684.6985084455905,2,0,0,0,5,0.762937917407045,1950,0
2356,1424.036225969775,13,0,0,0,5,0.3519846100497853,635,1
2357,758.0299227250578,6,0,0,0,2,0.979999267838048,454,0
2358,1265.7099478637415,18,1,0,0,3,0.4517339991457592,1309,0
2359,185.63173042875158,2,0,0,0,1,0.46483851370865714,294,0
2360,1650.201715896061,1,0,1,0,1,0.49752470037417407,5,0
2361,391.7518061995832,16,0,0,1,2,0.3077775580261247,263,0
2362,283.53333900542964,8,0,0,0,4,0.3796205583856024,1931,0
2363,239.28153126778815,21,0,0,1,1,0.392326922970328,1748,0
2364,3336.5358430317856,5,1,0,1,3,0.5129698493322775,1051,0
2365,584.4882080623784,23,1,0,0,1,0.1412861029183431,1599,0
2366,5083.359850860177,20,0,0,0,2,0.5975436628575265,79,0
2367,641.7498185108489,8,0,0,0,1,0.5390191416108172,349,0
2368,198.86815001757458,4,0,1,0,2,0.9822559043281641,268,0
2369,359.05499280269856,1,0,0,1,3,0.874435469027194,443,0
2370,3773.7014660601,21,0,0,0,0,0.46250025151218055,826,0
2371,938.3301150034486,14,0,0,0,1,0.6980800563502056,294,0
2372,633.7868527492463,8,0,0,0,2,0.6556142540596999,801,0
2373,1286.93438816884,18,0,0,0,0,0.2348497220388499,931,0
2374,1811.2685518822766,9,0,0,0,1,0.3329636672331804,1207,0
2375,3352.289472113637,3,0,0,0,2,0.03342169490004976,1791,0
2376,4668.0617883278155,9,0,0,0,2,0.09571954980188613,1083,0
2377,765.2720214457686,7,0,0,0,3,0.3096481037131935,889,0
2378,291.183110189619,21,0,0,0,4,0.7781005335319162,1068,1
2379,725.2633562364795,12,0,0,1,2,0.7157109431619852,1840,0
2380,1422.6555454820254,6,0,0,0,2,0.9642364649531081,1889,0
2381,418.3176506836249,6,0,0,0,0,0.3665389225391864,1935,0
2382,421.0910516935787,3,0,0,0,0,0.3428663981242486,1764,0
2383,1546.559215729054,14,1,0,0,0,0.10295115558096268,365,0
2384,1044.5564749604075,11,0,0,0,1,0.787626779098346,1207,1
2385,1133.1957249603247,15,0,0,0,0,0.16542809730360608,863,0
2386,513.6307721996754,5,0,0,1,0,0.9533757474515266,1260,0
2387,870.9628168819461,8,0,0,1,5,0.315790118006525,42,1
2388,435.18309724292396,2,0,0,0,1,0.6472638724245452,1433,0
2389,2670.9738190259122,7,1,0,0,4,0.45044644881893936,1400,0
2390,3087.9086693628415,6,0,0,0,1,0.22415814218890096,770,0
2391,173.09007742725902,3,1,0,0,1,0.4559982679132295,1618,0
2392,432.89237468935335,12,0,0,0,2,0.3259545471676212,41,0
2393,245.54267103725337,18,0,0,0,2,0.6254546077329938,940,0
2394,572.4790069042036,6,0,0,0,3,0.551187392272238,1330,0
2395,1008.8456447524512,9,0,0,1,1,0.08270110607599457,1626,0
2396,257.3288349144481,11,0,0,0,0,0.07214237742116225,1486,0
2397,436.2171574387678,2,0,1,0,2,0.9652397767109666,839,0
2398,401.83543049306314,23,0,0,0,2,0.30149567901939356,556,0
2399,1349.2003052045206,11,0,1,0,4,0.09054243403388396,1114,0
2400,1175.3771302974314,18,0,0,1,1,0.181838560871598,1723,0
2401,532.8619828632869,14,0,0,0,2,0.15448267929751935,1593,0
2402,1308.7409826842152,7,1,0,0,1,0.2099011529497975,1064,0
2403,634.8063015388299,11,0,0,0,1,0.046877907742051694,1084,0
2404,835.762840873998,19,0,0,0,4,0.1976942294866676,1531,0
2405,5845.644250316217,5,0,0,0,3,0.9413517345711101,1167,0
2406,4190.02111293594,9,0,0,0,0,0.5720474047780406,1867,0
2407,298.9925818068574,1,0,0,0,1,0.3252624183549161,606,0
2408,2514.2565133103017,23,0,0,0,1,0.7895153101392219,60,1
2409,2468.57552933819,12,0,0,0,0,0.8958474955674243,1141,0
2410,347.8379502943277,6,0,0,0,1,0.07073223841747034,1090,0
2411,2486.86371601349,7,0,0,0,1,0.34430918121631493,1142,0
2412,5104.776343688857,22,1,0,0,0,0.818610049241938,1959,1
2413,356.8998441273394,15,1,0,0,3,0.6071306678608822,1754,0
2414,438.121898610361,10,1,0,0,3,0.6822825743774148,1583,0
2415,3034.073748137159,3,0,0,0,3,0.5595664251038043,397,0
2416,1438.700149312121,16,0,0,0,3,0.08219966068429563,96,0
2417,1903.5508230186733,15,0,0,0,3,0.8507929006082513,1389,1
2418,1541.6201940136682,18,0,0,0,3,0.2383557739212604,615,0
2419,1620.8336926227726,22,0,0,0,1,0.10322050636067648,1813,0
2420,291.0595460060536,10,0,0,0,4,0.33950251346869553,490,0
2421,3125.4004770681186,6,1,0,0,0,0.7453293687157373,270,1
2422,3531.895562790332,12,0,0,0,1,0.8799540954433125,591,0
2423,871.8429076759774,18,0,0,0,2,0.6505021504387145,761,0
2424,1049.9764876495537,16,0,0,0,0,0.35809326349143955,1686,0
2425,237.19735056686855,21,0,1,0,4,0.7281793666875607,362,0
2426,1834.0001892714233,12,0,0,0,2,0.7665198046766193,969,1
2427,1943.134056734607,11,0,1,0,5,0.9230351197813171,840,1
2428,1030.5098749889303,6,0,0,0,1,0.11862461083966291,74,0
2429,3375.684372781261,0,0,0,1,2,0.1402422208109011,912,0
2430,785.1876776529498,0,0,0,1,3,0.43640106928591227,1993,1
2431,1928.7085751694112,19,0,0,0,5,0.34051239399580435,1118,0
2432,395.5731244658211,22,0,0,0,1,0.7722469881649203,769,0
2433,1071.106868295652,13,0,0,0,1,0.5883233652857583,971,1
2434,921.1710509624403,14,0,0,0,0,0.09601332596317314,418,0
2435,1373.7615619725273,10,0,0,0,1,0.5345759852777041,968,0
2436,757.8405983902173,23,0,0,0,1,0.28556038827322117,902,0
2437,961.5315755049228,8,0,1,0,4,0.40730462159432945,1441,1
2438,2505.007910608456,16,1,0,0,1,0.08143758975978121,1483,0
2439,708.5607236246773,3,0,0,0,2,0.03503124058499718,906,0
2440,219.95498224650427,19,0,0,0,1,0.965253109549704,1521,0
2441,6308.062803533319,18,0,0,0,5,0.7417202590459989,1115,0
2442,4365.351878651615,6,0,0,0,2,0.6531893701895959,1661,0
2443,301.18879826965855,0,0,0,0,4,0.6763355293075014,465,1
2444,2185.735808373924,8,0,0,0,4,0.6376499246255937,179,0
2445,663.1659293913913,12,0,0,0,3,0.37927632307298176,1433,0
2446,1427.2249098601662,23,0,0,0,2,0.49779624158778446,710,0
2447,1471.7745506212302,1,0,0,0,2,0.9252686624825822,722,0
2448,867.4797769565831,1,0,0,0,2,0.3708350774825596,1656,0
2449,500.8137795151278,23,0,0,0,3,0.1911857344622655,1835,0
2450,549.7474262133412,14,0,0,0,4,0.05415063619830507,1706,0
2451,438.696611646334,16,0,0,0,2,0.2604684212232653,515,0
2452,477.31554484388107,12,1,0,0,3,0.13111065527931665,1233,0
2453,1025.3832354633564,6,0,0,0,2,0.6509503400456903,111,0
2454,536.0567385055144,8,0,0,0,0,0.2365582058266884,1728,0
2455,2169.066274559683,11,0,0,0,3,0.33226942999961795,1066,0
2456,4852.484667544853,2,0,0,0,3,0.09570459075044113,438,0
2457,613.9704246287693,22,0,0,0,9,0.4355338286045676,143,0
2458,1393.264035790644,21,0,0,0,2,0.954832916561024,1040,1
2459,1807.4731701571793,14,0,0,0,0,0.4389473197102266,948,0
2460,1758.1234030521039,6,0,0,0,2,0.751184879973684,1638,0
2461,1183.173208537196,22,0,1,0,3,0.5700213693575534,1855,0
2462,2304.646124218504,0,1,0,0,6,0.31766522283943854,1580,1
2463,1776.2309467468672,13,1,0,0,1,0.9414100523848078,104,0
2464,318.0910230003607,18,0,0,0,3,0.518198676608496,1454,0
2465,2615.3574632628956,15,0,0,0,1,0.7720404153086559,996,0
2466,2663.2190446270793,9,1,0,0,3,0.1224752899136482,1940,0
2467,511.17597046272306,0,0,0,0,0,0.226646535370148,1851,0
2468,1139.0363027869964,4,0,0,0,4,0.4530429053680457,1142,0
2469,2171.837783194652,2,0,1,0,4,0.7694958167700882,322,0
2470,889.523726229896,16,0,0,0,1,0.8158055539078399,515,0
2471,3206.6371422990655,17,0,0,0,1,0.9778303564540841,1266,1
2472,11659.452397634726,20,1,0,0,4,0.9507364999962682,1182,0
2473,499.703022701867,18,0,0,1,1,0.42282789857286884,1964,1
2474,275.6013387872241,21,0,0,0,5,0.5319122875329583,1341,0
2475,1485.9634007568914,21,0,1,1,3,0.025480066222269615,969,1
2476,2256.48259310817,17,0,0,0,4,0.48927452463995325,1876,0
2477,870.5573390657062,15,1,0,0,1,0.03694656689321418,716,0
2478,4690.341453249593,1,0,0,0,1,0.013187681963600428,1421,0
2479,287.5492644816806,14,0,0,0,2,0.5561569362966765,195,0
2480,2192.7650866107124,12,0,0,0,0,0.897588978151711,667,0
2481,598.3280482704656,12,0,0,0,2,0.9649402357933531,1554,0
2482,6120.370459101626,15,0,0,0,2,0.7339401473863728,1902,0
2483,8042.661608060502,7,0,0,0,4,0.747426988258867,1841,0
2484,509.4559604961229,10,0,0,0,0,0.44187086697351774,418,0
2485,632.9825559929676,7,0,0,1,6,0.566556600205719,1460,0
2486,2590.4525961617355,21,0,1,0,4,0.5841103668581443,843,1
2487,744.6165219428337,9,0,0,0,3,0.06986871407202233,460,0
2488,1047.9475145260606,22,0,0,0,1,0.04562906316200288,1108,0
2489,1124.8313817796295,0,0,0,0,3,0.14541605450127137,1095,0
2490,160.82661252079558,11,1,0,0,1,0.7947691988439702,1966,0
2491,1081.5627380260821,8,1,1,0,1,0.5612131339505346,510,1
2492,550.194705695905,4,0,0,0,4,0.5912355764853585,80,0
2493,669.7316954304384,8,0,0,0,0,0.34922383827620085,1998,0
2494,4645.396477985862,15,0,0,0,1,0.8685427138721294,1079,0
2495,312.1528918374801,17,0,0,1,0,0.963493604304188,540,0
2496,2473.044314644326,7,0,0,0,1,0.2136698883949335,1572,0
2497,829.6774988394176,22,0,0,0,4,0.314999265876172,169,0
2498,829.0163118702723,10,1,0,0,3,0.32811715889944304,1471,0
2499,2417.2163682806645,19,0,0,0,1,0.9628155648977896,135,1
2500,1540.7911458568046,18,0,0,1,0,0.5178380994417674,946,0
2501,1940.329333565183,3,0,0,0,0,0.5675083465399403,1513,0
2502,2887.6106098353507,19,0,0,0,0,0.3682015877906064,1087,0
2503,787.3647554317729,9,0,0,0,1,0.8993928922272995,317,0
2504,594.5252961335237,23,1,0,0,1,0.19095223825736596,1993,1
2505,370.49852863851703,12,0,0,0,3,0.4571312686520499,1058,0
2506,480.38577067396886,19,0,0,0,2,0.22548794606395506,1496,0
2507,20933.257167968644,13,0,0,0,1,0.5851211686606665,247,0
2508,3807.3153253749083,20,1,0,0,1,0.5477942622295384,1489,0
2509,283.98619669459276,1,0,0,0,3,0.1312364223731317,957,0
2510,292.2302571056616,3,0,0,0,2,0.8306233151193774,1311,0
2511,1775.5509741566261,6,0,0,1,1,0.1224899309764984,1407,0
2512,1895.550918403992,18,0,0,0,1,0.17652746540295194,1423,0
2513,1898.6223729867688,16,0,0,0,1,0.2707091264574928,284,0
2514,849.8366941071964,15,0,0,0,4,0.8134967954915736,172,0
2515,967.3358437804451,12,0,0,0,2,0.20353793790898467,655,0
2516,1522.150663749477,23,1,0,0,4,0.21925964911846407,721,0
2517,1194.9898926463695,23,0,0,0,3,0.652019447023574,1048,0
2518,119.18770785028842,21,0,0,0,2,0.8297263757590246,845,0
2519,871.4864957456409,22,0,0,0,2,0.6991363251532212,42,0
2520,468.0586299489194,17,0,0,0,1,0.5374362859707604,959,0
2521,1306.6363194141074,20,0,0,0,0,0.6500989891880792,149,0
2522,21704.15514649031,11,0,0,0,1,0.5470965045248138,665,1
2523,1583.64062024471,22,0,0,0,6,0.35681070960990036,275,0
2524,801.4882515211686,0,0,0,0,3,0.6906331639397696,112,0
2525,2756.7328347042526,14,0,1,0,1,0.6873824338162892,259,0
2526,1777.010766972575,2,0,1,0,2,0.6324850552463263,1454,0
2527,1669.19122292621,5,0,1,0,2,0.6350950835115026,1944,1
2528,2011.9317178947204,13,0,0,0,1,0.23624329449376225,21,0
2529,8574.462302579484,22,0,0,1,2,0.9271960400439428,1281,0
2530,353.9343927255612,5,0,0,0,1,0.9922477108666439,1021,0
2531,1760.9911392254444,0,0,0,0,2,0.5556199246333353,1145,1
2532,434.24933338214123,19,0,0,0,2,0.22378650121942723,1202,0
2533,1911.2497880404303,5,1,0,0,1,0.31728175840829287,1439,0
2534,437.60360470377094,7,0,0,0,1,0.7396483630202083,519,0
2535,722.4391437931218,14,1,0,0,0,0.2721313990351988,672,0
2536,816.4046166133289,13,0,0,0,1,0.6086601973669008,1067,0
2537,2909.7333374301625,15,0,0,0,2,0.10285932013827215,1784,0
2538,2747.521314266266,19,0,0,1,5,0.9677392243141785,1124,1
2539,315.53910598945464,22,0,1,0,0,0.8410854998842117,1731,1
2540,1158.5611323299881,15,0,0,0,2,0.8216361105192119,188,0
2541,539.3798993882112,18,0,0,0,2,0.7763781021320542,1217,0
2542,311.52982789476863,23,0,0,0,4,0.00027961551941357854,1548,0
2543,882.6978440515255,0,0,1,0,1,0.06820251004166888,1802,1
2544,805.543505365649,3,0,0,0,3,0.5890248591469971,1399,0
2545,12415.692632346669,23,0,0,0,2,0.7686379079466515,967,0
2546,1690.8046609807832,9,0,0,0,2,0.7553178430993118,281,0
2547,276.54747312028803,19,0,0,0,4,0.5292132301775345,475,0
2548,623.4234580456373,17,0,0,0,1,0.5208951399018411,347,1
2549,3045.387090646094,1,0,0,0,2,0.08753479938869879,61,1
2550,8852.390131276225,3,0,0,1,5,0.9286538444703952,1862,1
2551,224.5316523712823,14,0,0,0,0,0.3128884685410219,1364,0
2552,167.34802314020183,3,0,0,0,2,0.2098987962348211,561,0
2553,7122.151782362926,15,0,1,0,3,0.5966955110784595,1174,0
2554,1619.0813142013344,14,1,0,0,0,0.023627988016940105,1532,0
2555,460.22121134721124,17,0,0,1,1,0.9611122795316074,1818,1
2556,1871.7499719455386,6,0,0,0,1,0.3657744197055455,1513,0
2557,78.59061269828328,14,0,0,0,2,0.29551700393725633,544,0
2558,1100.3411054685382,21,0,0,0,0,0.15163155248025217,855,0
2559,1522.0618468459995,10,0,0,0,1,0.5082818385891831,65,0
2560,2763.546615842143,18,0,1,0,1,0.3895323575916798,1764,0
2561,397.86153697539,7,0,0,0,6,0.3065091367894315,1429,0
2562,1194.7439353987904,23,0,1,0,4,0.1324462411312627,1358,0
2563,434.66489328328043,0,0,0,0,6,0.3253640586702101,1023,0
2564,1415.7061841788184,2,0,0,0,3,0.8201296795004082,147,0
2565,447.9374838217689,4,0,0,0,3,0.7945053179307912,1945,0
2566,729.1643561424979,17,0,0,0,1,0.5727509741487032,1417,0
2567,405.1205208606938,11,0,0,1,6,0.752635174337552,809,0
2568,2103.0337873237886,11,0,0,0,0,0.6124784710270629,541,0
2569,2587.5095196448797,20,0,0,0,2,0.11545324205859542,1006,0
2570,867.2952232301964,18,0,0,0,5,0.9257473428824041,303,0
2571,1139.3782466845666,8,0,0,0,1,0.5003013788953813,1986,0
2572,257.60015227674495,10,0,0,0,3,0.7404480821001722,623,0
2573,812.6685606861467,16,0,0,0,4,0.8751344942776061,627,1
2574,1042.9363038047027,15,1,1,0,2,0.8792966342627707,223,1
2575,15075.00104672647,3,0,0,0,4,0.9331575457485574,1402,0
2576,360.6950895777297,9,0,0,0,3,0.647382246311662,1695,0
2577,4741.824417077397,21,0,0,0,2,0.6332702578730839,1038,0
2578,2971.6088143378,14,1,1,0,2,0.23964112790917325,663,0
2579,1451.9117343039366,18,0,0,1,4,0.3141577093020469,1022,1
2580,6365.324452710215,2,0,0,0,2,0.6034047003563078,223,0
2581,1590.980023957508,20,0,0,1,3,0.2506968140005037,1318,0
2582,1618.3448293840067,22,0,0,0,2,0.35888790389499114,1232,0
2583,1039.8994938977096,4,0,0,0,0,0.16619705585966993,1160,0
2584,3727.782688587777,10,0,0,0,3,0.7506259880187168,1484,0
2585,3282.8565895757756,23,0,0,0,2,0.6310461260063397,897,0
2586,586.5880076489789,4,0,0,1,0,0.7238564222575969,1724,0
2587,293.17004686607874,6,0,0,1,2,0.44463680650057913,1664,0
2588,895.1751188048331,5,0,0,0,2,0.7357655546539072,680,0
2589,492.73003888970214,12,0,1,0,2,0.46566713497970524,14,0
2590,1029.1365466065158,1,0,0,0,1,0.5327441323570767,1756,0
2591,3779.8444413474563,18,0,0,0,2,0.12726777298705583,193,0
2592,694.1571285631023,10,0,0,0,2,0.03643270995766901,470,0
2593,1050.6629435085529,19,0,0,0,3,0.7450332444636837,493,0
2594,1162.1450236238745,4,0,0,0,2,0.8906034749534504,924,0
2595,2561.7115343968803,8,0,0,0,2,0.36071498322766327,1101,0
2596,115.94438842408617,5,1,0,0,4,0.8468457664090322,1096,0
2597,597.825978193515,16,0,1,0,3,0.27544581668127555,1786,0
2598,1354.6300799024662,18,0,0,0,3,0.731909862422141,1975,0
2599,3641.237795108354,22,0,0,0,1,0.5818867002719202,179,0
2600,670.5495181005952,7,1,0,0,0,0.033552098768330985,647,1
2601,167.91321926631926,6,0,0,0,4,0.2415723715946283,1155,0
2602,2037.9739793560184,4,1,1,0,1,0.6289973158646361,91,0
2603,580.9342660801735,14,0,0,0,5,0.20776268605933323,787,0
2604,333.730353114691,9,0,0,0,1,0.589887359538947,366,0
2605,587.3698034363595,23,0,0,0,4,0.7068216669939418,1301,1
2606,911.8492153363694,15,0,0,0,2,0.34658360248554254,1778,1
2607,598.9962486822028,8,0,0,0,2,0.6914260258200291,1836,0
2608,120.83596236591272,6,0,0,0,0,0.6428567207607626,192,0
2609,2689.3806296591642,10,0,0,0,3,0.9873134157804049,65,0
2610,3924.03225774136,8,1,0,0,3,0.6146508100184552,1886,0
2611,2103.8451880777234,16,0,0,0,2,0.2753534210212085,1940,0
2612,351.53677526469886,8,1,0,0,1,0.24719491275963235,1997,0
2613,896.509120147429,2,0,0,0,1,0.659675025411069,1156,0
2614,1089.5049358665833,21,0,0,0,0,0.10345814661022112,1012,0
2615,1995.788300877617,7,0,0,0,0,0.2263938588338068,348,1
2616,2139.527926778819,18,0,0,0,2,0.008970316962067737,986,0
2617,526.2762164413571,19,0,0,0,2,0.5114434119264126,1658,0
2618,1190.341543670605,15,0,0,0,0,0.7856310830878694,319,0
2619,1732.43013583612,6,0,0,0,2,0.5106574530345294,1641,0
2620,4702.371910213385,6,0,0,0,0,0.28556779997046977,451,0
2621,2218.322458343788,19,0,0,0,0,0.8379316986382994,1918,0
2622,2414.0393140434808,12,0,0,0,4,0.48469798624901284,1958,0
2623,1192.523140886012,2,0,0,0,2,0.6897196211731924,253,0
2624,4493.823355379038,11,1,0,0,1,0.9864591092557334,1447,1
2625,1652.0344311422075,23,0,1,0,1,0.8137229935463124,839,0
2626,463.54899677386277,7,1,0,0,0,0.8505261613246569,1413,0
2627,4462.078510172861,12,0,0,0,3,0.12072963192046315,1874,0
2628,2203.722538860986,19,0,0,0,1,0.5406460741599451,1026,0
2629,704.1250574964836,15,0,0,0,1,0.9970341572469713,377,1
2630,678.9225339428866,6,0,0,0,4,0.3236994558102416,1229,0
2631,1475.2393770631859,3,0,0,0,6,0.041786899338758676,1997,1
2632,1742.6893374986616,11,0,0,0,4,0.034051063616389654,1327,0
2633,1335.8088474864328,16,0,0,0,1,0.9786915147637798,1633,1
2634,1497.1351687698514,0,1,0,0,2,0.4342437918909705,110,0
2635,6002.656346038157,16,0,0,0,2,0.2848508737502742,801,0
2636,3202.039252528272,1,0,0,0,2,0.5139335182853768,1199,0
2637,1326.946333135081,5,0,0,0,2,0.6101748701606478,1288,0
2638,2811.04219303579,11,0,0,0,1,0.8807729794827254,1335,0
2639,390.51879412100766,10,0,0,0,5,0.44263757709206397,108,0
2640,1632.5966285694694,20,0,0,1,1,0.8530747470896605,1385,1
2641,6696.272784283438,10,0,0,1,4,0.2601914045887649,816,0
2642,881.7901518337591,17,0,0,1,3,0.5485191257688711,652,0
2643,469.82771862121666,7,0,0,0,1,0.7815853912878545,102,0
2644,571.2980836782114,6,1,1,0,2,0.4426867990826058,1725,0
2645,368.8414816283398,13,1,0,0,0,0.2775443071831254,1856,0
2646,500.31509596882916,15,0,0,0,3,0.8090008745380675,172,1
2647,757.0973927797571,11,0,0,0,2,0.8072630886989907,675,0
2648,268.9251211516242,8,0,0,0,1,0.28230728611832956,544,0
2649,1113.8951925276476,19,0,0,0,3,0.6048733030828954,66,0
2650,2703.4315075993945,22,0,0,0,2,0.24637144392014654,63,0
2651,442.41299332173156,20,0,0,0,2,0.8963086094111282,684,0
2652,5010.46459665051,15,1,0,0,2,0.07511979958323489,1095,0
2653,1827.660638651157,20,0,0,0,0,0.3823056290063839,1147,0
2654,3073.5256001394564,18,0,0,1,1,0.6501213148400657,1201,0
2655,568.02500812889,15,0,0,0,3,0.8602355379705654,232,0
2656,2577.371157025235,8,0,0,0,3,0.7953691853001237,1471,0
2657,367.9938034605288,12,1,0,0,0,0.6841037766534417,632,1
2658,2671.1049395790146,4,0,0,0,3,0.9260690940475677,505,0
2659,1302.2376588543057,21,0,0,0,2,0.024274958232218924,1449,1
2660,1906.9325208248863,18,0,0,0,2,0.9795099400566023,1529,0
2661,338.4598231192285,9,0,0,0,2,0.34581307055045973,1351,0
2662,448.06134673803257,6,0,0,0,3,0.7482506648571198,1571,0
2663,1992.6650009526825,8,0,0,0,0,0.27919118325750325,847,0
2664,424.81424201899677,13,0,0,0,1,0.41467873667715116,1466,0
2665,1742.7268002004362,14,0,0,0,2,0.8759774579104753,1222,0
2666,279.46084505686514,12,0,0,0,4,0.4481882538792614,1030,0
2667,2561.0541054538803,9,0,0,0,3,0.8848350516271648,268,0
2668,319.729934645629,13,1,1,0,2,0.5490155545062803,1250,0
2669,1905.119352214841,20,1,0,0,3,0.26409856642134133,1668,0
2670,2050.073517420986,22,0,0,0,1,0.48633254770590406,546,0
2671,546.3327277202762,11,1,0,0,1,0.08874352120363949,1571,1
2672,1962.6022831181135,18,0,0,0,3,0.4781386932239434,1735,0
2673,1422.885688233456,5,0,0,0,4,0.7876679391282358,1384,1
2674,639.8016099255472,11,0,0,0,3,0.06885132569940311,1483,0
2675,399.9923076002911,23,0,0,0,2,0.2334265727610335,1377,0
2676,154.06495640601162,12,1,0,0,2,0.4224452739468604,1480,1
2677,1555.6520279401911,7,0,0,0,2,0.7578328299534914,1773,0
2678,229.3380758518443,15,0,0,0,3,0.7510901800560489,1915,0
2679,1206.337512737506,1,0,0,0,3,0.8872914090785653,1528,1
2680,842.6500808907988,21,1,0,0,3,0.14549320830887724,7,0
2681,2162.765001702924,6,0,0,0,1,0.15572940901562848,1495,0
2682,810.7457478890364,11,1,0,0,9,0.6689714903489443,1987,1
2683,788.831087508085,6,0,0,0,4,0.1800901643803079,1929,0
2684,2279.8631638411,18,0,1,0,1,0.41383526427638073,1053,0
2685,1533.116742720396,13,0,1,0,1,0.5394022700057178,1275,0
2686,1504.4098246465571,8,0,1,0,2,0.25690681540358196,179,0
2687,1753.3220642489043,17,0,0,0,0,0.6915544206046231,1287,0
2688,236.14071487099358,10,0,0,0,2,0.8579739834422185,632,0
2689,2337.386444259784,15,0,0,0,3,0.012180545399172793,18,0
2690,2023.2669663127972,18,0,0,0,2,0.28926470503941926,1748,0
2691,396.75417066465945,10,0,0,0,3,0.7121929206437985,863,1
2692,859.1293788716509,17,0,0,0,0,0.27559466446013614,788,0
2693,1054.3636750950038,10,0,0,0,2,0.522954899119978,1471,0
2694,958.628115069695,3,0,0,0,3,0.7564634211258175,1815,0
2695,1531.2810728621243,17,0,0,0,4,0.34370949082084823,726,0
2696,4588.767653047621,18,1,0,0,6,0.7875652166305395,1850,1
2697,3234.943455081056,12,0,0,0,1,0.8161365812374661,1839,0
2698,295.2377035338202,3,0,0,0,2,0.9910933935837305,1046,1
2699,2042.7863041598246,9,0,0,0,0,0.43231263170084744,438,0
2700,4141.997007736942,21,0,0,0,2,0.47579703709268706,428,0
2701,1614.545094407265,4,0,0,0,2,0.7828874948408496,681,0
2702,3264.8869790035037,2,0,1,0,1,0.8679785548664486,847,0
2703,8203.124897351634,15,0,0,0,2,0.5052300469169791,1037,0
2704,3052.4796707904734,7,0,0,0,1,0.02172367994011437,1291,0
2705,1407.1316148634014,23,0,0,0,3,0.45803466935593085,1236,0
2706,3118.4409926710464,6,0,0,0,1,0.22524381013693484,1819,0
2707,1267.6091334459911,18,0,0,0,2,0.09669015342245557,474,0
2708,1123.1618230958811,13,0,0,0,0,0.33923915926045944,303,0
2709,771.6921987873176,14,1,0,1,0,0.39192088887443643,1042,0
2710,5236.524840019324,16,0,0,0,3,0.9816500555882324,348,0
2711,483.7514946514601,20,0,0,1,3,0.45524540094340604,642,1
2712,5076.451255360384,0,0,0,0,1,0.9675729491166791,1548,0
2713,1807.7967611051442,5,1,1,0,2,0.732390637610781,889,0
2714,270.6141011876465,22,0,0,0,1,0.25308605498139325,516,0
2715,1583.9061042404765,14,0,0,0,6,0.7019649274912761,1738,1
2716,134.28622002541832,11,0,0,0,2,0.40265753768090595,1833,0
2717,2049.8215443999593,20,0,0,0,4,0.5792764517980229,1390,0
2718,2657.7401764964948,19,0,1,0,5,0.5192658588880426,784,0
2719,606.4631962487811,1,0,0,0,4,0.9318169229090576,1697,0
2720,1240.8447739507176,4,0,0,0,2,0.12970815783229617,940,0
2721,7740.003615869656,8,0,1,0,1,0.4439343696307897,1083,0
2722,661.330222799891,19,0,0,0,1,0.08116900970586238,1986,0
2723,380.3502021561128,13,0,0,0,4,0.25474185393926774,1775,0
2724,4825.469923309137,17,0,0,0,4,0.07683966960266742,1279,0
2725,7805.525743627956,21,0,0,0,2,0.9386978497905785,727,1
2726,1100.693452856096,7,0,1,0,3,0.31488935875062174,1870,0
2727,3015.325415195022,1,0,0,0,2,0.7812925068043827,28,1
2728,4194.275571918449,8,1,0,0,2,0.7485393933862807,1387,0
2729,521.9207557558254,6,0,0,0,3,0.14039218502557782,1527,0
2730,674.9874949035677,17,0,0,0,0,0.14105200328758583,252,0
2731,3755.1162151300155,15,0,0,1,2,0.37794672018892295,507,0
2732,5913.624935936785,20,0,0,0,4,0.5685846986357626,1121,0
2733,1925.3842942498798,4,0,0,0,3,0.42672499369453076,1200,0
2734,454.9491463759531,22,0,0,0,3,0.767957642914237,344,0
2735,7998.914401964105,14,0,0,0,4,0.5359438989291665,1948,0
2736,644.8573323586747,4,0,0,0,1,0.8818486524201473,999,0
2737,784.3553881314597,10,1,0,1,3,0.5923988255809334,1435,0
2738,1544.3182572250669,21,1,0,0,3,0.5923695204865014,13,0
2739,5188.295077335771,13,0,0,0,1,0.6596808141278576,186,0
2740,2575.9559232859683,18,0,0,0,2,0.6030043298480431,2,0
2741,1660.4858186352121,2,0,1,0,3,0.612117929213598,1404,0
2742,1742.8701244933857,23,0,0,0,1,0.4497099817982029,1373,0
2743,1145.406263847448,9,0,0,0,1,0.09054619717088586,1425,0
2744,1916.2769892921826,5,0,0,0,5,0.36890616148776656,1426,1
2745,87.39516163883168,2,0,0,1,2,0.7683032965695028,1015,1
2746,815.1666255976742,1,0,0,0,3,0.037987760296057105,444,0
2747,1395.9380909986642,12,0,0,0,3,0.6906318267249719,910,0
2748,346.88243426296845,17,1,0,0,1,0.9808564174728908,346,1
2749,1613.761902500224,1,0,0,1,1,0.4359627867514658,452,1
2750,893.8417794359148,14,0,0,0,1,0.2124136038133566,1286,0
2751,6345.338312788654,4,0,0,0,0,0.02300658639615205,400,1
2752,5287.071210973685,14,1,0,0,1,0.854752999660197,1877,1
2753,688.2791045461553,20,0,1,1,3,0.1473862083814288,427,0
2754,943.0905378152639,16,0,0,0,2,0.04314729412167939,175,0
2755,1018.4655739829797,1,1,0,0,1,0.4854384353074064,1224,1
2756,698.0847570579897,17,0,0,0,1,0.38173248259330217,1415,0
2757,1332.7836234746155,14,0,0,1,0,0.9598077646421398,763,0
2758,513.7403237650095,19,0,0,0,1,0.4625241862779135,1998,0
2759,354.0310655457704,22,0,0,0,3,0.8354309031280487,1199,0
2760,2044.096627430617,2,0,0,0,2,0.93199417155574,839,0
2761,2058.0816380088363,4,0,1,0,4,0.184242865249026,587,0
2762,490.6270369827396,10,0,0,0,2,0.34632884183781776,1323,0
2763,2684.783661671693,8,0,0,0,3,0.9232780133299322,1001,0
2764,583.1370703652013,4,0,0,0,3,0.5558628872720854,1492,0
2765,1412.5688963922546,0,0,0,0,0,0.3226885287044621,1632,1
2766,2490.7621142590774,13,0,0,0,3,0.5205113356003097,1363,0
2767,1060.3851130231544,4,1,0,0,1,0.7311677484055289,703,0
2768,1728.0362240585637,7,0,1,0,1,0.6183435046663408,1587,0
2769,654.3028751554132,20,0,0,0,0,0.93359153664018,1621,0
2770,901.0253715833892,13,0,0,0,6,0.962979507196059,202,0
2771,892.6018003086152,15,0,0,0,3,0.7114611212859949,1283,0
2772,519.7883208761908,5,0,0,0,3,0.6637136820899973,1129,0
2773,918.9445993216646,7,0,0,0,4,0.01355984658043452,1520,0
2774,233.07999041141068,1,0,0,0,2,0.7836967681842835,174,0
2775,671.0517467548723,18,0,0,0,5,0.4994411579875828,1265,1
2776,824.7864518867385,8,0,0,0,3,0.8746392224529128,95,0
2777,848.7971651866076,4,0,0,0,1,0.9331094453170473,1702,0
2778,861.3514024829461,4,0,1,0,1,0.36900512362508364,1127,1
2779,1030.9498081444988,18,0,0,0,1,0.9054659853201269,1153,1
2780,1771.2512878429977,3,0,0,0,2,0.6595680471277401,85,0
2781,2629.416070600137,15,0,0,0,1,0.4280985933425504,270,0
2782,572.6271307099958,15,1,0,0,2,0.0507736741441005,1260,1
2783,329.24400901737914,15,1,1,0,4,0.742152472489415,550,0
2784,386.81849883429913,6,0,0,0,3,0.8932094295177792,1828,0
2785,673.708199543767,17,1,0,0,1,0.5823066291249668,1984,0
2786,771.3009866811716,23,0,0,0,3,0.4028633198046452,637,0
2787,507.75748090953454,20,0,0,0,2,0.4514667659624314,1268,0
2788,300.0302598541666,0,0,0,0,8,0.7080681443287186,1630,0
2789,694.9772926088705,2,1,0,0,6,0.19826819112010674,1917,0
2790,1314.7826162551937,20,1,0,0,1,0.20440378524717273,1237,0
2791,1988.2884372171934,7,0,0,1,2,0.3470350419515916,37,0
2792,628.0230985307297,0,0,1,0,1,0.029814406418815276,1406,0
2793,725.6023792866727,6,0,0,0,2,0.6689408025782735,598,1
2794,434.11162051207737,6,0,0,1,4,0.44823982543480456,188,0
2795,1062.6922542699629,7,0,0,0,1,0.8937154605856251,1183,0
2796,469.4544922376613,18,0,0,0,1,0.6470289100324598,302,0
2797,1945.2150456191314,16,0,0,0,2,0.7047106449318885,1155,0
2798,183.85244527983744,10,0,0,0,4,0.6718596809296017,1519,0
2799,765.3783812424302,14,0,0,0,1,0.4179160994205776,820,0
2800,1481.9400296169313,8,0,0,0,5,0.9327158873144455,1269,0
2801,1317.952290924257,16,0,0,1,1,0.9143627357967518,1618,0
2802,16204.328290822386,10,0,0,0,3,0.4825154525529538,96,0
2803,1555.8853578782898,5,0,0,0,2,0.7793376300467418,396,0
2804,401.7963640387124,8,0,0,0,0,0.9851025757281695,1786,0
2805,996.7856510454069,17,0,0,0,1,0.33123643125914726,148,0
2806,185.62966982251757,19,0,0,0,1,0.6248534492166073,1431,0
2807,1011.7130383590594,1,1,1,0,3,0.5695543593733514,1821,0
2808,476.72697282492413,3,0,0,0,0,0.5407734754010711,1552,1
2809,2739.1153315757874,17,0,0,0,2,0.9331242852302414,1636,1
2810,632.9932289999766,0,0,0,0,0,0.12659839599254297,1440,0
2811,975.7770073227907,10,0,0,0,1,0.5163820973760913,56,0
2812,580.8207320753884,2,1,0,0,2,0.025854511375747458,257,1
2813,6240.723198561819,7,0,0,0,4,0.30810466692880845,937,0
2814,795.3300882943248,4,0,0,0,1,0.6750649521516828,1381,0
2815,6853.789866741266,19,0,0,0,1,0.7804090305713788,859,0
2816,2475.386345761815,20,0,0,0,1,0.8542640400179228,850,1
2817,1775.907301938354,21,1,0,0,1,0.07661457674931926,1988,0
2818,1585.6237583989864,21,0,0,0,0,0.18456536679446112,285,0
2819,1625.8683125172956,4,0,0,0,4,0.40150201472056346,1352,0
2820,159.54522440972545,10,1,0,0,1,0.38121797737635044,1112,1
2821,829.7434908435212,11,0,0,0,2,0.2539328226438251,138,0
2822,2553.34098598557,21,0,0,0,3,0.9366900696158554,231,0
2823,1044.3007655143615,8,0,0,0,1,0.5339193266115912,1788,0
2824,269.0265714091988,20,0,0,0,2,0.6570221722634717,1756,0
2825,1040.6445392224653,12,1,0,0,2,0.7496583387209128,1987,1
2826,6027.607930587809,21,0,0,0,2,0.5438840909793587,1002,0
2827,3815.7469425914255,19,1,0,0,1,0.833642414206859,1844,0
2828,1030.702606222267,2,0,0,0,2,0.9848407312550385,579,1
2829,2839.6874635623253,12,0,0,0,2,0.3919193165313064,753,0
2830,760.1326668051111,21,0,0,0,1,0.6436843134698175,1559,0
2831,199.5626881273142,10,0,0,0,6,0.3169958669839369,155,0
2832,435.08177932629616,10,0,1,0,4,0.06900240347387177,1578,0
2833,5233.778530164109,20,0,0,0,1,0.027072526108932626,1560,0
2834,833.8111335756023,19,0,0,0,1,0.2325727177601853,319,0
2835,859.7279660183655,20,0,0,0,2,0.16231558292388049,1899,1
2836,812.5372860915111,6,0,0,0,1,0.7222625793157464,1032,0
2837,7362.365721101443,16,1,0,0,3,0.46335976303503634,1416,0
2838,5574.505625534243,15,1,0,0,5,0.5400983592213362,1455,0
2839,10084.75577511551,13,0,0,1,2,0.08178623212336755,1809,0
2840,935.3818013228903,0,1,0,0,1,0.019406674345429975,1057,0
2841,1473.8370081930864,10,0,0,0,3,0.4351304109850299,1408,0
2842,240.65333418795865,12,0,0,0,0,0.2556870229054703,1034,0
2843,4802.704261755138,0,1,0,0,2,0.6219682662912337,1392,0
2844,341.11526774146057,1,0,0,0,3,0.5116509462861288,1765,0
2845,1362.089999919851,8,1,0,1,2,0.8284226335926462,1675,1
2846,366.0234756143218,12,0,0,0,1,0.8385401411571632,1498,0
2847,608.5829203665904,4,0,0,0,5,0.5371318314190465,1532,1
2848,474.72589245479503,8,0,0,0,1,0.9068118034132048,51,0
2849,597.1239655499394,12,0,0,0,3,0.9328415897748541,993,0
2850,639.6219488206201,4,0,0,0,3,0.24436390310847156,491,0
2851,633.7985789067066,14,0,0,1,1,0.977496100991429,1650,1
2852,2523.3279183085106,6,0,0,0,2,0.9859276653259522,1864,0
2853,363.26667518766453,13,1,0,0,6,0.06496493468216624,669,0
2854,1367.2291151245156,15,1,0,0,1,0.00236541020932568,1486,0
2855,3706.9293791896375,5,0,0,1,2,0.058598608364702764,596,0
2856,656.4218429074897,1,0,0,0,1,0.34966160475041863,1314,0
2857,534.900693078506,15,0,0,0,3,0.8080508857242307,1896,1
2858,870.8549017166418,18,0,0,0,2,0.5045621491481708,1654,0
2859,3567.8741041309204,4,1,0,0,1,0.2962677688881954,395,0
2860,1331.561550941319,3,0,0,0,2,0.0550047835271289,1160,0
2861,644.700395250107,13,0,0,0,0,0.3958458656999537,1793,0
2862,1779.1244694601123,5,1,0,1,3,0.036163014928959236,1819,1
2863,364.2017055052724,7,1,0,0,2,0.17272359831366357,1231,0
2864,2167.5645963385728,23,0,0,0,0,0.8787236044460291,883,0
2865,1650.126627190458,2,0,0,0,1,0.7616255956992478,1201,0
2866,806.0868804838983,3,0,0,0,3,0.9957144144956229,788,0
2867,474.098071196674,0,0,0,0,1,0.8944226827315286,222,1
2868,451.83590763665404,1,0,0,0,1,0.8557173652256006,885,1
2869,1872.1023624638035,12,0,0,0,3,0.17474428138377174,47,0
2870,3748.010716037367,8,0,0,0,1,0.6483250430289145,278,1
2871,579.8052393768929,11,0,0,0,1,0.6005344291109209,1485,0
2872,1734.3477820018852,9,0,0,0,3,0.9179092743332381,1510,0
2873,136.04326789131505,9,0,0,0,4,0.7810185540516474,1495,0
2874,611.1743493852503,17,0,0,1,0,0.7747355947121515,1046,0
2875,1063.096406552171,11,0,0,0,2,0.3247378879437913,1219,0
2876,441.5611797916172,21,0,0,0,2,0.12441462148742155,1662,0
2877,429.87463738252427,15,0,0,0,0,0.36905564980871375,335,0
2878,562.4039947608793,22,0,0,1,2,0.20843221683868873,1266,0
2879,1468.787821436754,5,1,0,1,3,0.7277004374557795,1101,1
2880,909.2962799356067,23,0,1,0,0,0.4593171146358511,1103,0
2881,116.95260493177453,23,0,1,0,3,0.23226767666402115,1336,0
2882,131.5385345857047,20,0,0,0,0,0.6579840795604975,22,0
2883,597.7274149237567,23,1,0,0,2,0.06909634264174924,1740,0
2884,1733.1339597308922,9,0,0,0,1,0.9178354783507602,624,0
2885,70.2805547894082,14,0,0,0,2,0.5783130643818003,1964,0
2886,665.3211283344665,8,0,0,0,1,0.46098861316701933,81,0
2887,647.9102239599447,23,0,0,0,1,0.2491058441583872,506,0
2888,4395.5053137988325,1,0,0,0,3,0.5478937557975089,1920,0
2889,746.1884545098776,17,0,0,0,0,0.28716809399992427,445,0
2890,1608.3900435809408,11,0,0,0,3,0.39452765009054425,1914,0
2891,1263.0151784930008,2,0,0,1,2,0.8885455017125097,992,0
2892,130.24711363458357,6,0,1,0,1,0.194142945854463,1453,0
2893,2364.2289363666914,8,0,0,0,2,0.348033696128938,169,0
2894,1360.2128930089066,7,0,0,0,4,0.6558422908927607,50,0
2895,1823.054444700566,5,0,0,0,1,0.7247756221660127,1354,0
2896,55616.63946594742,0,0,0,0,3,0.11491741219561558,1773,0
2897,136.44028692693158,13,0,0,0,1,0.9362372918492992,1707,0
2898,6153.0098633937705,15,0,0,0,2,0.027073062723319552,1909,0
2899,822.667805437598,15,1,0,1,1,0.06689797134876119,1938,1
2900,1461.6612413571695,3,0,0,1,2,0.7620978685239168,1193,1
2901,1047.8416484935874,5,0,0,0,0,0.7714749395469517,979,1
2902,717.4933408905708,14,0,0,0,2,0.6660895906976766,1643,0
2903,620.277570222415,21,0,0,0,1,0.5216581061835421,1778,0
2904,1524.6325902266406,7,0,0,0,3,0.28863729583354913,91,0
2905,240.52554577132494,0,0,0,0,0,0.8399834693475959,520,0
2906,2322.9173833965497,12,0,0,0,0,0.6987550405459185,377,0
2907,723.2866344504938,17,1,0,0,1,0.9680507587609658,530,0
2908,354.22441783500363,17,0,0,0,0,0.45431655042918284,878,0
2909,699.2351829950276,12,0,0,0,1,0.47052774659402063,862,0
2910,3855.0883994986593,21,0,0,0,2,0.7913886185493734,1723,0
2911,642.0491850506214,13,0,0,0,1,0.9930487955410354,1177,1
2912,1569.4077819146921,10,0,0,1,0,0.8964064883419246,1075,1
2913,527.9722493546093,6,0,0,0,1,0.29747865836647225,641,0
2914,2340.0366015644327,17,0,0,0,1,0.953617441771762,1382,0
2915,2176.57482456317,20,1,0,0,1,0.19796845243141348,1746,0
2916,6964.693178187901,21,0,1,1,2,0.42144588726686716,177,1
2917,920.0573954913575,3,0,0,0,0,0.8869399216331549,1486,1
2918,2140.2005204218085,16,0,0,1,3,0.3134457926350943,1012,0
2919,1209.6272575710138,18,0,0,0,0,0.3522331617259866,653,0
2920,4007.295211480226,13,0,0,0,1,0.9947659942053712,1007,0
2921,534.412286087454,9,0,0,0,2,0.45102027586006177,345,0
2922,2310.0057966322042,5,0,0,0,3,0.9474539633002688,320,0
2923,902.6209554475056,17,0,0,1,3,0.2740310498701858,520,0
2924,1028.4538355778284,3,0,0,1,1,0.5008266800177243,956,0
2925,1202.012464027192,10,1,0,0,1,0.3827431651417057,147,0
2926,1411.26309781954,12,0,0,0,1,0.5641764010648916,1086,0
2927,976.3010159836247,7,0,0,0,3,0.898407255687377,936,1
2928,1359.2837467150723,9,1,0,0,2,0.9908789582070746,374,0
2929,5314.095287476558,22,0,0,0,1,0.501066126254894,1333,0
2930,2937.898138019387,10,0,0,0,1,0.17503220673054776,625,0
2931,2615.3536137410183,2,0,0,0,3,0.05047670897318668,361,0
2932,695.381401360124,14,1,0,0,2,0.15952481060268886,882,0
2933,450.68072941522354,7,0,0,0,3,0.7464592953253341,873,0
2934,2850.6449851513844,19,1,0,0,2,0.5943158319362576,1397,1
2935,2633.441414773981,17,0,0,0,2,0.7487881094444467,3,0
2936,4782.270323258133,20,0,0,0,3,0.9539730327188674,890,0
2937,599.4540797969157,0,0,0,0,1,0.7068253728990402,541,0
2938,871.7052447052822,23,0,0,0,5,0.7775498051312794,80,1
2939,212.8347062553771,7,0,0,0,1,0.4271446359979928,1415,0
2940,740.6505294990706,2,0,0,1,2,0.5113224218627489,1598,1
2941,2970.752333255629,0,0,0,0,6,0.8232872018221543,1973,0
2942,687.8044863783385,19,0,0,0,1,0.6390659905068647,597,0
2943,2080.7419070938768,15,0,0,0,3,0.5354991507180625,1262,0
2944,906.4146695577067,8,0,0,0,1,0.2211985060371704,683,0
2945,1516.3433552981735,16,0,0,0,7,0.6028328973717028,1806,0
2946,348.0369353425774,15,0,0,0,2,0.2911176477149623,935,0
2947,1194.173328463037,22,1,0,0,3,0.5902224301326103,280,0
2948,55.08426089135336,5,0,0,0,2,0.4638897486573196,1008,0
2949,909.6899633443634,22,0,0,0,4,0.1017226402004654,1246,0
2950,214.76120925908484,6,0,1,0,1,0.8571454779904355,248,1
2951,3662.8415924774804,23,0,0,0,5,0.581316085636,801,0
2952,2386.0805291133915,15,0,1,0,3,0.9029478983718138,372,0
2953,1748.7752800889227,7,0,0,0,2,0.9269954173438738,854,0
2954,5019.101573062601,9,0,0,0,1,0.5175793786007019,970,0
2955,424.57279670955865,13,1,1,0,4,0.678051000597823,1598,0
2956,6294.0699915020095,10,0,1,1,2,0.8953839638559944,1598,1
2957,2785.524776574239,1,0,0,0,2,0.6801548886266728,459,1
2958,865.6188743444307,11,0,0,0,4,0.24393610678988586,463,0
2959,3413.932553096947,19,0,0,0,1,0.25847889675310265,1394,0
2960,362.7473141451242,19,0,0,0,3,0.4188837645770901,368,0
2961,480.81656637023633,12,0,0,0,2,0.03767540224320454,1463,0
2962,596.6974951972488,14,0,0,0,0,0.3709816145041568,990,0
2963,646.143937180239,11,1,0,0,1,0.14355946738720482,14,0
2964,381.2450549596058,12,0,0,0,3,0.827141703978753,608,0
2965,3725.9721144736573,7,0,1,1,2,0.7822200740006227,574,1
2966,846.52996498558,15,0,0,0,3,0.175121229873913,538,0
2967,1560.099637438537,2,0,0,0,4,0.2846715620405923,1789,0
2968,619.9560779950867,12,0,0,0,1,0.569947637087528,1029,0
2969,177.5756471852726,11,0,0,0,5,0.24937780556343359,943,0
2970,1436.6328536229446,18,0,0,1,1,0.05554493619620604,1228,0
2971,162.024089465229,1,0,0,0,2,0.7653392257078815,541,0
2972,1023.8916136111827,0,0,0,0,2,0.09112397754401014,1941,0
2973,279.13204827627953,7,0,0,0,2,0.6777721592778198,1689,0
2974,8000.63345362833,8,1,0,1,2,0.14985382711118111,437,0
2975,2728.1055844038283,7,0,0,0,4,0.007677341741334165,1104,0
2976,1218.9605803596482,20,0,0,0,0,0.56249843447629,340,0
2977,3880.4510569609774,16,0,0,0,1,0.2846742573972979,1503,0
2978,470.44733682842485,8,0,0,0,1,0.1300734862776739,1020,0
2979,1888.3890284240229,5,0,0,0,7,0.6849731909170113,75,1
2980,1339.1768775503238,14,0,0,0,1,0.6441377394379477,1592,0
2981,1427.9856321562338,22,0,0,0,2,0.41138206919320053,1908,0
2982,3914.150113196583,23,0,1,0,3,0.08859662089434805,1469,0
2983,2281.2803076318573,12,0,0,0,2,0.4658449736200245,1568,0
2984,1463.7013280670208,20,0,0,0,3,0.10416653867598358,240,0
2985,209.58147455241345,21,0,0,0,3,0.9943383286617195,1672,1
2986,419.8735962712415,11,0,1,0,0,0.23471511884633534,1495,0
2987,969.9951450717913,12,0,0,0,3,0.003103630332990881,1224,0
2988,1203.961169709266,6,0,0,0,4,0.22002872549879204,386,0
2989,354.1768183606024,22,0,0,0,4,0.6196409685724219,1435,0
2990,12230.36014085529,17,0,0,1,3,0.9764470807382426,804,1
2991,4996.00591530799,13,0,0,0,2,0.5254257892278008,1891,0
2992,2002.4332006177342,10,1,0,0,1,0.445070703488184,919,0
2993,1178.5461261052149,13,0,0,0,1,0.9922554906864192,297,0
2994,886.9521456800161,16,0,0,0,3,0.16496999523903522,1392,0
2995,423.3001661244929,23,0,0,0,1,0.19777494329032885,1421,0
2996,1184.9792211474928,20,0,0,0,5,0.38069776939820954,479,0
2997,1419.063662000486,1,0,0,0,0,0.7475022356125551,1645,0
2998,316.79010477288523,18,0,0,0,3,0.30251514559768244,1502,0
2999,1531.7657244734537,15,0,0,0,0,0.4699176392534421,1926,0
3000,938.9300207847411,21,1,0,0,2,0.9393472002655112,699,0
3001,162.74628300071862,9,0,0,0,4,0.8727907195334748,148,0
3002,463.8749396219118,21,0,1,0,0,0.9470244021462619,1882,0
3003,725.1615564973412,7,0,0,0,1,0.1668153630120469,356,0
3004,7242.253235547184,20,0,0,0,1,0.4821418146557931,1811,0
3005,1913.2394366769236,4,0,0,0,4,0.713106526630968,1366,0
3006,288.4490395199844,6,0,0,0,0,0.7328954653370081,652,0
3007,1782.970886619356,12,0,0,1,1,0.5500846157355076,515,0
3008,233.38653115686145,15,1,0,1,2,0.8207571407940256,629,1
3009,3237.9349804778667,4,1,0,0,3,0.042717839338011654,389,0
3010,684.627810444956,15,0,0,0,1,0.19690988851159819,69,0
3011,998.6094999210353,14,0,1,1,3,0.32794936931487106,1451,1
3012,4129.025276395407,8,0,0,1,1,0.7289051101974363,462,1
3013,302.72852034147746,21,0,0,0,6,0.9017316808149244,1589,1
3014,271.2068502787069,22,0,0,0,3,0.5288608704013604,1521,0
3015,611.7970890240994,11,1,1,0,2,0.7081692231330065,167,0
3016,3097.5874669407895,7,0,0,0,2,0.5944098828984143,1543,0
3017,240.00360031048436,12,0,0,0,3,0.9244926672043724,1146,0
3018,64.57610184665386,4,1,0,0,1,0.900090226565459,803,1
3019,698.4343181697616,13,1,0,0,1,0.8079064863357076,870,0
3020,1904.0544257793615,15,0,0,0,2,0.27958217630915905,1230,1
3021,3641.903449861349,10,0,0,0,0,0.3731188180465934,1461,0
3022,690.1014652826351,19,0,0,0,0,0.416432823653227,785,0
3023,726.7433527715623,11,0,0,1,2,0.004340513815315861,1991,0
3024,3476.9151700507355,14,0,0,0,2,0.2310989461688001,1812,0
3025,169.0607808567733,23,0,0,0,1,0.7138087454684873,546,1
3026,743.5821307405796,11,1,0,0,0,0.5443905164627015,638,0
3027,1326.6654465513757,8,0,0,0,2,0.9577477950509381,1310,0
3028,1718.5199776702782,0,0,0,0,1,0.029156549886131145,626,0
3029,658.6506725697791,2,0,0,0,1,0.3782897162445493,808,0
3030,1135.060249431093,11,0,0,1,0,0.7072738711912646,397,0
3031,91.07402583899375,19,1,0,0,3,0.13370049718421673,1971,0
3032,567.7899748000747,12,0,0,0,1,0.4996221772368229,902,0
3033,1725.9082498512469,22,0,1,0,3,0.01585198496012019,824,0
3034,410.6355024872671,5,0,0,0,2,0.18015345876722866,375,0
3035,1163.2629480505855,9,0,0,0,0,0.9381891230556203,371,1
3036,1714.492677214213,9,1,0,0,1,0.5993322900045894,505,0
3037,778.5636900305169,15,0,0,0,3,0.7592304109928786,1115,0
3038,1300.447572840057,0,0,0,0,3,0.10218109392958463,637,0
3039,418.74721598175154,15,0,0,0,2,0.23459086897095183,1042,0
3040,891.9309509224158,3,1,0,0,0,0.19191921355702746,1112,0
3041,2018.7144352238831,5,0,0,0,5,0.27475867369353946,1760,0
3042,1283.0212932973348,18,0,0,0,0,0.2583145916901388,359,0
3043,610.0059617230443,1,0,1,0,2,0.5635297783077579,1306,1
3044,1372.2628949028108,17,0,0,0,0,0.7056884920311951,1186,0
3045,2240.8483271616897,9,0,0,0,2,0.5484379948453546,1429,0
3046,141.1832541595877,3,0,0,0,2,0.29905046765950716,1564,0
3047,3494.949009328483,0,1,0,0,2,0.6948164292760083,1285,0
3048,783.4797855869267,14,0,0,1,0,0.551875373308365,362,1
3049,1678.2215881751645,9,0,0,0,3,0.6385389986649371,850,0
3050,3630.940278641511,17,0,1,0,3,0.21157529277304687,1800,0
3051,278.19611170372224,15,0,0,0,2,0.9596346646342071,1771,0
3052,539.454798739334,12,0,0,1,3,0.32774356901268786,880,0
3053,821.7624015994168,14,0,0,0,3,0.3696929004126698,1186,0
3054,500.81986166595857,1,0,0,0,1,0.540506677481181,567,0
3055,6216.33992372852,19,0,0,0,1,0.049691929822293424,790,0
3056,465.5539124235317,3,0,0,0,1,0.19116734499118615,1111,1
3057,629.202547842972,0,0,0,0,0,0.8126935803003934,1865,1
3058,1345.3224883727323,6,0,0,0,0,0.7938747667257389,1589,0
3059,329.5903349145915,22,0,0,0,2,0.14182139188886478,311,0
3060,738.277144194257,10,1,0,0,0,0.5896878319563854,411,0
3061,1506.3627681379694,9,0,0,0,2,0.06626028675358908,1147,1
3062,786.143696439673,0,0,1,1,4,0.07462188438117145,334,0
3063,998.8585141091406,10,0,0,0,0,0.7996026665095819,1908,0
3064,645.914981509821,23,0,0,1,1,0.47053036914465074,1364,0
3065,241.1766592324563,9,0,0,0,1,0.9265390996708942,922,0
3066,1512.6119615630178,13,0,0,0,4,0.4781222211460783,41,0
3067,6341.8960970045855,13,0,0,0,3,0.8069599755288535,967,1
3068,1116.9998120248188,6,0,0,0,3,0.6387651811500747,1752,0
3069,1373.7013859491442,22,0,0,0,0,0.4305994800966436,73,0
3070,2192.335636344795,10,0,0,0,2,0.5548709981497427,747,0
3071,308.17552390278917,21,0,0,0,2,0.9342287961685517,71,0
3072,6018.026484912878,3,0,1,0,2,0.07585593210950436,741,1
3073,1342.5536608508137,23,0,0,0,4,0.5294709483290578,1220,0
3074,5607.481117867572,1,0,0,0,2,0.05184600359854363,1471,0
3075,526.8769366484769,6,0,0,0,4,0.5554403735515908,1355,0
3076,6755.15990735728,18,0,0,1,1,0.6069302797552332,1732,1
3077,2380.713458054956,13,0,0,0,2,0.8074959084577082,220,1
3078,1906.5299447817756,18,0,0,0,1,0.798181016419093,1207,0
3079,1385.7883387636073,6,0,0,0,4,0.01009323844766874,177,0
3080,855.3163341098564,11,1,0,0,2,0.07119048289298058,1499,0
3081,3642.886564084243,2,0,1,0,2,0.684537374644825,1873,1
3082,1261.8824208322753,14,0,0,0,2,0.18286741096558246,360,0
3083,153.38180898606512,4,0,0,0,2,0.528132144569688,646,0
3084,358.8173692496811,7,0,0,0,5,0.23171815621955927,465,0
3085,910.6460091422172,13,0,0,0,0,0.834592454635373,1259,0
3086,1495.175668844558,3,0,0,0,2,0.6809057678867348,437,0
3087,1036.2995387532653,6,0,0,1,1,0.43553839738342714,140,1
3088,3710.6813454102416,6,0,0,0,1,0.22464203533553406,488,0
3089,155.8506436225593,17,0,0,0,2,0.6593651952509723,1793,0
3090,1265.9624431492018,13,0,0,0,1,0.35128341747948744,1309,0
3091,178.04223093800007,7,0,0,0,4,0.58911106539259,602,0
3092,2344.23006267089,11,0,0,0,5,0.6681035071832402,1352,0
3093,997.7884556515553,9,0,0,0,0,0.13766709126631616,1075,0
3094,1668.3826649157545,13,1,0,0,2,0.04925978722247726,698,0
3095,462.25516296518447,8,0,1,0,2,0.493319720503798,1502,0
3096,3942.084532937883,5,0,0,0,3,0.15829968345120038,1310,0
3097,3107.9687727485175,4,0,0,0,4,0.0896701139414684,320,0
3098,1965.5832567070584,0,1,1,0,2,0.08904827502272161,634,0
3099,963.4135444784291,0,0,0,0,3,0.7021003871124979,1203,0
3100,1958.3494601785458,19,1,0,0,4,0.9052667923070484,132,0
3101,540.8313171658688,16,0,0,0,1,0.9318395552132388,600,0
3102,2580.0283314065823,10,0,1,0,3,0.9359129998987288,1021,1
3103,5707.183333398286,11,0,0,0,2,0.6709953958934364,1754,0
3104,3199.0544475382585,2,0,0,0,4,0.9258659017376315,200,1
3105,528.6875053547358,5,0,0,0,1,0.13184610939609154,607,0
3106,1574.0659335584305,10,0,0,0,1,0.6015094399367352,594,0
3107,300.9242151812671,12,0,0,0,1,0.759997964426962,1469,1
3108,1943.7809743853475,10,0,0,0,0,0.9430639938609341,674,1
3109,1720.9012460898123,7,1,0,0,2,0.32836157679059563,1339,0
3110,169.04816265860643,9,0,0,0,3,0.5847749177503642,1013,0
3111,343.16663862579946,1,0,0,1,2,0.4035553674128006,1825,0
3112,826.2200176586422,23,0,0,0,0,0.5382688251570282,1832,0
3113,811.7076617471716,13,0,0,0,0,0.5035669442259252,73,0
3114,327.1841180492309,15,0,0,0,1,0.8496894072250497,852,0
3115,1618.0527990066591,16,0,0,0,3,0.8240668401460276,808,0
3116,1410.181373715699,10,0,0,0,0,0.3949121102306641,943,0
3117,903.007508119073,1,1,0,0,4,0.2810095670419751,1710,0
3118,515.0214240222267,23,0,1,0,3,0.8508797460834682,1026,1
3119,3129.745988529358,22,0,0,0,0,0.954658041973483,1643,0
3120,5741.105766961761,4,0,0,0,1,0.01861761380781879,679,0
3121,676.1659378777698,15,0,0,0,2,0.501004215859595,21,0
3122,594.5668057649787,15,0,0,0,2,0.7715172275823676,462,0
3123,1792.2151817221775,1,0,0,0,3,0.9859712158572888,350,0
3124,766.6041912486658,15,0,0,0,0,0.5305211011203452,1578,0
3125,953.9419297730558,4,0,0,0,1,0.7190083450495561,814,1
3126,2297.675300181768,7,0,0,0,3,0.9333490645538972,115,1
3127,162.49446058689153,19,0,0,0,3,0.3752205017737994,371,0
3128,4098.19669254877,13,1,0,0,3,0.8848205695581232,17,0
3129,1179.3049568835856,9,0,0,0,0,0.26615246660285086,289,0
3130,726.6949987335372,22,1,1,0,1,0.7254580899424693,1355,0
3131,1003.0151031037747,1,0,0,0,2,0.9559109030329476,1528,0
3132,1056.1963188829209,2,1,0,0,4,0.6483041686662242,42,0
3133,194.18255010755175,17,0,0,0,4,0.3762071246487878,229,0
3134,4889.954254187293,20,0,0,0,2,0.07794085483574831,776,0
3135,1142.9016701976404,1,0,0,0,1,0.2006707408306967,1156,0
3136,1707.8697803811424,20,0,0,0,3,0.7292551790770387,487,0
3137,2839.972848079161,8,0,1,0,1,0.9896766277697215,618,0
3138,394.9809525869985,1,0,0,0,4,0.8497501776457433,139,0
3139,1760.709090170408,6,0,1,0,0,0.7914805139024117,149,1
3140,839.124351224288,6,0,0,0,0,0.018729815251995685,388,0
3141,2557.462347203921,13,1,0,1,2,0.7336913695165447,1263,0
3142,130.68274338301092,4,0,0,0,0,0.8275616668731931,1771,0
3143,993.1738256759701,7,0,0,1,4,0.32499671933603225,1293,0
3144,600.1498321048709,22,0,0,0,4,0.9997034593195698,1311,0
3145,1689.6267924061153,21,0,0,0,4,0.035862552257074576,1973,0
3146,1754.6842187397938,17,0,0,0,3,0.39107991627151917,1412,0
3147,540.4348564333709,5,0,0,0,3,0.2126321367368037,255,0
3148,537.9825559890553,13,0,0,0,1,0.9725403667479228,1296,0
3149,981.7479756184206,17,0,0,0,0,0.672075529878725,883,0
3150,447.3573753821,16,1,0,1,3,0.4167222571199135,104,1
3151,2545.2488278231076,8,0,0,0,2,0.9726060815617587,1014,0
3152,758.0829402812453,12,0,0,0,2,0.061500562684380644,49,0
3153,59.920086372908344,15,0,0,0,0,0.219479767290658,298,0
3154,753.8383411615971,20,0,0,0,2,0.42256075824921446,342,0
3155,388.17496517635436,9,0,0,0,2,0.12428426914548185,312,0
3156,214.58891712808472,9,1,0,0,4,0.996942423405634,1502,0
3157,318.16603265013396,3,0,0,0,1,0.5734098628152793,848,0
3158,1223.423642463425,11,0,0,0,1,0.16214170518081328,964,0
3159,4140.785686859698,7,0,1,0,2,0.24849444659759645,882,1
3160,1499.9461311293257,14,1,0,0,1,0.39621983652821846,1524,0
3161,597.9437056343883,20,0,1,0,3,0.7263749887703381,1881,0
3162,1730.0475889389872,22,0,0,0,2,0.3041072755166224,1575,0
3163,692.9166305947983,18,0,0,0,1,0.2978946954511744,1258,0
3164,547.5203504857468,14,0,0,0,3,0.6258925585912373,685,0
3165,345.7228117115986,7,0,0,0,0,0.045813779863285164,1328,0
3166,190.21807806373997,7,0,0,0,3,0.7119691223912376,319,1
3167,742.5396674616106,18,0,0,0,1,0.5476698056040619,535,0
3168,1284.408384211375,8,0,1,0,2,0.43399178696311347,366,0
3169,995.6306246209062,23,0,0,1,2,0.39297934118871025,301,0
3170,723.4511841942455,16,1,0,1,2,0.22107603418764155,898,1
3171,425.9210239540004,7,0,0,0,2,0.24029798403239133,1027,0
3172,2014.7415269470978,11,0,0,0,1,0.4998484919634195,1271,0
3173,293.79083837579435,14,0,0,0,2,0.1982525457062948,789,0
3174,2382.7913458980493,3,0,0,0,2,0.5676923338403057,1288,0
3175,402.53537495082657,5,1,0,0,2,0.6496945579944903,487,1
3176,516.7528752489678,15,0,0,0,2,0.45784644148097053,1540,0
3177,252.95580998582483,4,0,0,1,1,0.10697266189708798,219,0
3178,664.209660309105,22,0,0,0,2,0.9375749143902635,548,0
3179,2908.2664426553747,12,0,0,1,2,0.8332484751531889,1848,0
3180,1836.52061149351,14,0,0,1,1,0.9535374541486289,752,1
3181,2917.3242196985398,16,0,0,0,2,0.3682245752811776,624,1
3182,1848.5236009802386,21,0,1,1,2,0.03218641804962241,1353,0
3183,363.70029804379317,19,0,0,0,2,0.43634453082742986,1864,0
3184,787.773628943241,21,0,0,0,3,0.4650661509654962,1614,0
3185,502.60313913533565,4,1,0,0,2,0.7065250177619727,821,1
3186,4148.802029820145,18,0,0,0,1,0.734704589358075,113,0
3187,331.36197356165394,6,0,0,0,1,0.42476466115052924,230,0
3188,2680.336671714893,2,0,1,0,0,0.9772128532405125,1731,0
3189,2678.3437269079377,12,0,0,0,7,0.11225972037966503,948,0
3190,6833.690898615701,13,0,0,0,0,0.9024400000729575,749,0
3191,728.0089975341396,15,0,0,0,0,0.7699089832793992,394,0
3192,2235.7279519333833,12,0,0,0,4,0.5331778922791933,1249,0
3193,10739.156604549089,1,0,0,0,2,0.7625688765739349,949,1
3194,591.3205895660925,13,0,0,0,1,0.7541685977389363,1400,0
3195,236.26634578010132,19,0,0,0,3,0.1667238549876936,1170,0
3196,167.3336906018632,6,0,0,0,3,0.5324703310736508,1958,0
3197,2236.599763518128,4,0,0,0,2,0.47093006472384213,1307,0
3198,166.80905782232392,13,0,1,0,1,0.4941474790205398,926,0
3199,755.7275646869626,8,1,0,0,2,0.16827926399658577,1098,1
3200,1698.181390332601,9,1,0,0,0,0.38498669278009734,296,0
3201,1319.7208775646088,6,0,0,0,1,0.518793679006763,1128,0
3202,1678.145954016721,13,0,0,0,2,0.6842526612556786,654,0
3203,1369.6217088982075,13,0,0,0,4,0.42316375948349316,1711,0
3204,3939.723465129334,1,0,0,0,1,0.6468924560824183,703,0
3205,423.13175972748735,16,0,0,0,1,0.6175434175217269,903,0
3206,557.2449230718942,19,0,1,0,0,0.8129706586150722,651,1
3207,506.4069295739715,3,0,0,1,4,0.4148754642782849,671,0
3208,2515.411812973869,12,0,0,0,1,0.8726682972176554,1721,0
3209,2698.3576479935114,17,0,0,0,2,0.026282276667185855,1152,1
3210,1721.9718185482982,2,0,0,0,2,0.9007776701420326,666,1
3211,3581.3448557724496,18,0,0,0,3,0.9512911633040974,828,0
3212,337.632873679281,4,0,0,0,1,0.4124933987020907,1942,0
3213,5809.350836775969,0,1,0,0,0,0.9493261419348741,1862,1
3214,5030.318703947133,8,0,0,0,0,0.8644672763386946,1364,0
3215,2288.431659892886,23,0,0,0,4,0.05704098449460637,1016,0
3216,6514.585784335147,7,0,0,0,1,0.6514179313731623,1724,0
3217,209.2180045542272,2,0,0,0,3,0.9176613131902084,1835,0
3218,649.0773310313742,1,0,0,0,3,0.20607563038230403,894,1
3219,525.6820379225542,0,1,0,0,4,0.9206379183149407,463,1
3220,2256.2949036036453,11,0,0,0,7,0.20692698024390133,498,0
3221,383.69933356929516,21,1,0,0,0,0.6312767422057356,1437,1
3222,2339.038319573872,12,0,0,0,3,0.3806093897211409,927,0
3223,4317.950485440918,9,0,0,0,4,0.5480827567356983,1418,0
3224,2197.7796947760294,16,0,0,0,1,0.2814569336779186,50,0
3225,1456.4409361347286,10,0,1,0,2,0.4074252009217013,846,0
3226,408.3508204964238,4,0,0,0,3,0.5034484891252403,1278,0
3227,470.1957201503051,8,0,0,0,0,0.5018910325021658,521,0
3228,3826.167411426827,12,0,0,0,2,0.994120130406815,344,0
3229,2390.7179657800025,19,0,0,0,2,0.85472599176231,1253,1
3230,1054.667131145155,22,0,0,1,4,0.1472228292222244,1628,0
3231,722.0471592164995,10,0,0,0,1,0.9605960269455952,211,1
3232,144.63193368753178,22,1,0,0,2,0.5681550677210522,541,0
3233,375.8340093103444,3,0,0,0,3,0.6098092351095737,1940,0
3234,7416.177837026392,20,0,0,0,2,0.2760857638214812,51,0
3235,304.7660487514325,10,0,1,0,1,0.3030026281413204,1807,0
3236,1325.413574242352,8,0,0,0,2,0.1378977516994654,309,0
3237,3003.2309552319543,6,1,0,0,1,0.829606412454548,1192,0
3238,312.6478045745311,15,0,0,1,3,0.483368972951028,448,0
3239,1319.1072681636865,22,0,0,0,0,0.09757254044821573,1715,0
3240,2801.5147653595523,22,0,0,0,0,0.4443052595378858,1339,0
3241,1110.4263524972896,4,0,0,0,1,0.3405005930114622,996,0
3242,19310.4765813967,5,1,0,0,2,0.6900420012957409,1120,0
3243,206.72734293387037,18,0,0,0,5,0.18657917916085065,377,0
3244,3161.2681200198717,0,0,0,1,3,0.9352970915881538,1940,1
3245,922.6022986421411,15,0,0,0,3,0.7811596409995086,789,0
3246,2373.023489021614,17,0,0,0,0,0.3915105410396299,1252,0
3247,1704.9774293280732,23,0,0,1,4,0.18815260166448122,796,0
3248,526.8120285727218,12,0,0,0,1,0.7675065702477003,764,1
3249,1378.8379972411274,0,0,0,0,4,0.11857626067541227,38,1
3250,171.07439982943382,9,0,0,0,6,0.08737001284634238,1206,1
3251,2004.6955855772035,6,0,0,0,6,0.6798686012305052,646,0
3252,1477.576413415335,4,0,0,0,2,0.20028956924131014,1861,0
3253,2076.9591764822385,12,1,0,0,0,0.6430795403735492,1991,0
3254,3159.3396874785203,21,0,0,0,0,0.3553110621930726,365,0
3255,1583.8594544867244,15,1,0,0,1,0.09586530033308416,623,0
3256,1271.6739975254518,23,0,1,0,2,0.6244742092410313,499,0
3257,454.3790053564171,19,0,0,0,0,0.6463973854367335,1816,0
3258,537.9573254823456,21,0,0,0,2,0.5401486175024778,1571,0
3259,3592.9706563181026,13,0,0,0,1,0.34887253456510825,1821,0
3260,4611.624249457612,10,0,0,0,1,0.9138689458236234,880,0
3261,864.2737541393474,18,0,0,0,0,0.6802367841851586,974,0
3262,1148.2596729531367,22,0,0,0,1,0.5543752993723585,1251,0
3263,443.8051545484688,1,0,0,0,2,0.48103556357958177,964,0
3264,3543.098285607425,7,0,0,0,2,0.8430192318906099,338,0
3265,2133.2817990483254,12,0,0,0,1,0.9612617549126561,688,1
3266,7640.493210795583,6,0,0,0,2,0.557246117910849,662,0
3267,455.6281073992211,11,0,0,0,3,0.04942153689175788,1768,0
3268,751.4405525306706,7,0,0,0,3,0.491237782437156,1950,0
3269,1382.2196424017018,15,0,0,0,4,0.6455142673215202,1342,0
3270,2093.2842806849535,17,0,0,1,4,0.81753338408466,42,0
3271,883.8897719090908,18,0,0,0,3,0.3105155475521324,235,0
3272,458.077740845021,3,0,0,0,3,0.6764952654146081,143,0
3273,2647.596506967504,11,0,0,0,2,0.04626848691799568,1707,0
3274,2255.5189591295607,15,0,0,0,2,0.3514457042341771,1801,0
3275,438.6605588106439,20,0,0,0,2,0.29895497044566366,532,0
3276,4253.267547003022,21,0,0,0,1,0.08559488700033202,1860,0
3277,3534.0461413253643,16,0,0,0,4,0.7019453767797689,833,1
3278,1254.2543069556878,3,0,1,0,3,0.36846428737893355,185,0
3279,1187.490887714809,19,0,0,0,1,0.2178894225513046,402,0
3280,1908.4711798267022,23,0,0,1,4,0.14712522847279264,1348,1
3281,463.2639276252479,23,1,0,0,2,0.9036907868911616,28,0
3282,1130.066183165267,21,0,1,0,2,0.13877381104694841,711,0
3283,127.43627750508124,23,0,0,0,3,0.8656844000172309,270,0
3284,2634.51832526003,8,1,0,0,2,0.519701256052463,1277,0
3285,230.0983388029169,4,1,1,0,1,0.03114080891259785,1832,0
3286,4931.605278958106,16,0,0,0,2,0.9582410963817921,1788,0
3287,788.3009285924745,16,0,0,0,1,0.5530592229046831,1274,0
3288,887.4329933679788,1,0,0,0,4,0.3176146522996305,1394,0
3289,585.3828595385635,1,0,0,0,4,0.2682266028348763,294,0
3290,822.1814609261645,20,1,0,0,1,0.31722373377096047,1937,0
3291,4530.245200455315,22,0,0,0,0,0.21485121784259986,826,0
3292,91.12127790554538,6,0,0,0,0,0.2455098727320446,1383,0
3293,3932.2434172909598,3,0,1,0,3,0.3791006538990245,1970,1
3294,1537.6698745686613,12,0,0,0,2,0.5206455683311298,198,0
3295,327.98843615668403,19,0,0,0,3,0.7256903410486846,1213,0
3296,374.16153163949133,10,0,0,1,2,0.3031079867609695,154,0
3297,5862.861225862882,2,0,0,0,3,0.13520639094676468,1651,0
3298,426.0229082495709,1,1,0,0,2,0.020580868803157126,1851,0
3299,346.0729148456575,15,0,0,0,2,0.37211412405488575,1705,0
3300,3419.7220073924695,2,0,1,0,2,0.7909198721148846,708,0
3301,1538.4841251062958,23,0,0,0,5,0.328861441477344,220,0
3302,429.26499125399584,14,1,1,0,2,0.21716006257269727,461,1
3303,1361.8849004664837,16,1,1,0,0,0.9116220425489423,610,0
3304,393.1720555167405,15,0,1,0,0,0.6622918996168586,1198,0
3305,3297.175257849736,19,0,0,0,1,0.9756609930865678,210,1
3306,3169.632611956647,6,0,0,0,1,0.5608367923173332,1176,0
3307,1866.8470154763938,15,0,0,0,3,0.5408891280909822,1374,0
3308,1574.44964940659,4,1,0,1,2,0.9719631973458976,1650,1
3309,6381.689319224597,1,0,0,0,2,0.6106635693324628,138,0
3310,1096.2892285850019,0,0,1,0,3,0.5147335875344546,1986,0
3311,336.34111714998386,21,0,0,0,1,0.23871987689994134,939,0
3312,1718.9585854045113,12,1,0,0,2,0.3829368810724757,823,0
3313,8831.20763751625,15,0,0,0,0,0.56207451415644,733,0
3314,397.5181155688899,4,0,0,0,1,0.5642859987179651,577,1
3315,763.9766556792277,2,0,0,0,4,0.4554616251003023,790,0
3316,1663.1123542600992,14,0,0,0,2,0.6894332730348859,187,0
3317,1039.0843285529422,15,0,0,0,2,0.15691775927867035,858,0
3318,410.63158252911245,10,0,0,0,3,0.8674806019298573,1400,0
3319,3367.2708425053975,18,0,0,0,2,0.7373831763138794,1866,0
3320,11159.43627891264,17,0,0,0,0,0.8240776071124256,392,1
3321,1334.259131384543,20,0,0,0,3,0.035366937326901104,247,0
3322,444.04757618610523,8,0,0,0,2,0.7821731927249594,1620,0
3323,233.00023798185353,7,1,0,1,3,0.7396513694335898,1558,0
3324,1419.3807745421489,21,1,0,0,4,0.02028419497152356,1465,1
3325,3307.266655266183,18,0,0,0,3,0.4508361411017555,1460,0
3326,1763.6975174512484,21,1,1,0,1,0.30472621401125166,1328,0
3327,1094.0001926525633,4,0,0,0,2,0.2556512537463298,1144,0
3328,608.3366006166194,16,0,0,0,0,0.15703210389437028,88,0
3329,367.9092730993423,4,0,0,0,3,0.25334083537176033,406,0
3330,2526.907055962312,13,0,0,0,2,0.7621230851402097,433,0
3331,2734.685237472096,6,0,1,0,5,0.9078195434162282,1500,0
3332,233.75421808964276,8,0,0,0,1,0.35108983566540486,642,0
3333,5376.747831985109,16,0,0,0,2,0.2853913953325523,954,0
3334,1947.0510422899958,2,0,0,0,1,0.2931692376631495,1962,0
3335,4445.264472911789,7,0,0,0,2,0.534310334680201,836,0
3336,286.53831201206106,21,0,0,0,2,0.04561890425473336,1573,0
3337,279.8282003234435,12,0,0,1,1,0.5746351467390267,149,0
3338,944.8542570281045,15,0,0,0,1,0.9201658058469137,1532,0
3339,1813.0837917986935,20,0,0,0,2,0.4924579911494801,282,0
3340,6610.14469502063,9,0,0,0,4,0.39848141305049434,1679,0
3341,2221.8132345632903,17,0,0,0,3,0.039717763901423786,483,0
3342,860.3323113762042,2,0,1,0,3,0.5477096592200433,559,1
3343,392.92973020567786,11,0,0,0,3,0.13639488171443293,1295,0
3344,3751.835900837731,15,0,0,0,2,0.46158014270151804,598,0
3345,417.9219005378456,17,1,0,0,0,0.30893639564475306,1409,1
3346,5588.513194165962,16,0,0,0,1,0.2608432979654569,1460,0
3347,825.1913925457558,6,0,0,0,4,0.9575243063007103,474,0
3348,5380.7447482483085,18,0,0,0,2,0.7876916105746014,1533,1
3349,2162.3076568896063,22,0,1,1,4,0.11952464250612405,1418,0
3350,956.2357762855978,22,1,0,0,1,0.31625397815139056,126,0
3351,652.3646131051311,7,0,0,0,1,0.7033607972560804,1684,0
3352,779.8426141973483,16,0,0,0,0,0.8235588422514636,956,0
3353,1682.972227673546,20,0,1,0,0,0.5265086920582914,1200,0
3354,1184.5953236524804,6,0,0,0,1,0.9002995343464175,249,0
3355,605.581159960819,0,0,0,0,1,0.3615801257368616,1537,0
3356,929.2414328237693,7,0,0,0,5,0.07612953780515919,1356,0
3357,1186.2792767681042,18,0,0,1,2,0.9415150777498785,382,1
3358,130.4859953378403,19,0,0,1,2,0.41375351684301565,809,0
3359,1733.968714497434,19,0,0,0,1,0.023079893242602068,1021,0
3360,411.6933496607828,9,0,1,0,1,0.7191999358137346,24,0
3361,346.07918137970455,11,0,0,0,0,0.2517818588154572,704,0
3362,202.88831452558043,23,0,0,0,3,0.09101547466502158,491,0
3363,182.38275024303377,0,1,0,0,4,0.8440655198062046,1394,0
3364,282.7469977457553,23,0,0,0,3,0.24257222533414846,446,0
3365,539.6814415175188,20,0,0,0,2,0.5433716840197882,960,0
3366,7733.053921759281,3,0,0,0,0,0.6122655646616831,1794,0
3367,648.148815869107,3,0,0,0,5,0.94501370927116,916,0
3368,1309.9576746791804,8,0,0,1,4,0.39648671639799804,1462,0
3369,1636.7721604112742,14,0,0,0,0,0.5014069063616703,915,0
3370,1250.2079621967687,23,0,0,0,2,0.30168835905638425,1049,0
3371,1014.911341387409,14,0,0,0,3,0.46641758248446297,1639,0
3372,331.8576913131371,6,0,0,0,1,0.007069025229159975,1,0
3373,4679.411102894363,11,0,0,0,1,0.8586977847189601,1631,0
3374,6682.160508386704,2,0,1,0,3,0.0659518565639764,1082,0
3375,203.84120948690654,19,0,0,0,2,0.246087237248238,580,0
3376,393.8505052958087,8,0,0,0,4,0.719103462548515,771,0
3377,828.9747179478242,13,0,0,0,2,0.6415491485786813,420,0
3378,417.9919630094576,12,0,0,0,1,0.7517565169823626,1739,0
3379,1818.860624351656,23,0,0,0,2,0.5052444497638215,1526,0
3380,529.3912691015206,11,0,0,1,3,0.9285979519841482,275,0
3381,9557.257263953394,0,0,0,0,3,0.9449948133495502,201,0
3382,3606.7003192281813,18,0,0,0,2,0.7579119454052508,170,0
3383,1356.3791392448397,15,1,0,0,4,0.3217035525098252,1321,0
3384,3062.498188429954,11,1,0,0,1,0.04115616091692487,20,0
3385,3313.964296385161,9,0,0,0,2,0.5493300356700749,1481,0
3386,623.9389405767105,1,1,0,0,0,0.009058549919154335,914,1
3387,484.8224567968842,17,0,0,0,2,0.8093920159451912,1517,1
3388,1185.7645826944972,12,0,0,0,4,0.5880445297133623,441,0
3389,2595.7638959029987,23,0,0,0,1,0.6189236387569672,228,0
3390,1260.2437059373933,5,0,0,0,5,0.060426825303477316,1578,0
3391,226.55857433120002,11,0,0,0,0,0.5858516059839178,1760,0
3392,491.35926264443447,21,0,0,0,0,0.17973724810346003,580,0
3393,1018.4398091810629,3,0,0,0,3,0.40262348732907505,990,0
3394,1016.7173129146237,0,0,0,0,2,0.31917044161961616,1547,0
3395,7883.617702418748,10,0,0,0,2,0.24629295708519106,1578,0
3396,274.24230971154725,22,1,1,0,0,0.44707090978890296,1938,0
3397,1818.176294732239,7,1,0,0,0,0.7619337722998984,493,0
3398,4861.552490280878,1,1,0,0,2,0.23322118620447574,1400,0
3399,10630.151734625642,1,1,1,0,1,0.5104786629159533,261,0
3400,731.8697615971289,15,0,0,0,0,0.3566511699793361,890,0
3401,1792.6127163854962,0,0,0,0,4,0.6541715679892081,491,0
3402,1938.675636226144,3,0,0,0,1,0.5670553039303384,230,0
3403,1333.3925081389132,5,1,1,0,2,0.65005884802895,851,0
3404,993.421255100654,20,0,0,0,1,0.9822863312817272,1684,0
3405,1695.911086390093,19,0,0,0,1,0.5069892764027829,962,0
3406,87.16073255706999,13,0,1,0,1,0.1027773170619054,186,0
3407,2169.104069458924,19,0,0,0,2,0.04482150618938674,1253,0
3408,1244.1127492805524,14,0,0,1,3,0.05037563623318597,363,0
3409,877.8933378963936,6,0,0,0,5,0.35217673675468564,1355,0
3410,8491.850311955619,6,0,0,0,2,0.724622786263224,1677,0
3411,558.3946560042731,17,0,0,0,1,0.8401078593723927,64,0
3412,732.8375185434165,22,0,0,0,0,0.5940470637989724,382,0
3413,8034.927878429807,1,0,0,0,3,0.47998441003505643,980,0
3414,477.201433953024,19,0,0,0,0,0.8466379326812826,938,0
3415,632.6293572381774,14,1,0,0,6,0.05672232912141828,1642,1
3416,946.6927326231506,0,0,0,0,0,0.323588188725501,386,1
3417,2542.071254224977,20,0,0,0,3,0.057369837265709545,1023,0
3418,1349.9225607142694,16,0,0,0,0,0.9311052657486032,434,0
3419,301.0795913387951,19,0,0,0,2,0.08919239494636322,1270,0
3420,644.0854714062486,12,0,0,0,4,0.9595507278966743,1289,0
3421,597.435045112733,11,0,1,0,1,0.7308210348472408,429,0
3422,1015.137098508863,23,0,1,0,2,0.49453899386957567,1351,0
3423,1678.8153227635833,21,0,0,0,1,0.31260408831687103,1144,0
3424,1666.041539164382,14,0,0,0,7,0.5370805904182219,1535,0
3425,185.67321983020528,23,0,0,0,1,0.642693198699277,1540,0
3426,3177.7891163923596,4,0,0,0,0,0.4813027494879315,1213,0
3427,1411.726702708344,6,0,1,0,0,0.9174988965739455,1264,0
3428,4378.80899565615,7,0,0,0,3,0.13929669776662212,322,1
3429,1709.9139511927838,22,0,0,0,3,0.1283994705684416,87,0
3430,3298.8294015983474,13,1,0,1,2,0.779518879669664,1793,1
3431,1748.5555244058814,3,0,0,0,1,0.5607219085316234,369,0
3432,4214.245101115618,20,0,0,0,2,0.40608790742995793,1349,0
3433,1848.723418850224,13,0,0,0,4,0.8204535599433882,416,0
3434,994.3455216581317,9,0,0,0,2,0.9390652871822931,275,0
3435,10640.627326837903,21,0,0,0,0,0.5247146822798083,287,1
3436,2667.8738472545742,15,0,0,1,1,0.5686134995965382,822,0
3437,1946.4148501837692,10,0,0,1,2,0.05499959622748429,4,1
3438,306.03380920945256,21,1,0,0,1,0.49844776061588514,903,0
3439,302.3823821543083,13,0,1,0,5,0.01971813191291194,1056,1
3440,1469.5558365984784,13,0,0,0,1,0.4058986318939456,353,0
3441,1268.4122465930957,1,0,0,0,2,0.9663666771745038,6,0
3442,593.4051787044846,21,0,0,0,7,0.7625602211580205,354,1
3443,1262.668603566243,12,0,0,0,2,0.7344123641869551,895,0
3444,5370.23489184059,2,0,0,0,6,0.784861425303503,51,1
3445,2198.2183592573174,17,0,0,0,1,0.8496797463998257,527,0
3446,350.37061359955146,21,0,0,0,0,0.04270460347026939,767,0
3447,980.9202609800558,3,0,0,1,1,0.8794966199744233,1564,1
3448,490.30787942468334,20,0,0,1,3,0.7746152024078002,80,1
3449,744.1927572418944,20,0,0,0,2,0.6839149324294023,1045,0
3450,725.1542090468411,18,0,0,0,3,0.40573320356647835,598,0
3451,680.1779243467731,15,0,0,0,1,0.3005406018264557,1121,0
3452,312.5813102169991,3,0,0,0,3,0.19194304031236098,1653,1
3453,965.2096373104097,18,0,0,0,2,0.34160931455554155,867,0
3454,626.0262875768531,22,0,1,0,3,0.8782808025060247,409,1
3455,58.58925453142277,14,0,0,0,1,0.05646168788023109,680,0
3456,8543.89288712104,0,0,0,0,5,0.7261782304881825,794,1
3457,3257.6770343570106,15,0,0,0,1,0.08515349253189419,1171,0
3458,752.724488013414,14,0,0,0,1,0.11681431459443503,1428,0
3459,1117.4661662472774,15,0,0,0,1,0.19974061851198321,1118,0
3460,339.7960731051681,21,0,0,0,1,0.6738514885434664,426,0
3461,5977.291857978484,19,0,0,0,0,0.8514101127082823,367,0
3462,7312.121245950512,0,0,0,0,2,0.14177625067572808,612,1
3463,1282.6630817838552,16,0,1,0,2,0.23388100282849755,1401,0
3464,3051.9336251573714,4,1,0,0,3,0.6346584197960043,1428,0
3465,1306.7347912707157,4,0,0,0,2,0.4561672509925455,1918,0
3466,288.0904695312157,6,0,0,0,2,0.6334758147938127,1449,0
3467,726.4550659305377,12,0,0,0,4,0.1583107758030502,372,0
3468,1251.2870827728286,11,1,0,0,2,0.4596016716222636,557,1
3469,696.0714278267388,3,1,0,0,0,0.3404585608278776,982,0
3470,881.2547309491147,3,0,0,0,3,0.43671737898507457,421,0
3471,1000.8455207600649,22,0,0,0,1,0.2963585710246722,155,0
3472,1011.4310640994679,20,0,0,0,2,0.14324653526948594,864,0
3473,1155.4654057526761,20,0,0,0,2,0.666783046611671,814,0
3474,379.70511321346254,5,0,0,0,2,0.6690202222553794,1238,0
3475,535.3837882187731,23,0,0,0,3,0.26438577279284325,520,0
3476,303.5103567501498,14,0,0,0,1,0.5771637117311466,780,0
3477,2915.5552172473203,20,0,1,0,2,0.961694065861368,1881,0
3478,133.53359019777517,18,0,0,0,4,0.5371286370112762,1601,0
3479,3475.8361345569774,5,0,0,0,6,0.3139944630568703,832,0
3480,4386.774058194408,11,0,0,0,2,0.3085578895619029,893,0
3481,810.6362336758572,13,0,0,0,1,0.831248482092874,416,0
3482,81.19575050961112,17,0,1,0,5,0.4884707789784565,1326,0
3483,764.0929453870046,11,0,0,0,3,0.2632725528352411,1602,0
3484,1028.4579656712717,23,0,0,0,1,0.6308868331673255,1572,0
3485,399.1757436019739,23,0,0,0,1,0.864754187623296,1454,1
3486,655.0958797313245,14,0,0,0,5,0.7274625785763295,406,0
3487,5065.434505380719,18,1,0,0,3,0.08634533141027378,400,0
3488,2132.2374690221736,7,1,0,0,1,0.3416592397856413,381,0
3489,435.0390884780611,8,0,0,0,4,0.8127112274459677,1136,0
3490,221.93861406274488,4,0,0,0,2,0.4182563304440877,1052,0
3491,790.7506485769512,4,0,0,0,4,0.9986276490313392,117,1
3492,885.8460886293049,5,0,0,0,1,0.3419404760202873,1456,0
3493,1801.1834271195876,22,0,0,0,1,0.9074949544134405,676,0
3494,642.0609824587331,2,0,0,0,0,0.45944644413584923,1656,1
3495,1828.9541420048538,4,0,1,0,3,0.9359990519396734,765,1
3496,7594.306038811381,0,1,0,0,1,0.42130497657966226,464,1
3497,2478.7285405880657,10,1,0,0,5,0.46845463815453525,995,1
3498,1045.1456081859128,20,1,0,0,0,0.5408037680300652,737,0
3499,913.1037668414895,19,0,0,0,1,0.039791528019843314,1241,0
3500,767.6446001502811,0,1,0,0,3,0.0840506082056508,807,0
3501,3571.1427173586526,6,0,0,0,0,0.8545812452158895,204,0
3502,585.6290414448714,14,0,0,0,3,0.26515195224820787,1744,0
3503,1147.3643357275616,16,0,0,1,2,0.6272624868426137,932,0
3504,1154.2405819286082,7,0,0,0,4,0.26000147468604473,250,0
3505,663.9559501819898,1,1,0,0,1,0.35208272507629823,1210,0
3506,277.97590912611446,12,0,0,0,1,0.6043161637991721,1633,0
3507,1514.7027644583,11,0,0,1,2,0.33862946801790406,1072,0
3508,1031.7338630526244,4,0,0,0,1,0.7258126122607038,1577,0
3509,1808.477245676475,12,1,0,1,5,0.516544496784565,1331,1
3510,643.1639661771105,5,0,0,0,2,0.7567474967169637,676,0
3511,3717.5543520270335,14,0,0,0,4,0.21393882943532716,1508,0
3512,456.3345572975549,22,0,1,0,3,0.6449663229948842,305,0
3513,6075.6258532763795,21,0,0,0,1,0.3133446899773079,884,0
3514,191.01720264053733,20,0,0,0,1,0.3531384431811244,1082,0
3515,1693.8681938782725,21,0,0,0,0,0.18659559528320835,1948,0
3516,1764.1613180490692,10,0,0,0,1,0.12852549978039063,738,1
3517,494.94316216118324,3,1,0,0,1,0.8813690393090684,1680,0
3518,1676.383272645899,0,0,0,0,2,0.9462767477522283,989,1
3519,3942.296378772257,14,0,0,0,1,0.3935608822193354,628,0
3520,119.48384341058394,11,0,0,0,1,0.7635277971646225,989,0
3521,1813.0119599217498,8,0,0,0,0,0.8035067421577864,119,1
3522,90.62491540115644,10,0,0,0,2,0.14185174397948652,1240,0
3523,417.5211478231928,4,0,0,0,0,0.9390854226408485,1559,0
3524,5592.41427622578,23,0,1,0,3,0.8082139270880752,977,0
3525,612.909914421844,6,1,0,0,0,0.7896159883839605,196,0
3526,339.0406581013636,7,0,0,0,2,0.9244913151254652,855,0
3527,899.7008066644044,0,0,0,0,3,0.3528827421737444,598,0
3528,8672.447612357877,0,1,0,0,2,0.8866882277785195,1830,1
3529,175.6191540162839,2,0,0,0,1,0.9980017281842221,1563,0
3530,383.2509851870629,7,0,0,0,3,0.2313458932079625,158,0
3531,4902.162352475341,10,0,0,0,6,0.12143466917300527,1398,0
3532,7028.3155237362225,0,0,0,0,2,0.10879861657430334,1600,0
3533,988.875832997161,13,0,0,0,4,0.3774856095260817,150,0
3534,317.6490946228133,0,0,0,0,8,0.8087686641598476,1734,0
3535,8918.147296449075,5,0,0,0,1,0.7508298839329316,859,1
3536,5401.556283880879,20,0,0,0,1,0.19732504247922877,278,0
3537,2162.341600419317,5,0,0,0,5,0.5347293546823293,1869,1
3538,486.6755362612671,2,0,0,0,4,0.3615362862270125,63,0
3539,1044.1627625972912,9,0,0,0,2,0.8318355165850319,408,0
3540,934.1527034800865,11,1,0,0,3,0.8041734748927964,1019,0
3541,1526.6808894274486,9,0,0,1,0,0.8101369265117266,178,0
3542,4679.756876663208,21,0,0,0,2,0.5252646340631056,225,0
3543,2642.331739923202,1,0,0,0,3,0.8074650508520752,1438,0
3544,373.390176687522,23,0,0,0,4,0.7333587881171817,1110,1
3545,4343.763642465002,21,0,0,0,3,0.524760754960782,391,0
3546,1499.867635224769,12,0,0,0,3,0.7727565537800685,442,0
3547,2179.968695589969,15,0,0,0,3,0.37686103911154145,457,0
3548,4753.045546623038,12,0,0,0,0,0.7798079762026187,1184,0
3549,360.8346248584252,3,0,0,0,2,0.6233733722795235,1955,0
3550,1058.0410605868115,3,1,0,0,0,0.8618784819255392,209,0
3551,644.5455202330072,10,0,0,0,2,0.8923332763508655,1686,1
3552,228.6381389815448,22,0,0,0,3,0.38873326454646573,1434,0
3553,1551.0850195085463,13,1,0,0,2,0.28785239706201426,992,0
3554,13515.014770198493,2,0,0,1,1,0.28008441515020743,989,0
3555,174.1509158019195,18,0,0,0,1,0.3261178660838122,1061,0
3556,1061.7984378820065,21,0,0,0,0,0.05070584264627043,164,0
3557,2080.873289023288,0,0,0,0,2,0.9312319477064485,686,0
3558,1240.262341138047,4,0,0,0,3,0.12398170458165392,1898,1
3559,979.3332152439035,16,0,0,0,1,0.877953990948321,1674,0
3560,299.10169617646505,0,1,0,0,1,0.4875681382651391,471,0
3561,1384.074193747993,18,0,0,0,2,0.9003509151162005,389,0
3562,514.5208210580668,18,1,0,0,2,0.9325914707952282,512,1
3563,122.74122716807983,3,0,0,0,1,0.8212095604403242,1739,1
3564,3621.313993231927,18,0,0,0,0,0.4069638444956205,1597,0
3565,2859.453552050876,5,0,0,1,6,0.4124662175994196,1164,0
3566,1154.7752056273243,14,0,1,0,2,0.9664281143836732,20,0
3567,1378.9459586176376,3,0,0,1,3,0.33675380691642465,1930,0
3568,3210.9368037301365,23,0,0,0,1,0.41116321898652375,1690,0
3569,1372.4320401413938,0,0,0,0,3,0.2908504402127612,1292,0
3570,2708.140604984661,23,0,0,0,3,0.513723353621827,106,0
3571,814.453877053917,16,0,1,0,2,0.6104303524893869,1022,0
3572,4072.383520418849,10,0,0,0,2,0.6630446271418374,473,0
3573,1511.3910424817855,16,1,0,0,1,0.15848679362832496,648,0
3574,1331.4874018751377,22,0,0,0,3,0.3465871254011256,1396,0
3575,307.9504555060933,0,0,0,0,1,0.9959680221988372,1300,0
3576,1461.1160701774184,8,0,1,0,5,0.07157638977462633,1994,0
3577,477.2522048522208,13,0,0,0,3,0.37222093043786253,473,0
3578,579.2402166422322,14,0,0,1,3,0.21181309077006027,240,0
3579,485.23066299556274,23,0,0,0,1,0.2816707996014687,559,0
3580,377.5734306687945,0,0,0,0,2,0.46723329577488126,1374,0
3581,9179.898280677817,1,0,0,0,2,0.9865752934629661,1740,0
3582,4151.9735815004515,17,0,0,0,1,0.8123874294569495,1032,0
3583,7482.838683703012,17,0,0,0,2,0.24070005925479998,471,0
3584,322.8232566566436,5,0,0,0,3,0.13744415247743147,1105,0
3585,1177.6235545157308,19,0,0,0,1,0.6061977506121623,644,0
3586,300.8140725714161,7,0,0,0,2,0.8763260619423329,705,1
3587,546.9214128942002,0,0,1,0,2,0.2002626872262251,1317,0
3588,437.84852471734706,14,0,0,0,4,0.19517431120484507,1204,0
3589,3787.9642116586842,9,0,0,0,3,0.6841022357487613,999,0
3590,737.8719661131865,3,0,0,0,0,0.29720011727904316,1288,0
3591,3191.9245902875964,9,0,1,0,1,0.041487680007713856,1441,0
3592,2006.4472295062621,10,0,0,0,1,0.3024689358241148,613,0
3593,10977.892449005445,4,0,0,0,4,0.21067478843054976,127,0
3594,249.77381712864494,8,0,0,0,2,0.3276416342996965,1146,0
3595,3863.130869533287,4,0,0,1,0,0.8144745663754089,419,1
3596,3451.074360542833,10,0,1,0,3,0.6733152847100267,1177,0
3597,414.3127659768424,2,0,1,0,3,0.27973965910559473,1215,0
3598,3002.2981862961424,3,0,0,0,3,0.40865234035031084,1885,0
3599,1534.7840453050137,9,0,0,0,3,0.2139158047401516,296,0
3600,873.5136358541432,6,0,0,0,0,0.5536239593312271,1854,0
3601,481.0948832028097,0,0,0,0,1,0.22625240063820573,668,0
3602,534.2642402771012,5,0,0,0,2,0.9272595101863337,53,0
3603,8516.93740577216,7,0,0,0,1,0.26979133602180005,1891,0
3604,1097.3822160447044,16,0,0,0,1,0.712022045857207,1331,1
3605,2397.3758001874703,23,0,0,0,4,0.39395522139091643,1520,0
3606,497.25382913728043,6,0,0,0,3,0.8935749436103978,1603,0
3607,502.77716186560025,0,0,0,0,1,0.31543801817677786,322,0
3608,3235.6490135834715,8,0,0,0,0,0.01591754465209494,1872,0
3609,284.41197079563887,10,0,0,0,0,0.10610791447638757,382,0
3610,723.9962639589644,18,0,0,0,2,0.06786673495889883,1265,0
3611,1134.5908848641766,1,0,0,0,1,0.31000657828935774,751,1
3612,1225.8289669627015,22,0,1,0,1,0.672409154500659,238,0
3613,916.8159240589165,10,1,0,0,3,0.5161295697722923,764,0
3614,1629.1599308428042,2,0,0,0,0,0.24901464007500917,1377,0
3615,2192.627237912328,16,0,0,0,2,0.9987648147873439,1465,0
3616,2286.179917804829,9,0,0,0,1,0.06569986460427246,1799,0
3617,409.19679076120866,2,0,0,0,1,0.6232109532177948,1815,0
3618,825.3808383573186,21,0,0,0,2,0.8016331152080899,1146,0
3619,3621.9319919149075,2,0,0,0,2,0.9580146981278431,95,0
3620,2682.8828551262072,20,0,0,0,2,0.35442365457789926,1964,0
3621,277.86643497818636,6,0,0,0,2,0.5701808971815308,1086,0
3622,1558.501248584687,1,0,1,0,0,0.25167400858326316,850,0
3623,151.680259694353,0,0,0,0,1,0.03364457165754098,1928,1
3624,1149.3305277507577,6,0,0,0,3,0.5176967933721984,94,0
3625,7315.619630821183,19,0,0,0,0,0.5906618998607444,269,0
3626,425.0076984375276,10,0,0,0,6,0.27525444327869186,1766,0
3627,476.1233477108738,22,0,0,0,2,0.2323307920848955,926,0
3628,2354.3731238618284,5,1,0,0,2,0.2809439585383934,1684,0
3629,234.43971707378813,22,0,0,0,1,0.5243308407230421,1098,0
3630,582.4509466388004,3,0,0,0,0,0.6804752026854844,365,0
3631,1991.0972299074747,18,1,0,1,3,0.7206580599680262,1692,0
3632,581.5600024701016,20,1,0,0,1,0.27708843975533215,403,0
3633,866.1256693775882,18,0,0,0,1,0.8562625999084942,1666,0
3634,2308.1132856218564,13,0,0,0,1,0.4852662397350065,557,0
3635,1671.6159688088921,2,0,1,0,3,0.5481334452721849,1115,0
3636,1431.9871819028979,3,0,0,0,2,0.22832065237381294,1581,0
3637,781.2363436188515,7,1,0,0,3,0.38317164159767647,1342,0
3638,1587.7308146751286,17,0,1,0,2,0.05163583222118051,1972,1
3639,969.0026240647366,3,0,0,0,2,0.5772691899065377,1460,1
3640,1733.3402563227437,10,1,0,0,1,0.7488714807024401,429,0
3641,667.1854043840185,15,0,0,0,4,0.5435142740020277,973,0
3642,913.634888052342,2,1,0,0,1,0.32654028889382125,1804,0
3643,407.50051946791166,6,1,0,0,5,0.834747148368263,511,0
3644,1058.9068591076987,1,0,0,0,4,0.05763563351861967,1184,0
3645,487.3580830533116,0,0,0,0,1,0.24873442865171558,1791,0
3646,359.9458306954708,0,0,0,0,2,0.05003082951701976,1681,1
3647,1420.3536201327115,5,1,0,0,1,0.3930090859871036,824,1
3648,1356.603971242963,18,1,0,1,0,0.25035391909358595,1640,1
3649,2399.159471889356,6,0,0,0,1,0.6825821736874992,1301,0
3650,712.567347458726,23,0,0,0,0,0.07855912453434266,1185,0
3651,1649.2119501531104,4,0,0,0,2,0.03367256420854714,856,0
3652,1902.2593157539081,20,0,0,0,2,0.5529245517275074,1591,0
3653,1710.8982565954857,17,0,0,1,2,0.746615044596064,380,0
3654,480.2689777174545,23,0,0,0,2,0.4683501422853624,251,0
3655,1273.2952221949322,12,0,0,0,3,0.2812686762971057,592,0
3656,1578.357922541797,0,0,0,0,4,0.49856105362853065,1027,0
3657,1104.533625962615,9,1,0,0,4,0.3382955371864417,87,0
3658,136.11802518484956,8,0,0,0,1,0.2962463401862594,1463,0
3659,1287.541189632175,16,0,0,0,2,0.44715969524448573,1682,0
3660,10021.93068686071,0,0,0,0,2,0.6140480378938082,1034,0
3661,765.0649492805826,0,1,0,0,3,0.578654907164714,544,1
3662,529.4945658240391,6,0,0,0,0,0.10822789402555721,236,0
3663,1592.9589804616828,3,0,0,0,1,0.21826927562933385,333,0
3664,1498.7372668612056,22,0,0,0,0,0.0070471026449543395,467,0
3665,3614.595254087085,20,0,0,0,3,0.4381550438398527,1824,0
3666,311.72825916689555,11,0,0,0,0,0.7701278535312445,295,0
3667,2278.745275203904,15,0,0,0,2,0.41425191593616983,1869,0
3668,1979.1486594524247,13,0,0,0,3,0.9993329208750135,1775,0
3669,951.3228246692053,22,0,0,0,3,0.7503374073202216,9,0
3670,1538.6909753330203,9,0,0,0,1,0.37491400642953,1292,0
3671,3070.0756488545676,13,0,0,0,0,0.9732066092547216,1030,0
3672,2623.633269056366,6,0,0,0,0,0.640679652393825,1594,0
3673,349.6667954132871,3,0,0,1,0,0.9194127117631768,468,0
3674,2490.299309256581,1,0,0,0,2,0.08734371315737999,106,0
3675,1027.9392973153335,23,0,0,0,2,0.5575924077680362,980,0
3676,1179.5332613873727,17,0,0,0,3,0.9084480505367747,1452,0
3677,1179.9141859000565,15,0,0,0,0,0.6507975395382316,952,0
3678,943.6515820471518,8,0,0,0,3,0.9882118401998317,1160,0
3679,3610.8825571305847,4,1,0,0,2,0.9957511371755801,698,0
3680,1008.5632175412564,8,0,0,0,2,0.7920374741345289,201,0
3681,357.97167802773305,7,0,0,0,2,0.27876569803359186,956,0
3682,739.8667807886188,23,0,0,0,4,0.8535601870463514,763,1
3683,1311.195659123364,19,0,0,0,2,0.703502503436339,644,0
3684,3748.888909632658,15,0,0,0,4,0.10634035955261412,277,0
3685,2004.3892601794985,19,0,0,0,0,0.3876776336441562,1544,0
3686,468.4665594641575,17,0,0,0,3,0.8745106569405121,568,0
3687,13163.32610753812,3,0,0,0,2,0.7077626287861783,291,1
3688,1429.064496581205,15,1,0,1,1,0.4273610848099437,1685,0
3689,3926.0563901813694,3,0,1,1,1,0.6130029557210513,490,0
3690,942.2640719261909,5,1,1,0,1,0.9367785746310751,1050,0
3691,1869.3746547661694,2,0,0,0,1,0.5976208956570556,1074,0
3692,2538.8550851597565,17,0,1,0,3,0.22767368208426586,1408,0
3693,3707.8026842841537,14,0,0,0,2,0.6693634296203861,774,0
3694,3156.9710088345905,7,1,0,0,1,0.26619267010344594,1669,0
3695,2623.3227018496286,17,0,1,0,3,0.6190154509956142,1434,0
3696,800.2412692848503,23,0,0,1,1,0.6445686509712939,923,0
3697,619.0920430799929,22,0,0,0,4,0.3615351856141028,1848,0
3698,1529.3644108387894,2,1,0,1,2,0.7406774632378992,1727,1
3699,2788.134664936468,5,0,0,0,2,0.2929097781367609,631,0
3700,877.6775747226325,21,0,0,0,3,0.014723768082219424,444,0
3701,3181.7033140227804,20,1,1,0,1,0.3506500576801508,933,1
3702,4687.322230906163,23,1,1,0,0,0.8623001435519234,1045,0
3703,438.640021857777,14,0,0,0,3,0.5768617807295041,565,0
3704,474.88814695196373,11,1,0,0,4,0.8493717595842105,181,0
3705,953.0095657287675,4,0,0,0,3,0.12859982097750022,208,0
3706,1491.6119625077345,6,0,0,0,2,0.19298973996137092,545,0
3707,649.0001749242532,21,0,0,0,1,0.16461972339830766,104,0
3708,4239.508742379838,14,0,1,0,5,0.7851269676365554,1922,0
3709,1675.8350569954237,6,0,0,1,0,0.6121936436300585,732,0
3710,1140.7566488045802,12,0,0,0,2,0.3364035296747886,1710,0
3711,260.887812077363,2,0,0,0,4,0.7806490818953241,1079,1
3712,294.177752085452,22,0,0,0,2,0.43538964994050067,1973,0
3713,1452.453174414508,12,1,0,0,3,0.6156024193140492,1860,0
3714,129.98309114039293,2,0,0,0,1,0.8547094435356601,1586,0
3715,3018.8686157894504,1,0,0,0,6,0.4252481622468369,43,1
3716,936.2159405900206,22,0,0,0,3,0.7522857227621903,1172,0
3717,28087.86663137137,3,0,0,0,3,0.5656414674631818,150,1
3718,11024.950942178366,16,0,0,0,2,0.9076819974685139,249,0
3719,914.6586456009361,5,0,0,0,4,0.45546278973889986,1205,0
3720,986.0065498876803,10,0,0,0,1,0.2986502377294664,1747,0
3721,2967.8157217544076,5,1,0,0,3,0.26939318444604266,990,0
3722,6021.987359090702,21,0,0,0,1,0.19082139778066176,367,0
3723,213.14462854972402,1,0,0,0,1,0.3565491062666388,419,0
3724,183.75889308169297,16,0,0,0,2,0.43429138422148095,1325,0
3725,588.7285399325725,2,0,0,0,1,0.1355493687919026,261,0
3726,1963.998221126372,11,0,0,0,3,0.7357439789377531,1028,0
3727,1802.3985605851226,13,0,0,0,0,0.9379019028193366,143,0
3728,3196.3712308786658,1,0,0,0,0,0.4118731741246432,1789,0
3729,330.399481268399,21,0,0,0,1,0.9252006555104212,1368,0
3730,108.18645102933017,21,0,0,0,2,0.42200039039050186,1633,0
3731,2586.3792284228894,4,0,0,0,2,0.2202263387748331,1994,0
3732,479.04940163716657,9,1,0,0,2,0.8591085873251665,867,0
3733,145.69452504803502,9,0,0,0,6,0.9015443854147421,1765,0
3734,1267.8321418116202,20,0,0,0,0,0.6386990837140792,1268,0
3735,2424.0032506576204,8,0,0,0,3,0.92254963665856,96,1
3736,970.627595431203,20,0,0,0,2,0.34870238130276643,1488,0
3737,693.7777150036626,12,0,0,0,3,0.3187274697442479,77,0
3738,935.0853119504657,9,1,1,0,1,0.8548784552455908,1105,0
3739,757.0408671135369,5,0,0,0,3,0.28083575003304917,69,0
3740,284.84719769749154,10,0,0,0,3,0.8662223024906429,173,0
3741,536.6356233830988,3,0,0,0,2,0.23833975557695053,1096,1
3742,1846.929676471319,13,0,0,1,4,0.6949364058523747,303,0
3743,1512.741038305044,16,0,0,0,1,0.8183855917332686,1626,1
3744,1297.3250970170116,19,1,0,0,1,0.8680957467639351,268,0
3745,405.3907910903779,1,0,0,0,2,0.9651177971887278,1446,0
3746,914.6091704112641,9,0,0,0,0,0.3003971189575546,1575,0
3747,124.3294570013863,2,0,0,0,1,0.5441711567325995,941,0
3748,1310.9097802440278,6,0,0,0,2,0.956485490189125,1147,0
3749,4577.26852746777,6,0,0,0,2,0.010293823615147302,1528,0
3750,251.10416874516665,0,0,0,0,4,0.6152975833910553,497,0
3751,610.3742701753055,7,1,0,1,2,0.14955197341711768,50,0
3752,1524.0198768440532,22,0,1,0,3,0.4402444388246405,882,0
3753,3838.521841739501,0,1,0,0,4,0.08405532838900931,547,0
3754,700.4867031811148,7,0,0,0,2,0.33640878280885145,1853,0
3755,548.8085582308786,13,0,0,0,3,0.6916337770871642,1413,0
3756,153.09778847426762,13,0,0,1,3,0.8116611583586144,845,0
3757,1216.1411453978922,1,0,0,0,1,0.5612831076033152,1709,0
3758,8451.304102868688,7,0,0,0,3,0.43620818409266915,806,0
3759,1447.1602428992405,18,0,0,1,3,0.34253909177298003,1438,1
3760,1072.471439720419,9,0,0,0,4,0.906892295303357,781,0
3761,1513.3519601595146,6,0,0,1,2,0.19755730330396337,399,0
3762,1084.5365111578415,12,1,0,0,3,0.6841277454131973,339,0
3763,486.37777061153844,21,1,0,0,2,0.14079577518467812,1126,0
3764,2498.085495493505,20,0,0,0,3,0.8996479990518269,1023,0
3765,1374.384843037872,14,0,0,0,0,0.2853660151019731,294,0
3766,1116.1195400373113,10,0,0,0,3,0.3713101822031508,234,0
3767,413.4902656042674,13,0,1,0,0,0.18316052879901756,608,0
3768,4038.012651324076,10,0,0,0,1,0.9341080946297994,1891,0
3769,2131.7590124418707,1,0,0,0,0,0.8877158495332386,1236,1
3770,630.8569685709455,1,0,0,0,3,0.4732651305697747,340,0
3771,2986.4027656512594,11,0,0,0,2,0.030126547782862723,369,0
3772,666.7593336003205,14,0,0,0,2,0.9045366243101075,1101,0
3773,501.6970781070844,16,0,0,0,4,0.9626215660576198,1114,0
3774,513.0107922735281,13,1,0,0,3,0.06998560604726212,816,0
3775,186.5933120957039,15,1,0,0,3,0.6087200514815719,593,0
3776,1757.3150446917466,7,0,1,0,3,0.9558269880136162,94,1
3777,175.71355164312126,23,0,0,0,1,0.6965014135130828,260,0
3778,321.036931763333,16,0,0,0,3,0.5162001296456148,1672,1
3779,137.6084028586574,4,0,0,0,5,0.3420545876316806,1609,0
3780,1006.194133017735,11,0,1,0,2,0.7400395073378667,86,0
3781,943.5784788002588,5,0,0,0,1,0.987670269396862,876,0
3782,791.0046028787642,17,0,0,0,3,0.6392267578391245,1420,0
3783,386.6122703201576,4,0,0,1,3,0.5047493333143838,19,0
3784,339.59925020687444,5,0,0,0,1,0.16787538694238424,865,0
3785,1744.755767541172,8,0,0,0,1,0.8612306642184032,704,0
3786,632.3531807067003,14,0,0,0,1,0.38380075894488663,1668,0
3787,1504.71429437379,9,0,0,0,1,0.7693780629358231,1410,1
3788,452.4835070085287,16,0,0,0,0,0.3477874261357944,1728,0
3789,1314.3042836827858,18,0,0,0,1,0.12084364594249553,636,0
3790,4037.084440644724,11,0,0,0,1,0.6686935973901147,895,0
3791,1970.7427879604847,8,0,0,0,1,0.5456833412488388,1407,0
3792,726.0262576868608,14,0,0,0,2,0.1507756919512503,711,0
3793,1418.2783286200936,13,0,0,0,2,0.8295033013620122,259,0
3794,862.0685789707098,0,0,0,1,4,0.30255373040939193,1736,0
3795,1105.3089688581908,16,1,0,0,1,0.44287310498725263,1929,1
3796,791.8634361565034,0,0,1,0,3,0.4967161727326006,1140,0
3797,930.4467006556188,22,1,0,0,1,0.24637596414988983,1045,0
3798,1355.7273149036287,20,0,0,0,5,0.5020510263540138,1749,0
3799,406.117002027145,21,0,0,1,2,0.06777513119901957,696,0
3800,397.0734090383386,12,0,0,1,3,0.18699159661520404,1120,0
3801,273.54262126852547,7,0,0,0,1,0.2757005743570934,892,0
3802,221.34640006329448,12,0,0,0,1,0.3593186190117732,1473,0
3803,324.6401401477728,15,0,0,0,1,0.24884820553259313,86,0
3804,1286.2194128960496,1,1,0,0,1,0.4707559911576733,1131,1
3805,449.0851370184685,12,1,0,0,2,0.6591799370393958,1218,0
3806,1832.826269878935,17,0,0,1,1,0.3452583807102144,446,0
3807,1135.369864631222,2,0,0,0,3,0.03740993793788139,585,0
3808,153.1619390106527,12,0,0,0,2,0.6337471257411316,1511,0
3809,2111.1235739009317,18,0,0,0,4,0.879806033458723,1979,0
3810,2467.099987223006,12,1,1,0,3,0.12455015089764954,719,1
3811,405.9123806747203,18,0,1,1,3,0.18509947625785572,1324,0
3812,1669.3532298739383,3,0,0,0,1,0.029613124244977085,1354,0
3813,465.68142480943044,18,1,0,0,2,0.21850370242466066,1929,0
3814,1209.1469340234344,17,0,0,0,4,0.29568141643619295,140,0
3815,309.66825925524694,5,1,0,0,2,0.4559667272665322,42,0
3816,182.52616771167078,18,0,0,0,0,0.6996327160291497,116,0
3817,747.8353327724484,3,1,0,0,1,0.4328922869095292,1493,0
3818,969.0062421576367,3,0,0,1,5,0.36485863981876643,1054,0
3819,736.8028156455393,23,0,1,0,2,0.6837509383636343,1901,0
3820,335.6166015976948,6,0,0,0,4,0.6449404115493426,1691,0
3821,735.1693919286539,6,0,0,0,2,0.42396343392214775,314,0
3822,1435.5376867043508,22,1,1,0,0,0.33863876264351456,1613,0
3823,1048.4906888743028,15,0,0,0,2,0.3798643793030735,1207,0
3824,1316.195991620607,15,1,1,0,1,0.404772560808228,1500,0
3825,561.0919520819352,4,0,0,0,1,0.08975533348794495,883,0
3826,3539.4191640591207,14,0,0,0,2,0.18178845368789665,1389,0
3827,338.2640026202063,22,0,0,1,1,0.6564510233483146,824,0
3828,1785.6902195401003,3,0,0,0,1,0.9313054109637185,1687,1
3829,3575.610082298957,23,0,0,0,1,0.08444074355625186,1307,0
3830,1773.8508658749527,12,0,0,0,5,0.12095675593750699,214,0
3831,895.5837792282804,18,0,0,0,3,0.09861954236151238,1272,0
3832,646.5838921309818,6,0,0,0,3,0.25530436980467075,1010,0
3833,3090.4983989573934,11,0,0,1,1,0.792577477879086,693,0
3834,264.2842093734773,8,0,0,0,3,0.8358966679322466,397,0
3835,415.66337568393203,16,1,1,0,2,0.8918051772252421,1193,0
3836,736.8926581068356,1,0,0,0,2,0.7840087752062581,607,0
3837,3780.659549969623,15,0,0,0,2,0.45885486042854073,1425,0
3838,1603.2171946532487,6,0,0,0,2,0.5683856759836307,618,0
3839,416.5282312779558,17,0,0,0,2,0.684830871221703,975,0
3840,804.0747959295569,6,0,1,0,1,0.24766187016101826,1192,1
3841,593.2861659710699,0,0,0,0,1,0.5451210740161235,1778,0
3842,539.2671066279457,2,0,1,0,1,0.5147349388354358,1518,1
3843,2918.688231554726,20,0,1,0,5,0.7667545423368344,1342,1
3844,278.17679665265234,10,0,0,0,4,0.23422579555212564,1552,0
3845,5479.564224669444,21,0,0,0,2,0.920131189886715,1287,1
3846,2510.4811078301946,14,0,0,0,2,0.3868649896178311,1329,0
3847,3264.4992817350253,2,0,0,0,2,0.49409444017273363,1725,1
3848,690.2545813179844,23,0,0,0,1,0.3350450307024585,1230,0
3849,943.9368624594762,12,1,1,0,3,0.11554202132984082,483,0
3850,261.6082577677423,3,0,0,1,1,0.1775896284575743,1879,0
3851,648.9382676088461,22,0,0,0,2,0.9902595032028727,394,1
3852,1796.606429769902,21,0,0,0,1,0.34980661274744673,1473,0
3853,4008.0617998953608,7,1,0,0,1,0.11552619912211048,203,0
3854,362.4342879339582,21,0,0,0,3,0.4452387516237293,41,0
3855,760.894004003989,3,0,0,0,2,0.13725776036776727,1028,0
3856,942.6553937784978,17,0,0,0,1,0.6148956910335944,1317,0
3857,271.5675191589581,6,0,0,0,1,0.024120826758781244,1939,0
3858,1980.9845384738994,10,0,0,0,0,0.5605074395595632,889,0
3859,531.6629140205624,3,0,1,0,0,0.6867512923112084,1323,1
3860,901.9956061525395,12,0,0,0,0,0.08071814760009066,550,0
3861,697.8824145827336,8,0,0,1,2,0.14792101569103866,1148,0
3862,498.03058673259216,8,0,0,1,1,0.7746104305669234,1367,0
3863,1088.934543904933,22,0,1,0,2,0.42094824123663654,1048,0
3864,883.9410911370919,20,0,0,0,5,0.09222855428742238,1004,1
3865,756.0761644419991,18,0,0,0,2,0.8623887208558131,1485,1
3866,529.2910016883983,2,0,0,0,3,0.736931917570035,1521,1
3867,1509.4862962718398,11,0,1,0,1,0.1870693305185085,961,1
3868,5730.839270287206,10,0,0,0,2,0.34722505935387793,1366,0
3869,1261.286149420353,19,0,0,0,3,0.5679561565276928,1126,0
3870,2969.408978663283,10,0,0,0,5,0.021589449842993602,49,0
3871,273.0836271536051,16,0,0,0,0,0.489829486554499,888,0
3872,1284.0333267088158,20,0,0,0,2,0.3405961940901454,1120,0
3873,365.99939523218916,13,0,0,0,3,0.9258403041008626,362,0
3874,250.40386451365654,15,0,0,0,5,0.22587591649168426,1383,1
3875,523.547935022085,23,1,0,0,3,0.3985174130794573,688,1
3876,3611.575325561757,9,0,0,0,2,0.16227946140617677,1127,0
3877,2835.61983420888,3,0,0,1,1,0.12833889354446304,1933,0
3878,1398.2891352618287,9,0,0,0,4,0.2798001550535073,1124,0
3879,236.81978241160286,19,0,0,0,2,0.8162696149829543,687,0
3880,901.1929166444784,11,0,0,0,1,0.3776530970954878,533,0
3881,1482.8185909071276,8,1,0,0,1,0.1865016249701421,888,0
3882,1307.0607977663917,14,0,0,0,3,0.016915733882694295,720,0
3883,173.5049998445012,8,0,0,0,1,0.5482384293724556,122,0
3884,450.19559864458984,6,0,0,0,2,0.4950466811354449,649,0
3885,1028.5673964789942,23,0,0,0,0,0.21062058731208733,1476,0
3886,1874.8630758360428,11,1,0,0,2,0.3632781215461769,345,1
3887,121.98183972010543,19,0,0,0,2,0.2883897076871791,336,0
3888,932.5064090965496,23,0,0,0,1,0.7117299264209875,1354,0
3889,1265.2800624248105,13,0,0,0,3,0.3676484001884549,1994,0
3890,2564.73897556993,21,0,0,0,3,0.4697045081276686,1631,0
3891,2192.6312469586665,15,0,0,0,0,0.9893770310899123,1433,0
3892,1963.6717053538791,18,0,0,0,4,0.8952980120929552,1353,1
3893,492.77835723087793,22,0,0,0,3,0.6580869747196391,284,0
3894,162.7146190323719,2,0,0,0,3,0.48263298277743405,1908,0
3895,740.2198546409186,10,0,0,0,0,0.3521512536957119,1901,0
3896,2985.826360517611,22,0,0,0,3,0.943165016559118,846,0
3897,4418.053650504775,20,0,0,0,4,0.9125971210029046,261,0
3898,2231.767390395613,19,0,0,1,5,0.16505316906781065,1254,1
3899,1684.6966936271567,18,0,0,0,4,0.2521255820584868,970,0
3900,1603.012015774623,7,0,0,0,0,0.3904977715335721,1062,0
3901,628.842767478048,19,0,0,0,4,0.4573103830748986,1308,0
3902,962.8905079713019,7,0,0,0,2,0.542207642874321,458,0
3903,5820.081393856078,2,1,0,0,2,0.038640090267420435,673,0
3904,427.28105033099234,9,0,0,0,2,0.06810768463434835,816,0
3905,5512.529056214633,12,0,0,0,1,0.46945393172895744,1492,0
3906,794.7056905188422,8,0,0,0,0,0.9181955988435042,192,0
3907,4127.520362249262,5,1,0,1,0,0.7423997335614713,863,1
3908,268.5897145395537,14,0,0,0,2,0.5430280120977032,1530,0
3909,1970.227310595482,15,0,0,0,2,0.02848203108458458,1799,0
3910,524.911598210471,4,0,0,0,2,0.06828011579423288,603,0
3911,266.32911224383025,20,1,0,0,0,0.6299851730645823,648,0
3912,1364.487313296232,12,0,1,0,3,0.19172752135999438,1422,1
3913,3009.327132086727,18,0,0,0,3,0.5758905565981934,264,0
3914,471.0944296054426,1,0,0,0,1,0.4535576684835674,1910,0
3915,244.93283731168523,5,1,0,0,7,0.18455480329636575,259,0
3916,1000.4000366762459,0,0,1,0,1,0.4655055883826319,1028,1
3917,1004.8209759302686,14,0,0,0,3,0.8867783648854397,660,0
3918,1897.551457642962,14,0,0,0,6,0.22469277742229654,1471,1
3919,2834.4255602050566,13,0,0,0,6,0.956893223970512,461,0
3920,1033.3743749681419,6,0,0,0,2,0.2292355497586579,1478,0
3921,7012.877036940813,4,0,0,0,1,0.4565438546491877,132,0
3922,1372.2880627706122,19,1,0,0,0,0.7229600531146159,1045,0
3923,775.5508057366397,15,0,0,0,2,0.7744807085341839,854,0
3924,218.8600842407348,16,1,0,0,3,0.3102469605639888,427,0
3925,843.3149375922541,10,0,0,0,1,0.01648486439009178,51,0
3926,783.3762111331738,14,0,0,0,5,0.6258743712260542,595,0
3927,2864.946044343056,19,0,0,0,0,0.3222428596059048,1024,0
3928,1741.4678422120894,15,0,0,0,4,0.5211866514365376,1495,0
3929,337.18470908192796,2,0,0,0,5,0.06466740852546993,785,0
3930,1302.7782603694563,5,0,0,0,0,0.39112430089985073,388,0
3931,2146.3653844656296,20,1,0,0,0,0.6311431441995974,1056,0
3932,5054.485568380458,22,0,0,0,3,0.08322071788937169,1907,0
3933,2663.7867173863397,12,0,0,0,2,0.4731427130779462,1053,0
3934,2346.8907695485827,0,0,0,0,4,0.4369922053279749,351,0
3935,1164.5453060924167,20,0,0,0,2,0.31205258289669613,1877,0
3936,1616.9743640367544,13,0,1,0,2,0.9856601369235227,1202,1
3937,3825.7312356413677,1,0,1,0,2,0.9743066670155713,714,0
3938,289.2301108260018,1,0,0,0,4,0.489637719672784,169,0
3939,773.2177261602542,14,0,0,0,1,0.1884346263607899,805,0
3940,506.45286100032325,17,1,0,0,2,0.4661383075332083,302,0
3941,1602.2322925784788,8,0,0,0,1,0.8478727987602352,522,0
3942,3752.667410801497,2,1,0,0,2,0.34476573076573935,740,1
3943,603.6688061035312,3,0,0,0,1,0.3410958693217353,468,0
3944,100.4535701839772,14,0,0,0,3,0.808942735636136,1175,0
3945,726.1664474269204,4,0,0,0,1,0.6280769916402269,384,0
3946,2733.870725137843,19,0,0,0,5,0.40529801726657877,1028,0
3947,1877.3751866563937,19,0,0,0,1,0.5186537086222138,698,0
3948,1682.752707411893,4,0,0,1,0,0.594558502882584,1208,0
3949,828.8230630237879,9,0,0,0,2,0.16119952924837078,639,0
3950,305.20059952628594,15,0,1,0,4,0.47715911340301853,817,0
3951,1835.9077441331697,11,0,0,0,3,0.5231288293980367,794,0
3952,476.1429812794816,13,0,0,1,2,0.9953517867863655,1132,0
3953,9740.977328915536,21,0,1,1,9,0.2526292308881748,811,0
3954,1940.124079184236,10,0,0,0,0,0.2478909138075036,1070,0
3955,613.6051833422393,18,0,0,0,3,0.7608557476156725,924,1
3956,595.0317423507897,5,0,0,0,3,0.3351071924549448,1673,0
3957,999.3007589872929,9,0,0,0,0,0.056216933624476884,85,0
3958,863.0719658906963,19,0,0,0,2,0.9579438304212823,133,0
3959,3350.3958282645576,2,0,0,0,2,0.04158034897073304,660,1
3960,1321.3591827803348,21,0,0,0,0,0.9193507808118144,169,0
3961,527.61574394991,14,0,1,0,2,0.812750280365287,1490,0
3962,7262.218830461077,10,0,0,0,2,0.6107764893389688,1855,0
3963,1152.0616224326584,21,0,1,0,1,0.8815782944518745,1753,1
3964,2365.7246879838594,1,0,0,0,2,0.19577601475221473,310,0
3965,596.9142645169436,23,0,1,0,4,0.18741327208749559,556,0
3966,1576.7414575081937,5,0,0,0,1,0.44380100372098497,890,1
3967,1496.8377440590648,16,1,0,1,2,0.9965038482179819,765,1
3968,165.7284669662065,17,0,0,0,0,0.009205761786663214,1960,0
3969,8227.809603714082,3,1,0,1,5,0.14209417979074013,1412,0
3970,3986.402447472366,22,0,0,0,3,0.7188900737470961,1357,1
3971,737.1597927771113,8,0,0,0,4,0.25832998079111635,324,0
3972,364.2098671313428,9,0,0,1,0,0.5544236994506847,1178,0
3973,1552.4065423067675,20,0,0,0,2,0.7142324742681414,1921,0
3974,1195.9518797930352,1,0,0,1,2,0.8405203627664335,1230,0
3975,1565.0435789534852,10,0,0,0,0,0.5567703717654492,1334,0
3976,1328.1966464154198,10,0,0,0,5,0.10091541939045512,1405,0
3977,1819.3616727740484,10,0,0,0,3,0.6938580498774692,80,0
3978,4662.493637742109,0,0,0,0,0,0.5010611313068704,1314,0
3979,1935.4656163626428,13,0,0,0,3,0.694102546008455,1541,1
3980,383.88556527946247,0,0,0,0,2,0.05717326963656322,351,0
3981,4283.659097748864,20,0,0,0,3,0.0035529872237989313,1651,0
3982,5656.805222350312,22,1,0,1,1,0.9070474337256755,618,0
3983,25643.79047411618,8,1,0,0,2,0.568424706167501,1361,1
3984,356.561225898924,23,1,0,0,1,0.17867105233532732,217,0
3985,1398.1175632613138,0,0,0,0,2,0.7045864818204386,1052,1
3986,136.71538687209127,20,0,0,0,5,0.7073545048166057,1169,1
3987,1906.737902348125,21,0,0,0,2,0.9148339211776921,1512,0
3988,633.8419935416435,21,1,0,0,1,0.7669510105677979,278,1
3989,7505.908540922895,3,1,0,0,2,0.8387100503217033,340,1
3990,505.41760592945957,0,0,0,0,3,0.8353783901787988,1582,1
3991,202.51560838744865,18,0,0,0,2,0.2936735298325426,937,0
3992,684.5325929484083,9,1,0,0,0,0.5218698989964645,1489,0
3993,152.096049940922,14,0,0,0,1,0.035342497802963724,1198,1
3994,2324.1262815393407,19,0,0,0,0,0.0427608209900836,388,0
3995,139.0615935077946,3,1,0,0,2,0.8812205713764287,1419,0
3996,1128.2889732217134,19,0,0,0,3,0.05108048464959636,1082,0
3997,137.30272781698142,13,1,0,0,0,0.5489133703170939,295,1
3998,796.0819998800199,4,0,0,0,3,0.9286468501897559,142,1
3999,5672.459947472825,14,0,0,0,1,0.2054755702762494,1824,0
4000,1572.8552723762477,14,0,0,0,0,0.44269289608670526,244,0
4001,462.43517965597397,15,0,0,0,2,0.6476321491298688,1147,0
4002,1062.9427406224809,15,0,0,1,1,0.5618347219389322,878,1
4003,1116.5701192550157,3,1,0,0,2,0.36362896559639524,1233,1
4004,1759.2279831182993,8,1,0,0,2,0.78763189293298,879,1
4005,279.53894939628526,0,0,1,0,2,0.40943139555181285,1435,0
4006,1983.3989113027283,4,0,0,0,1,0.38609260230357656,763,0
4007,73.37684102011352,8,0,0,0,3,0.021591968763339242,1838,0
4008,584.1252608793952,19,0,0,0,1,0.8645683280010966,470,1
4009,672.987097302895,4,0,0,0,4,0.9993961251492495,1128,1
4010,2065.91152831951,3,0,1,0,0,0.7432824862404301,130,1
4011,1121.733855689132,15,0,0,0,3,0.9709868096931572,1599,0
4012,268.9261875285334,1,1,0,0,2,0.49550021821244516,1641,1
4013,409.5286540818622,15,0,1,0,1,0.5816191813246896,974,1
4014,1337.6638949554485,17,0,0,0,3,0.8846302941035171,1015,0
4015,1013.2645834342804,1,0,0,0,1,0.5239699894496506,1581,0
4016,614.5411491322776,15,0,1,0,0,0.07148006408052043,934,0
4017,678.0128296086741,0,1,0,0,1,0.738407710058886,1667,1
4018,2199.9017893805253,15,0,0,0,1,0.13900396350235844,868,0
4019,653.4770586751541,2,1,0,0,3,0.3429908287514395,1528,0
4020,1004.1621146289444,14,0,0,0,2,0.8444576165866405,551,0
4021,9604.015661633954,10,0,0,0,0,0.27764735732308143,1350,0
4022,264.09723853544807,9,0,0,0,4,0.9345309738096738,1495,0
4023,172.1140379447668,16,1,0,0,1,0.8152195026925325,1977,0
4024,2400.877716768281,3,0,0,0,0,0.9681698891136945,277,1
4025,556.3273826636964,16,0,0,0,3,0.10485332467124986,1861,0
4026,797.7238398921841,3,0,0,1,1,0.2946999080673338,1469,0
4027,502.12225297676156,18,0,0,0,2,0.7911813766459831,894,1
4028,845.729745859268,0,0,0,0,3,0.6734459960844511,203,0
4029,5423.724915126287,13,1,0,1,0,0.7638741929998023,282,0
4030,2445.8022302351746,23,1,0,1,2,0.8724312614280867,375,1
4031,2597.2890627683996,10,0,0,0,3,0.2722468175009486,1325,0
4032,266.0735952022751,6,0,1,0,1,0.9723749555489076,1381,1
4033,346.8339944959482,16,0,0,0,1,0.7594804187413732,1264,0
4034,64.13058149203559,3,0,0,0,1,0.9478352007810379,15,1
4035,488.1482637734106,9,0,0,0,1,0.10892828035908786,1640,0
4036,2854.6461854893664,16,0,0,0,0,0.5578799989285345,854,0
4037,1838.9435272810185,3,0,0,0,1,0.8163970566241165,324,0
4038,878.7379558673766,18,0,0,0,0,0.0892354044365593,1069,0
4039,1072.4485914591903,17,0,0,0,0,0.4854175397606001,1433,0
4040,550.6582921981667,16,0,0,1,2,0.7976883959309456,1650,0
4041,1345.820148994127,5,0,0,0,5,0.04939936159105274,719,1
4042,2358.7292025161273,6,0,0,0,0,0.7175598827142852,802,0
4043,217.9167725477165,5,0,0,0,1,0.9684316406235027,133,0
4044,1479.778491775167,11,0,0,0,2,0.056164827918652294,643,0
4045,2786.20259585511,8,0,0,0,2,0.9179306791369292,1619,0
4046,724.0784269507359,17,0,0,0,2,0.41918263959738467,1335,0
4047,2209.8957293753037,1,0,0,0,1,0.024213895248097028,1085,0
4048,18299.965333300464,16,0,0,0,2,0.34812757076336887,1285,1
4049,987.9748154750446,20,0,0,0,5,0.30404105038422846,1638,1
4050,1625.0714288372385,0,0,0,0,0,0.24895519497079133,1235,0
4051,524.2364989311366,22,0,0,0,1,0.8286805561432334,584,0
4052,1314.5519480054597,8,0,0,0,1,0.452359326997951,341,0
4053,1737.619974248498,5,1,0,0,2,0.30811485714021813,1224,0
4054,1332.5402210936775,1,1,0,0,1,0.3101083413279804,836,0
4055,395.5608693980678,5,1,0,0,4,0.9921080734703306,404,0
4056,1347.9790790044606,8,0,0,0,1,0.6188181996833486,501,0
4057,4732.438741185134,2,0,0,0,1,0.04159469050574105,1787,0
4058,1717.5184467670176,15,0,0,0,1,0.8879199293944038,1400,0
4059,2869.770065724415,23,0,0,0,1,0.7266843683061586,1188,0
4060,865.2236513512714,14,0,0,0,4,0.21172539786979194,1862,0
4061,2321.3408247610378,11,0,0,0,1,0.11356284989582466,254,0
4062,1449.9260559482498,22,0,0,1,1,0.37716993960055023,696,0
4063,423.72695354990856,7,0,0,0,2,0.20795167108768442,1619,0
4064,1507.9720362555852,5,0,0,0,2,0.7018294363593793,6,1
4065,406.7925443946556,2,0,0,0,1,0.174309018278602,823,1
4066,582.3780021381945,22,0,0,0,3,0.5237429043507208,1880,0
4067,1325.2127708371981,3,1,0,0,3,0.6370970005386969,573,0
4068,1476.2262412296386,9,0,1,0,1,0.6690502204002423,1669,0
4069,333.87528829876493,13,0,0,0,2,0.7657478911966946,157,1
4070,3146.310486398721,20,0,0,0,2,0.5029171268824726,1092,0
4071,1943.0346419062648,23,0,0,0,1,0.21109996216176785,1722,0
4072,542.0030151269993,14,0,0,0,1,0.33950483394901876,622,1
4073,235.6659187378233,6,0,0,0,3,0.379701191914546,826,0
4074,948.7026511645795,6,0,0,0,3,0.6874202542894917,1204,0
4075,702.0862685436681,7,1,0,0,1,0.6258381124038404,1171,0
4076,1227.997971770483,9,0,0,0,1,0.495023283412542,1390,0
4077,762.7141632220461,18,0,0,0,2,0.4733703301355612,1042,0
4078,147.31057884519703,18,0,0,0,1,0.06015819762211205,506,0
4079,743.7114039754903,1,0,1,0,1,0.6896514197744442,1990,0
4080,807.8536282312151,14,0,0,0,3,0.8041276468647321,1311,1
4081,2066.6020686548304,0,0,0,0,2,0.8885607495221974,1025,0
4082,545.5531998171665,9,0,0,1,2,0.020433062548403047,6,0
4083,5876.253473065894,5,0,0,0,2,0.8748124391966452,1061,0
4084,162.1236716685655,21,0,0,0,2,0.8760252706739635,1282,0
4085,4069.060831194711,12,0,0,0,1,0.6631119022071725,58,0
4086,876.2759292985572,9,0,0,0,1,0.27854152954191924,1259,0
4087,2590.444786901218,11,0,0,0,1,0.8924820479443308,933,1
4088,1187.732711226973,23,0,0,0,5,0.3475059741699028,1456,0
4089,3427.3941761624815,5,0,0,1,3,0.581036235326529,1495,0
4090,744.4443010676971,5,0,0,0,2,0.44095037093553957,300,1
4091,365.5414118994749,0,0,0,0,2,0.8859470670001048,300,0
4092,4539.191934831394,11,0,0,0,1,0.258064156214313,1009,0
4093,978.9879697179305,22,0,0,0,3,0.3311476226885205,283,0
4094,1368.6203582212313,22,0,0,0,3,0.4079063144617182,475,0
4095,3769.7045702583564,9,0,0,0,6,0.8547856086296254,1573,1
4096,390.7409302522659,13,0,0,0,1,0.3181911921269803,856,0
4097,1989.2061084421002,14,1,1,1,2,0.28863608501048676,1883,1
4098,607.95766130935,22,0,0,0,1,0.79607208303482,1656,1
4099,960.8618521359326,23,0,0,0,3,0.38767688004820555,607,0
4100,1178.8314914976972,3,0,0,0,3,0.6649115161091705,1182,0
4101,244.6376505798039,0,0,0,0,0,0.8755908262235406,88,1
4102,503.2881944302963,7,0,0,0,3,0.22556335639730418,1601,0
4103,4234.72170750383,2,0,0,0,3,0.46434138009458015,1384,0
4104,2660.2920489433436,13,0,1,0,3,0.48695981169377467,992,0
4105,1030.0477327985514,16,0,0,0,3,0.5682802273987906,1167,0
4106,1398.4551730188728,1,0,0,0,1,0.9184720473164819,1816,0
4107,817.0967381211515,14,0,0,0,3,0.9806031551369497,1653,0
4108,4258.121526649063,5,0,0,0,0,0.8011338876173204,1035,1
4109,897.5307864324659,4,0,0,0,0,0.029921354390059496,1387,0
4110,1382.7673443016251,13,0,1,0,4,0.11704285687486415,998,0
4111,3449.657204733835,18,0,1,0,1,0.11766557272562084,1136,1
4112,504.0263332176044,8,0,1,0,1,0.5316118297023799,50,0
4113,5212.366136325947,7,0,0,0,4,0.043142406193354854,1566,0
4114,237.35065158818833,2,0,0,0,1,0.5117087142210921,1554,0
4115,5595.075591012729,17,0,0,0,3,0.7518231454373393,623,0
4116,755.458172398184,7,0,0,0,3,0.3019268991105435,673,0
4117,860.3172806302955,15,0,0,0,2,0.46941846560836054,874,0
4118,165.6686698188116,14,0,0,0,1,0.0965814124462624,1667,0
4119,695.899520366054,20,0,0,0,2,0.06887503500573877,1346,1
4120,387.68512202512744,14,0,1,0,1,0.5337872025726444,1803,0
4121,597.260672009554,15,0,0,0,5,0.012155410988888504,1400,0
4122,955.9341540964125,0,0,0,0,4,0.7034420795635039,1877,1
4123,2857.7549541054395,9,1,0,0,2,0.14192026520189482,791,0
4124,1349.653742369911,18,1,0,0,3,0.8942834723355504,1010,1
4125,1491.707406668729,4,0,0,0,1,0.8502676489717859,1208,1
4126,366.6767285179512,17,0,0,0,4,0.22659782276586538,1089,0
4127,454.5218150599123,2,0,1,0,4,0.23505698720803625,564,0
4128,6625.790856867257,3,0,0,0,2,0.036727968819154966,263,0
4129,525.7358841458129,3,0,0,0,3,0.983586086782277,111,0
4130,5745.7070333976535,10,1,0,0,4,0.0552915768919926,1499,0
4131,860.0055142272372,8,0,1,0,2,0.4796317549004424,337,0
4132,1099.1450575043914,0,0,0,0,1,0.8492297592745436,1699,0
4133,3198.2694966962813,15,0,0,0,1,0.16022048285855395,1936,0
4134,3912.3458000293467,8,1,0,0,1,0.7710692992001899,307,1
4135,981.603481078018,10,0,0,1,1,0.16879173541276393,693,1
4136,743.7886682840161,5,0,0,1,2,0.30461887362896056,1987,1
4137,1036.992059978842,16,1,0,0,2,0.25561687271746214,332,0
4138,1537.5684641721405,11,1,1,0,1,0.04706425493170885,308,1
4139,2673.9276136816184,21,1,0,0,2,0.12292916837620338,1878,0
4140,1101.2815862232903,7,0,0,0,2,0.6753482399515711,1236,0
4141,2036.2930429250937,15,0,1,0,2,0.08607864785285846,1249,0
4142,5644.064450887233,4,0,0,0,2,0.9755939643684172,199,0
4143,1605.6912244064556,20,0,0,0,5,0.26089398371224615,1016,0
4144,1497.650545274455,0,0,0,0,1,0.10962920476841598,1719,1
4145,240.10808470713437,16,0,0,0,3,0.3723711328993188,421,0
4146,78.98594009690254,23,1,0,0,3,0.2760755930812152,1799,0
4147,1617.0774070817113,20,1,0,0,2,0.07845235880690571,663,0
4148,997.4238138148111,7,0,0,0,2,0.6566076559011699,1665,0
4149,655.3813795774996,9,0,1,0,2,0.7776908773933632,760,1
4150,1399.0241043073406,17,0,0,0,1,0.0021213848589437534,233,0
4151,1032.353339628956,14,1,0,0,3,0.571881323225185,268,0
4152,3387.2723183499766,19,0,0,0,3,0.6455750359017653,97,1
4153,1195.250263854772,12,0,0,0,1,0.9833531665815604,763,0
4154,519.6090567762387,9,0,0,0,2,0.6602843011419036,1807,0
4155,2951.787620801399,8,1,0,0,4,0.29880544940065,1466,0
4156,882.5972005899561,12,0,0,0,2,0.6695263410092913,1307,0
4157,1856.6641405231574,2,0,0,0,4,0.276865191393619,976,0
4158,680.3377008597569,21,1,1,0,1,0.13958242577870128,1871,0
4159,572.5918243831197,22,0,0,0,5,0.7414381496197451,817,1
4160,1192.9305790686096,2,0,1,0,2,0.48387772967214093,1661,0
4161,1110.7921001418351,0,0,0,0,4,0.9518683608527562,959,0
4162,1771.9342674648099,1,0,0,0,2,0.062213199839975974,563,0
4163,838.2817378723557,10,0,0,0,1,0.4794396637693772,152,0
4164,174.7996072262689,13,0,0,0,1,0.2509549870397966,313,0
4165,711.3937801838988,9,0,0,0,2,0.5049654465492126,429,0
4166,2425.5618497252644,6,1,0,0,1,0.04254604908301718,1900,0
4167,814.5403128137868,22,0,0,0,2,0.040456379851923074,1074,0
4168,857.1531414879032,0,0,0,0,1,0.5361488933466441,1825,0
4169,2940.622303836841,6,0,0,0,3,0.353200076617874,206,0
4170,538.090505979568,14,0,0,0,3,0.022956412297408968,587,0
4171,234.4393178154941,10,0,0,0,2,0.6086961043559324,538,0
4172,933.8995464598252,5,0,0,0,3,0.4439370223061201,884,0
4173,675.7519350768933,21,0,0,0,2,0.9769858139456544,460,1
4174,417.2784230803749,6,0,1,0,5,0.8324830160819972,226,1
4175,920.2280723990133,6,0,0,0,1,0.730165955011137,633,0
4176,1792.749308866502,0,0,0,0,3,0.4792431545287945,377,0
4177,1086.4941750019525,9,0,0,0,3,0.4848881754196347,101,0
4178,1490.6701645490414,20,0,0,0,2,0.9400529203730676,1829,0
4179,6723.792930796498,14,1,0,0,0,0.731614414257508,1769,1
4180,778.3070704806379,7,1,0,0,0,0.09021150223628294,987,0
4181,1448.5938910978377,23,0,0,0,4,0.435834502861867,80,0
4182,659.0415861221067,18,0,1,0,3,0.4181200415240969,1511,0
4183,470.42675877291765,2,0,0,0,0,0.11240867325030368,1292,0
4184,610.9971817143976,22,0,0,0,3,0.8455660274082577,1071,0
4185,679.4213149819449,14,0,0,0,3,0.2815344299972159,1821,0
4186,1571.012818299248,3,0,0,0,3,0.3737182526293873,1986,0
4187,11488.200989059878,5,0,1,0,1,0.9797127876675988,1798,1
4188,535.9048162746384,9,1,0,0,3,0.6820595143489203,1910,0
4189,722.9750368501972,17,0,0,0,1,0.8058582018276533,778,1
4190,1029.5498912121893,15,0,0,0,1,0.10526476822246711,993,0
4191,1629.1258289949064,17,0,0,0,0,0.5400106318740152,130,0
4192,1427.3156794320187,5,0,0,0,3,0.715559042024078,1618,0
4193,3960.3821176452907,18,0,0,0,0,0.8132517850863747,305,1
4194,96.89306323234874,16,0,0,0,1,0.8848176104778962,1168,1
4195,100.79312307063438,17,0,0,0,1,0.08987524017838366,1990,0
4196,667.8888904162892,12,0,0,0,4,0.7392779749959405,975,0
4197,3285.585625207355,6,0,0,0,1,0.09815181705563836,1934,0
4198,229.14430739791868,19,0,0,0,0,0.40414852998453143,1727,0
4199,54.18302460974033,11,0,0,0,4,0.4462013212150948,1795,0
4200,1941.4286648682346,1,0,0,0,2,0.2866537579749526,937,0
4201,1399.2018189588352,11,0,0,1,1,0.8633125470192917,1544,1
4202,368.62932254610155,11,0,0,0,3,0.5863594837175691,508,0
4203,409.30491808859296,23,0,0,0,4,0.1405255369448517,1127,0
4204,415.82158263475725,3,1,0,0,4,0.3727189294706825,1966,1
4205,1224.8030290939405,3,0,0,0,1,0.0788197383575503,1573,0
4206,586.2138904902364,17,0,0,0,2,0.4945817582114135,1619,0
4207,1797.3415202978504,15,0,0,0,1,0.35483722912776605,1391,0
4208,63.14119045062065,13,0,0,0,1,0.32182957851030536,1515,0
4209,465.5167760634766,16,1,0,0,2,0.8431964866749023,1783,0
4210,355.6496222676879,16,0,0,1,0,0.8496820139022416,886,1
4211,848.6605827484287,2,0,0,0,1,0.6793810004858186,1858,1
4212,640.3098766941363,5,0,1,0,3,0.9193009863352258,37,0
4213,2435.345172025571,22,0,1,0,5,0.654703842834859,421,0
4214,170.82902941177943,12,0,0,0,0,0.619005747600324,771,0
4215,1147.6727512216435,8,0,0,0,2,0.0936804655716329,1516,0
4216,1916.6543580423256,20,0,0,0,3,0.01044022109533893,444,0
4217,7020.905213943212,8,1,0,0,1,0.2098724305124653,1122,0
4218,677.381093029243,7,0,0,0,1,0.786778086994644,1634,0
4219,1516.9524048776975,16,0,0,0,2,0.9291962409609785,383,0
4220,180.57337546445095,15,1,0,0,3,0.2296317111651489,1132,1
4221,100.28777424729473,15,0,0,0,0,0.16860284106409773,1317,0
4222,2552.3617239542345,18,1,0,0,0,0.8355782449705422,368,0
4223,1090.5524768971259,23,1,0,0,2,0.3795475608262684,1772,1
4224,3563.5506122385455,15,0,0,0,4,0.9778859400814418,1659,1
4225,277.7154729634963,13,0,0,0,2,0.9608217489334363,673,0
4226,1844.386792660762,19,0,0,0,0,0.33434101380817594,1750,0
4227,7106.8745463316955,13,1,0,0,4,0.5598400098674421,751,0
4228,1668.5422305461275,13,0,0,0,2,0.6797282693858642,1273,0
4229,1446.0362992090065,13,0,0,0,2,0.639975902873058,961,0
4230,1106.0562954414002,11,1,0,0,4,0.9754466725830637,1837,1
4231,227.94823025199656,5,0,0,0,1,0.359097692548507,432,0
4232,4253.8210803107195,19,1,0,0,3,0.7259085570955984,1600,1
4233,595.3457684445037,12,0,0,1,0,0.5809883973339919,1084,0
4234,1816.1665297897916,15,1,0,0,2,0.5206002061611148,659,0
4235,229.7440109993906,8,0,1,0,3,0.14836086631437095,1467,0
4236,337.15418079098725,1,0,0,0,1,0.7536160456302549,1834,1
4237,4605.87250234908,21,0,0,0,4,0.39756592659999523,1893,0
4238,774.8718888986754,2,0,0,0,2,0.12927209175545407,15,0
4239,4690.410930485907,9,0,0,0,0,0.01141193535813445,1331,0
4240,1014.1127192500579,19,0,0,0,2,0.14853954756710464,1362,0
4241,173.83424444305612,1,0,0,0,1,0.6903917636874166,893,0
4242,2675.971041778803,23,0,0,0,4,0.7487560122111627,208,0
4243,607.9591439419344,9,0,1,0,2,0.045871547322060224,1315,0
4244,2205.454333328144,7,1,0,0,4,0.1547660323168033,1340,0
4245,1124.6316823198254,16,0,0,0,2,0.9992121428786221,1127,0
4246,234.3654787869433,21,0,0,0,3,0.4138622201455414,1291,0
4247,1292.4497989669057,0,0,1,0,0,0.8950067316636913,1415,0
4248,9859.819509975308,5,0,0,0,1,0.4068045830522059,670,0
4249,1795.4059987859073,6,0,0,0,4,0.5290446360744588,558,0
4250,1035.3369900895138,14,0,1,0,0,0.8756092860033244,1285,1
4251,3214.2309523869594,17,0,0,0,1,0.989861384659421,1090,0
4252,1353.7969311129818,8,0,0,0,2,0.07099616056655755,1837,0
4253,1352.2622778248367,7,0,0,0,5,0.6322282482284906,513,0
4254,368.1074310775319,9,0,0,0,4,0.46846205783466166,1919,0
4255,1385.5438676840902,3,0,0,0,0,0.539199790852399,403,0
4256,3088.5080340667887,19,0,0,0,1,0.20171991038029624,1591,0
4257,475.2960380488022,7,0,0,0,1,0.8943539767907673,625,0
4258,4557.346481804166,0,1,1,0,3,0.28679091413975577,175,0
4259,1000.5388419959551,7,1,0,0,2,0.13935311835296338,1687,0
4260,451.34431154419786,22,0,0,0,2,0.7088540558818262,1190,1
4261,2973.907658436644,11,1,0,0,1,0.9804241355893336,1296,0
4262,823.2054164613439,22,0,0,0,2,0.24037687519038808,14,0
4263,2343.7673385814464,14,0,0,0,2,0.4689728989944498,1988,0
4264,819.1288256354273,12,0,1,0,4,0.06477308288580652,1274,0
4265,1032.9497843535905,15,1,0,0,1,0.3334755015858575,262,0
4266,1796.4364010388385,22,0,0,0,1,0.8057831680845341,260,0
4267,1466.8859883793648,17,0,1,0,3,0.8815553243755944,1861,0
4268,149.07778542368723,0,0,0,0,1,0.23436182802191752,803,0
4269,357.36449663976344,16,0,0,0,1,0.5474316276064933,666,0
4270,2777.787384118548,15,0,1,0,1,0.7848265665626263,1417,1
4271,960.8933369649566,22,0,0,0,1,0.018495235577350666,1969,0
4272,649.5427782047863,4,0,0,0,1,0.21230432492662588,247,0
4273,281.8643663212054,19,0,0,0,3,0.03733894617509392,197,0
4274,372.5099238691301,20,1,0,0,2,0.12682415798800184,1689,0
4275,145.21296078881244,9,1,0,0,2,0.17766408313765536,813,0
4276,991.0047042569282,5,0,0,0,0,0.029582169193744123,1106,0
4277,602.7861072275305,11,1,0,0,2,0.4378803297095535,1894,0
4278,417.13591711464545,9,1,0,0,3,0.41254828768608887,1182,1
4279,1024.4145675906186,21,0,1,0,0,0.2916776091133607,60,0
4280,1578.090152842404,16,1,0,0,1,0.3182318521738935,1824,0
4281,8894.584898804556,1,0,0,0,2,0.5371332683647986,99,0
4282,241.80136430137242,18,0,0,0,1,0.8048096413869963,1620,0
4283,3496.0220476812574,19,0,0,1,4,0.9751178157289937,1823,1
4284,2901.8436664219385,5,0,0,0,2,0.8168520517908532,980,0
4285,503.1595218234434,12,0,0,0,1,0.38981941927793795,1115,0
4286,1343.7721219487337,8,0,0,0,1,0.8755336041210106,946,0
4287,693.9269882088198,11,0,0,0,4,0.8241834173940256,1597,0
4288,1320.3981256139114,17,1,0,0,2,0.9122227346122783,145,1
4289,4959.85117091338,7,0,0,0,2,0.06555893470085439,179,0
4290,2009.4297063916508,17,1,0,0,5,0.35349367833410084,655,1
4291,1823.6739026944217,22,0,0,0,1,0.04653030328886054,1278,0
4292,713.1492177290257,21,0,0,1,2,0.32144269994081764,140,1
4293,248.6244027789849,1,0,0,0,0,0.2806010835453455,11,0
4294,890.2762336518583,7,0,0,0,1,0.9104314635278703,874,1
4295,3665.0899421943022,9,0,0,0,4,0.9449209768926,584,0
4296,238.13366731941883,8,0,0,0,1,0.6950714876719607,579,0
4297,381.80523853492457,23,0,0,0,3,0.28279660069418866,737,0
4298,1244.2245161488815,17,0,0,0,2,0.006922534296023519,628,0
4299,409.66723784678624,7,1,0,0,4,0.6705547218162891,25,0
4300,496.44691179530906,18,0,0,0,2,0.49939944282922144,806,0
4301,717.9510694098918,2,0,0,0,1,0.20734770547349002,1897,0
4302,279.8860611279209,8,0,0,0,3,0.17576154702525448,977,0
4303,414.00504253345224,12,0,0,0,3,0.5598732240007098,1120,0
4304,2215.9310146008183,8,0,0,0,2,0.1302507362947597,689,0
4305,296.67290969993957,19,0,0,0,2,0.5490614964438174,1558,0
4306,221.8780408788357,11,0,0,0,0,0.9160279189881001,1259,0
4307,584.0432395811795,22,0,0,0,2,0.7914714665005244,195,0
4308,2280.056500379951,12,0,0,0,4,0.9414292518890115,408,0
4309,900.6152960424513,7,0,0,0,2,0.24827905088878155,724,0
4310,689.1224123229345,14,0,0,0,0,0.95209959617581,958,0
4311,1146.373542541593,12,0,0,0,4,0.4751838862651264,655,0
4312,191.38604517519647,20,0,0,0,0,0.6306628945535496,813,0
4313,1798.4953070709998,12,0,0,1,2,0.2939738967520097,365,0
4314,1609.1076206167502,16,0,0,0,3,0.9942414853954384,1577,0
4315,728.284323278466,14,0,0,0,2,0.43776454813988963,902,0
4316,2998.671126842765,21,0,0,0,2,0.1875181347914393,818,0
4317,355.1370960733857,18,0,0,0,4,0.5739383766485624,369,0
4318,3387.708432734431,2,1,0,0,1,0.25557964402819056,1834,0
4319,1279.844244589666,13,0,1,0,2,0.43598382546897785,1730,0
4320,783.246459944771,9,0,1,0,0,0.20805332656788067,126,0
4321,1075.0542072418334,16,0,0,0,0,0.38676515913481313,97,1
4322,985.0921934359786,7,0,0,0,0,0.09252587856125605,1614,0
4323,3715.5533505794556,17,0,0,0,0,0.2847942056650855,1468,0
4324,373.6505014956881,11,0,1,0,1,0.2487655295412956,136,0
4325,511.5681237847774,16,1,0,0,4,0.9477318537155609,1106,0
4326,3091.16367259885,22,0,0,0,2,0.5925781388204931,1929,0
4327,604.5383233479389,10,0,0,0,4,0.026547958224305668,1263,0
4328,2698.7205716480225,8,1,0,0,2,0.9136811323930385,377,0
4329,5999.527427402491,21,1,0,0,4,0.6443564394652738,1721,0
4330,733.7768571474176,23,0,1,0,4,0.33715322333433706,458,0
4331,2167.5707004959645,23,0,0,0,0,0.3664039373574307,1563,0
4332,345.9546574577164,22,0,0,0,1,0.03141835248673819,1638,0
4333,2332.5871562985717,14,0,0,0,3,0.9743234132956874,1704,0
4334,1338.6594556680152,8,0,0,1,0,0.8604840006238639,202,0
4335,1759.945782500424,11,1,0,0,2,0.06539682480223719,1235,1
4336,575.0332860845806,10,0,0,0,0,0.6815610004382395,491,0
4337,208.28692670362665,16,0,0,0,6,0.4492242620188116,1948,1
4338,1813.9318566909449,5,0,0,1,2,0.8082981855940374,973,0
4339,139.29539854215668,7,0,0,0,2,0.623364429694721,1241,0
4340,798.4317631875617,9,0,1,0,0,0.4128092460489141,1945,0
4341,2810.6803948588877,14,0,1,0,2,0.4364137361365622,894,0
4342,1328.6221886581043,3,0,0,0,4,0.6515723466970649,1418,0
4343,7695.127726647066,17,0,0,0,3,0.6547112516143369,671,0
4344,3056.754932245788,10,0,0,0,2,0.5576329771617089,879,0
4345,570.26525468232,8,0,1,0,2,0.8841606028738818,901,0
4346,1126.9987217704684,8,0,0,0,3,0.7793279293703564,1870,1
4347,1045.896088022674,7,0,0,0,3,0.11863812810141228,847,0
4348,225.38797186080697,2,1,0,0,0,0.871878324394843,412,0
4349,428.2045849161256,20,1,0,0,1,0.20178729788519134,1097,1
4350,625.930343797622,17,0,0,0,2,0.9504060475700981,1514,0
4351,143.13374847320244,13,0,0,0,1,0.8073140462480357,584,0
4352,1149.9726842529176,2,0,0,0,3,0.9091240374431616,364,1
4353,854.8518297210526,16,0,0,0,1,0.6765618169781238,141,0
4354,205.84142662330643,3,0,0,0,1,0.6515576953249519,583,0
4355,1642.8911503212603,20,0,0,0,1,0.2491094852905511,1530,0
4356,2243.680203530098,17,0,0,0,7,0.6261137847046031,1220,1
4357,1376.1354881413183,14,0,0,0,3,0.4202487474047931,1941,0
4358,793.0861269795982,18,0,0,0,3,0.15339261416739336,1681,0
4359,1981.1686002848605,21,0,0,0,2,0.3601011966968517,1589,0
4360,2165.0968210517235,5,0,0,0,6,0.6621438357907019,1026,0
4361,1491.3001013352575,14,0,0,0,6,0.8756885448859197,161,0
4362,480.7694059117283,6,0,1,0,2,0.4380587474172627,1003,0
4363,1446.0641500208394,11,0,0,0,0,0.28997242656921496,930,0
4364,3624.532707942017,15,0,0,1,3,0.16101028743232937,1003,0
4365,603.8772455216348,8,0,0,0,1,0.40300654156725857,1928,0
4366,8936.857882731028,19,1,0,0,0,0.2845370364812998,1773,1
4367,648.3100576963818,4,0,0,1,3,0.44719385775933296,486,0
4368,1132.7538851045572,10,1,1,0,2,0.10074472911347498,988,1
4369,559.7635172943699,1,0,0,0,0,0.735480034676407,1279,0
4370,1370.9659397898356,21,1,0,0,2,0.004422880128408413,1993,0
4371,192.0543312704488,15,0,0,0,2,0.699578965199569,1842,0
4372,635.2116187084843,3,0,1,0,1,0.3066338946285907,641,0
4373,367.92488469278544,4,0,0,0,2,0.3592443523240152,1653,0
4374,1255.5617335671202,6,0,0,0,0,0.17116489918165978,606,0
4375,2964.451715688843,5,0,0,0,1,0.9681790207098133,813,0
4376,2092.272734933751,23,0,0,0,6,0.05296247982743829,1056,0
4377,102.3440973421239,21,0,0,0,0,0.2830543077393476,1086,0
4378,8451.250122737443,9,0,0,0,2,0.14691708071544607,863,0
4379,1473.329287885612,13,1,0,0,1,0.4822672736321165,1348,0
4380,504.46620957703664,7,1,0,0,2,0.5599985376790518,676,0
4381,1283.2201231445204,13,0,0,0,4,0.1963201263059502,1679,0
4382,1307.9153626935465,13,0,0,1,2,0.6553047253206365,376,0
4383,562.9277463504237,19,0,1,0,3,0.552658983249712,114,0
4384,1336.6431892713076,22,0,0,0,4,0.8421261507109227,1102,0
4385,597.3646389080378,2,0,0,0,1,0.9065424942451136,945,0
4386,731.8956925636518,0,1,0,0,5,0.6945145775804386,18,1
4387,552.0954037617415,8,0,0,0,1,0.6302730186322377,139,0
4388,261.7339972276199,8,1,0,0,3,0.6053926049970397,973,0
4389,1268.812205070697,21,0,0,0,4,0.16711805419503245,336,0
4390,1969.0361469920208,1,0,0,0,0,0.8832399423854881,1167,0
4391,1835.1538447521752,15,0,0,0,3,0.3602140076805752,1227,0
4392,2489.719301132284,7,0,0,0,4,0.6914060154663593,1931,0
4393,1516.7728169337843,5,0,0,0,2,0.4406579432792175,1785,0
4394,643.7268574780574,22,1,0,0,1,0.9029026545431844,475,1
4395,2539.3511241192505,12,0,0,0,5,0.4075440611454968,439,1
4396,282.1623064502392,0,0,0,0,1,0.5599882751779405,1467,0
4397,445.5585294363388,18,0,0,0,1,0.1874735082254647,836,0
4398,418.13315255289103,14,0,0,0,4,0.5540393861176113,63,0
4399,3229.414269754789,0,0,0,0,2,0.20258114716648,1916,1
4400,2815.199797679185,9,1,0,0,0,0.7945137594375292,185,0
4401,1785.2348193978557,0,0,0,0,0,0.3673143514614674,1178,0
4402,3203.277762118231,11,0,0,0,1,0.42433483617964296,1935,0
4403,455.1910484780025,10,0,0,0,1,0.6403140310813559,1386,0
4404,1554.0117932472333,16,0,0,0,2,0.08595694375598983,845,0
4405,967.6065728139448,3,0,0,0,7,0.3147871179906756,854,0
4406,2557.7470819308446,22,0,0,0,1,0.9333352572924551,880,0
4407,977.2825065872397,6,0,0,0,3,0.8621182278692966,616,0
4408,746.2473484912291,11,1,0,0,1,0.23121242185869728,85,0
4409,1883.5404795413017,12,0,0,0,1,0.5128349222429939,1675,0
4410,2633.763700994962,4,1,0,0,3,0.5833181508363743,186,0
4411,562.085967430261,5,0,0,0,5,0.30164452100931693,1858,0
4412,1031.6598909055276,1,0,0,0,1,0.3476380896849127,1533,0
4413,380.527849455164,20,0,0,0,3,0.9779573898194096,1483,0
4414,90.19184226946787,6,1,0,0,3,0.1385336042946027,637,0
4415,1340.0465503566936,13,0,0,0,1,0.9113420626831835,346,0
4416,2016.0700109753902,21,0,0,0,5,0.3542453683855188,1449,0
4417,1425.1991097562875,13,1,1,0,2,0.2390625468965487,1653,1
4418,156.09086134996988,9,0,0,0,1,0.2605365917987712,1167,0
4419,772.1281780015897,3,0,0,0,2,0.283297194897815,756,0
4420,119.30130167091542,2,0,0,0,1,0.28690183754401744,766,0
4421,4314.3463448639495,22,0,0,0,1,0.25404149224186023,461,0
4422,370.16372874527843,13,0,0,0,1,0.8424850423863047,975,1
4423,3848.3647987414693,5,0,0,0,0,0.267792064670884,1464,0
4424,2823.8871695346234,22,0,0,0,3,0.8618402059019366,1399,0
4425,445.59463449624843,14,0,0,0,1,0.969268348323318,51,0
4426,353.2637866159858,7,0,0,0,3,0.2788286955589271,639,0
4427,1556.7727639515658,4,0,0,0,6,0.5650958436852183,230,1
4428,471.3853737761531,2,0,0,0,1,0.4561482964011747,1714,0
4429,1214.9821230875416,2,0,0,0,1,0.8466953084106019,1171,0
4430,676.6623534889056,12,0,0,0,2,0.30828178058061473,1018,0
4431,184.7200776725832,1,0,0,0,1,0.7647729330384567,940,1
4432,117.86406641290434,23,0,0,0,6,0.47563887162496876,1516,0
4433,1375.6536080891751,0,0,1,0,1,0.6309088960567204,75,0
4434,625.4317765342338,11,0,0,0,0,0.5766498111331774,1356,0
4435,630.7503756525465,7,0,0,0,2,0.06239465381176024,1623,0
4436,2199.232773256452,18,0,0,0,1,0.588585176817651,513,0
4437,3545.52766879426,8,0,0,0,5,0.8274746197326996,862,1
4438,835.0196676440478,13,0,0,0,3,0.2884382661451482,1063,0
4439,780.0837557535608,17,0,0,0,1,0.40273631050777314,1943,0
4440,1808.3010428884106,9,0,0,0,1,0.20511273224860016,880,0
4441,282.3265642798328,8,0,0,0,2,0.20964617612779857,1324,0
4442,1370.8044753228264,5,0,0,1,1,0.30708230385317636,1045,0
4443,1904.3308610642785,0,1,0,1,3,0.7537098456081687,412,1
4444,2165.118142902329,4,0,1,0,3,0.48127859441522136,395,0
4445,158.10309140412477,9,0,0,0,1,0.6912006917415024,1688,0
4446,512.1639200720246,12,0,0,0,2,0.9356228132286134,1676,0
4447,455.6553658727981,21,0,0,0,4,0.7303637757190734,1724,0
4448,1211.830074702383,22,1,0,0,5,0.3731584865612967,579,1
4449,1773.5608419441674,3,0,0,0,2,0.510693983855255,1697,1
4450,4898.627816568831,0,0,0,0,3,0.27859207706315814,77,0
4451,668.4987452867952,20,0,1,0,4,0.06574763316618093,1986,0
4452,666.7582268314143,1,0,0,1,2,0.6660160213915594,1269,1
4453,3462.2433287905087,23,1,0,0,4,0.6618458716781603,298,0
4454,1475.2414326477399,3,0,0,0,1,0.8562418112110368,1324,1
4455,3895.7890233865583,16,0,1,0,4,0.15972372233449017,825,1
4456,1463.707680815082,9,0,0,0,3,0.8842760048366191,1680,1
4457,344.7720180285202,22,0,0,0,0,0.7943540736344445,1108,0
4458,289.1286212180616,11,0,1,0,1,0.10726313919606434,1248,0
4459,232.40644360320155,1,1,0,0,2,0.9824008323708378,215,0
4460,2126.1153936026035,2,0,0,0,2,0.03905358929950131,702,0
4461,3599.6677304488076,13,1,0,1,2,0.7948216592153424,906,0
4462,6969.941714537428,14,1,0,0,0,0.42854288644841676,1215,0
4463,2548.1052744029876,12,0,0,0,2,0.8653733708730407,1024,0
4464,3508.13058437296,8,0,0,0,2,0.7283329044906427,1303,0
4465,613.9930859072214,1,0,0,0,2,0.06066305328504573,465,1
4466,345.0137196203373,18,0,0,0,1,0.23999655594144975,946,1
4467,2565.9378708150607,15,0,0,0,2,0.9524204149730986,72,1
4468,1665.1670908420137,10,0,0,0,0,0.147194571223632,516,0
4469,1221.023077399143,11,0,0,0,3,0.06848890749674763,1864,0
4470,1615.4542745148349,0,0,0,0,2,0.15425946109190036,1400,1
4471,1515.0223684049538,1,0,0,0,1,0.7202821069808206,151,0
4472,3959.2775860981237,15,0,1,0,3,0.03962959277600819,1058,0
4473,4003.745531391448,1,0,0,0,4,0.4328146912463048,1846,0
4474,1889.788793503772,18,0,0,0,1,0.09137587015910364,481,0
4475,2554.9881701860777,9,0,0,0,4,0.6871502572211986,270,0
4476,1833.6477217192244,18,0,0,0,4,0.2529756673251342,469,1
4477,691.4772616829388,9,0,0,0,3,0.6846606548842951,516,0
4478,2336.8629164753697,15,1,0,0,1,0.17526955043259762,474,0
4479,271.9191912439253,12,0,0,0,2,0.3962356716182821,1874,0
4480,3146.014058491332,15,0,0,0,2,0.9254544858562871,1070,1
4481,332.11359374601153,17,0,0,0,0,0.3840017219196371,1573,0
4482,1459.4330053802285,23,0,0,0,0,0.11401672521451733,1729,0
4483,470.9943233337554,7,0,0,0,1,0.3699577360402231,190,0
4484,1907.1952438370483,23,0,0,0,1,0.4546104324653466,1603,0
4485,1060.0536235402512,17,1,0,0,1,0.45847075384601355,1627,0
4486,222.5705303776245,12,1,0,1,2,0.7092337311488289,1851,0
4487,1670.201623935164,6,0,0,0,1,0.12469189204863496,592,0
4488,615.2810917651776,20,0,0,0,1,0.4615637504125041,567,0
4489,2646.906082364026,22,0,1,0,0,0.25395113748316533,1444,0
4490,1098.0879167176463,23,0,0,0,4,0.444506121456561,1559,0
4491,1628.5103583868884,17,0,0,0,1,0.17304714885704553,544,1
4492,420.9150555290185,5,0,0,0,0,0.23546333299618705,1742,1
4493,608.2997489217807,8,1,0,0,1,0.5528442410152329,1968,0
4494,693.229673794139,5,0,1,0,5,0.3012792856361556,123,0
4495,2582.988859923987,17,0,0,0,2,0.15960600470886366,39,0
4496,5868.633476238878,16,1,0,0,1,0.6196268527852169,1526,0
4497,490.20724381887857,11,1,0,0,1,0.83646656095898,1931,0
4498,3219.0711836892597,2,0,0,0,2,0.8213983746398217,1341,0
4499,125.25135800660475,4,0,0,1,2,0.834102289636236,643,1
4500,332.2243849491507,6,0,0,0,3,0.017230045092772928,143,0
4501,420.40626602900113,9,0,0,0,1,0.6861014693993264,1914,0
4502,283.57916067529897,9,0,1,0,1,0.998787348303799,8,0
4503,225.07003269860311,18,0,0,0,2,0.7264666798855431,765,1
4504,1657.3892662530175,3,0,0,0,0,0.26582745874766067,90,0
4505,885.3050742488332,9,0,0,0,2,0.564003793450938,1364,0
4506,1602.6365529361553,17,0,0,0,2,0.4780570990812405,1965,0
4507,2187.40827543193,2,0,0,0,2,0.4590212019851768,1586,0
4508,1430.267821060201,20,1,0,0,2,0.7226491567206422,66,1
4509,2117.016734983976,2,0,0,0,3,0.12686551998532436,801,0
4510,1022.9723259799675,4,0,1,0,2,0.11935967160914285,177,0
4511,334.6236982623395,15,0,0,0,1,0.5064675883763218,401,0
4512,3158.3789385376526,19,0,0,0,3,0.9739468964109678,297,0
4513,608.4336496081628,12,1,0,0,0,0.06153774460945782,531,0
4514,430.26603405804633,10,0,0,0,1,0.3705401704385527,1255,0
4515,917.8941915201524,12,0,0,0,3,0.5088416100966779,1484,0
4516,440.18235344493087,18,0,0,0,3,0.0012544844133308697,11,0
4517,722.3932209635964,5,0,0,0,1,0.29467725452449356,60,1
4518,1546.9707170992979,23,0,0,0,1,0.11084116139175082,21,0
4519,1553.6180866644854,12,0,0,0,2,0.7055429785505933,1452,1
4520,446.8263022724346,3,0,0,1,1,0.4390307175035779,1883,0
4521,673.3697787045369,21,0,0,0,3,0.6226495286582403,1175,0
4522,3210.9849426311284,4,0,0,1,3,0.6024182046225043,1615,1
4523,1801.5453759351985,18,0,0,0,3,0.35775968488038556,509,0
4524,8734.7538230457,4,0,0,0,3,0.035428282602983585,598,0
4525,3569.3121235945746,20,0,1,0,2,0.26771140782257097,525,0
4526,3443.67009097682,13,0,1,0,4,0.48115616604022937,686,1
4527,273.7270520650865,3,0,0,0,3,0.20268344707910035,309,0
4528,2353.974256357042,11,0,0,0,1,0.9376843631253458,1721,0
4529,1039.9138979787856,5,0,0,0,2,0.413617335336961,1719,0
4530,632.081408305689,18,0,0,0,0,0.3521968194465336,1035,0
4531,1297.2674121756563,9,0,0,0,0,0.10755132279381119,1617,0
4532,2822.0293551574787,0,0,1,0,0,0.2761431506477179,143,1
4533,1809.5465916065677,22,0,0,0,4,0.5785237839130659,1192,0
4534,455.5594384095715,22,0,0,0,1,0.8196288249387682,1634,0
4535,2304.131082382555,15,0,1,1,2,0.7734275487948802,655,0
4536,579.6430354355808,3,0,0,0,1,0.6850966370692819,239,1
4537,1361.964087604543,8,0,0,0,3,0.9324812619852476,1293,0
4538,809.6887645437492,17,0,0,0,1,0.24302477364489605,925,0
4539,881.0670663237298,16,0,0,0,3,0.2347474851058129,677,0
4540,2359.5895774612054,14,0,0,0,7,0.04664967839517997,367,1
4541,387.53504374839997,18,0,0,0,0,0.7036601254738966,1987,0
4542,7670.9448481448535,6,0,0,0,6,0.8011149887335551,245,0
4543,177.4899399028277,17,1,0,0,1,0.25967002385514604,955,0
4544,603.2503693338945,5,1,0,1,0,0.7906943434893283,1072,1
4545,1587.9702223170345,18,0,0,0,3,0.7089767236582418,442,0
4546,1967.0970700020632,20,1,0,0,0,0.540985130882402,554,0
4547,991.8027823731037,11,1,1,0,1,0.5534716365177093,1272,1
4548,1035.4685380145695,2,1,0,0,1,0.7050963263873605,10,1
4549,1653.3355724057483,0,0,0,0,1,0.99815609995848,1936,1
4550,870.3805436793942,4,0,0,0,2,0.319098547946459,1457,0
4551,4416.846495744054,0,0,0,0,1,0.07268694695255817,104,0
4552,2538.551988616741,7,0,0,0,3,0.6995486336485256,1885,0
4553,2624.968962130762,6,0,0,1,0,0.028848997577064717,594,1
4554,417.3158113926228,14,0,0,0,2,0.8948492389805147,612,1
4555,1012.9392940921362,10,0,0,0,2,0.9727055576537837,950,1
4556,812.0273738889057,17,0,0,0,4,0.7264433834085499,760,0
4557,401.1753543279903,13,0,1,0,0,0.3430522064237693,758,0
4558,1572.094654473389,8,0,0,0,2,0.225721245521865,99,0
4559,640.5673334648291,4,0,0,0,1,0.11023086679109806,1726,0
4560,2112.0278469544487,22,0,0,0,2,0.005949787605693091,1908,0
4561,376.0824634786619,3,0,0,0,1,0.43044188055144483,1986,0
4562,6118.306446859901,11,0,0,0,0,0.6471124513910265,985,0
4563,447.495884671553,0,0,0,0,5,0.37635921546905204,601,1
4564,1365.5360446051768,23,0,1,0,4,0.4381961495883554,604,0
4565,2420.8144458136076,12,0,0,0,1,0.6852277671961974,1655,0
4566,619.7768970423696,0,0,1,1,3,0.4090335462939949,1786,0
4567,2572.0760244935964,2,0,0,0,4,0.7734154972529573,869,0
4568,320.799527207626,21,0,0,0,1,0.6423425803195953,171,0
4569,4684.983623658148,7,0,0,1,1,0.6713991907439568,1327,0
4570,1112.2600050447422,23,0,0,0,0,0.6193108886240963,1811,0
4571,604.0086940967401,17,0,0,0,5,0.11971685956756728,1169,0
4572,813.0708300393673,15,0,0,0,3,0.6840792213516387,86,0
4573,2462.4677324646073,19,0,0,1,4,0.5922323239306683,756,0
4574,611.273635881059,19,0,0,0,0,0.5742652362022573,1434,0
4575,518.3456566640763,15,0,0,0,2,0.59837915371755,1871,0
4576,878.7174510801275,1,0,0,0,2,0.9870743385029092,957,0
4577,337.99729322132873,16,0,0,0,2,0.43605951660064446,413,0
4578,6771.946939480352,9,0,0,0,2,0.1060693840110476,702,0
4579,622.4139642739395,6,1,0,0,2,0.512873412951914,839,0
4580,2518.9987652565146,9,0,0,0,4,0.14994492508211932,850,0
4581,1352.17553755917,18,0,0,1,3,0.8063557344640097,1650,0
4582,409.71670174666593,19,0,0,1,2,0.24962515676861807,1227,0
4583,1090.1224308401643,8,0,0,0,6,0.9956635268521629,1912,0
4584,2401.8697590943884,21,0,0,0,3,0.17759564124882332,1160,0
4585,908.448922910744,16,0,0,0,3,0.37802695864047375,1534,0
4586,3615.961035419614,8,0,0,0,2,0.14616175141577403,1784,0
4587,3045.789404789735,8,0,0,0,1,0.4192339001427434,1588,0
4588,2748.78659377333,4,0,0,0,1,0.4840543051741789,635,0
4589,692.5242307672763,23,1,0,0,2,0.7433595069759388,1853,0
4590,372.47039279027894,6,0,0,0,5,0.0013933309281498607,103,0
4591,593.7227114545658,10,0,0,0,2,0.23080395707066703,936,0
4592,1334.4052162628454,7,0,0,0,0,0.2699223404103579,921,1
4593,1892.7512048283888,13,0,0,0,2,0.6006098105363264,846,0
4594,125.01435806670959,1,0,0,0,2,0.2771945376246626,610,0
4595,1087.7719475219744,9,0,0,0,4,0.48684082492356096,10,0
4596,1284.4542838827858,20,0,0,1,0,0.4877760150212421,1104,0
4597,830.8553760632469,23,0,0,0,2,0.8104462541599514,503,0
4598,3988.9121915501382,15,0,0,0,2,0.8758964315240081,1791,0
4599,1672.0071571889257,15,0,0,0,1,0.9770320907671841,1332,0
4600,4065.093033056957,18,0,0,0,3,0.8407961980945001,1821,0
4601,883.6309337019848,10,0,0,0,2,0.8779584011923813,1722,0
4602,2800.287844556595,5,0,0,0,3,0.9709765106144529,435,1
4603,5625.507214800598,5,0,0,0,0,0.8274267022772686,1094,1
4604,4071.2015226211006,6,0,0,0,2,0.20463693426258955,1766,0
4605,367.91738164762194,15,0,0,0,0,0.7923646093332579,1672,0
4606,850.9249399059207,12,0,0,1,0,0.7095409770171675,1046,0
4607,776.5300138281177,2,0,0,0,0,0.5558597763554943,940,0
4608,1788.7181680561257,23,0,0,0,3,0.17449516245209773,1402,0
4609,2178.416585649155,23,0,0,0,3,0.04801549260300886,881,0
4610,473.95260439805304,8,0,0,0,1,0.21714788763398807,549,0
4611,1173.6085521578311,23,0,0,0,0,0.8769443852992002,703,0
4612,145.4849533473686,2,0,0,0,1,0.2696221287594569,1132,0
4613,4637.566311558836,5,0,0,0,0,0.4469799196140706,1411,0
4614,656.961724845973,16,0,0,0,2,0.9975751218329155,173,0
4615,1159.6388968797485,2,0,1,0,0,0.5094921355393239,90,1
4616,804.6040443290481,1,0,0,0,6,0.7674990495571826,873,1
4617,3449.6483421320613,11,0,0,0,3,0.795034196624203,1187,0
4618,64.23148805503054,23,0,0,0,4,0.8792668560505462,765,0
4619,1078.5681545580865,5,0,0,0,3,0.332849716811054,490,1
4620,986.5176753179414,9,0,0,0,2,0.15252810861327326,1516,0
4621,696.7060685427721,10,0,0,0,2,0.8886189323565329,550,0
4622,6162.430532283433,15,0,0,0,0,0.6095679846904902,1474,0
4623,451.5429705263489,15,0,1,0,0,0.5958281247744394,852,1
4624,2372.7293054987563,23,0,0,0,2,0.5698012222704433,124,0
4625,1565.9575810097763,17,0,0,0,2,0.035052217414831444,466,0
4626,3871.9721377266414,21,0,0,0,4,0.24875192655036216,1577,0
4627,562.736176461199,22,0,0,0,0,0.6724587568256931,1870,0
4628,526.9107086458005,23,0,0,0,0,0.03299384413930395,478,0
4629,3281.545920200314,8,0,0,0,4,0.6067496116488684,1260,0
4630,1677.938622068934,20,0,1,1,4,0.050231676034881434,1040,0
4631,233.93952769917,18,0,1,0,2,0.008476460964778942,306,0
4632,639.5053491315252,1,0,0,0,1,0.8917174733236191,1528,0
4633,1613.8576595762695,23,0,0,0,0,0.9109490846977986,1444,0
4634,2534.5318427308716,0,0,0,0,3,0.2900660615107815,1583,0
4635,556.000585221701,15,0,0,0,2,0.86492221703595,1403,0
4636,59.48617961438906,21,0,0,0,0,0.07491965942170709,189,0
4637,1850.5222688859683,17,0,0,0,4,0.41158643604072664,338,0
4638,323.6553807468546,2,0,0,0,1,0.4764431410401512,199,0
4639,145.8620339329151,23,0,0,1,2,0.4085461894864276,1291,0
4640,64.56510373778221,0,0,0,1,0,0.3483773974702117,1935,0
4641,2474.9633336291063,5,1,0,0,1,0.6113200094447989,1710,0
4642,1247.1515255973397,18,1,0,1,2,0.6762799102796299,1228,0
4643,875.1047725861063,21,0,0,0,3,0.9584713889482575,756,1
4644,4398.524236989512,18,1,0,0,2,0.12665588835512742,1148,0
4645,2074.187278695452,10,0,1,0,2,0.9003925760658632,253,1
4646,5520.921383937226,7,1,0,1,1,0.7973750203400336,1215,1
4647,272.39808055586553,4,0,0,0,0,0.2827340792321419,985,0
4648,1059.3908753588812,19,0,1,1,3,0.20025624136933595,834,1
4649,217.73671968428536,8,0,0,1,4,0.11649942021344872,395,0
4650,871.8502418346849,14,0,0,0,4,0.42372325480582074,616,0
4651,855.2417232517893,20,0,0,0,0,0.5501362537688133,1569,0
4652,2052.089122290706,13,0,0,0,3,0.5697730401734438,634,0
4653,1147.755851258839,3,1,0,0,1,0.4167504211839005,1036,0
4654,2045.519638756626,23,0,0,0,2,0.685350918430812,388,0
4655,2215.9580853585344,23,0,0,1,2,0.707847060591024,1203,0
4656,9460.955653357089,7,0,0,0,1,0.5150275379765936,1257,0
4657,800.0732969943347,19,0,0,0,1,0.5516954978108982,596,0
4658,427.9375609607021,16,0,0,0,2,0.19489497927294208,1893,0
4659,1402.6009526653174,1,0,0,0,1,0.5539436689253112,986,0
4660,491.62683971752506,19,1,0,0,3,0.07528107223404512,1795,0
4661,4826.905067243498,15,0,0,1,3,0.5706762510745119,1597,0
4662,826.1546313749914,9,0,0,1,1,0.6428814536838763,43,0
4663,622.9234463137307,1,0,0,0,3,0.9817862786875797,1794,1
4664,684.4970115619226,10,0,1,0,2,0.4249737625933747,1096,0
4665,2249.3969194526767,9,0,0,0,4,0.4957209186354806,473,0
4666,936.5969279749024,18,0,1,0,1,0.4521581626589114,512,0
4667,577.2833265483001,13,0,0,1,2,0.2597836661753591,559,0
4668,5798.484780272413,10,0,0,0,3,0.09434708050521046,344,0
4669,465.83437818800655,8,0,0,0,1,0.640596515827189,252,0
4670,1136.3379815861565,6,0,0,0,6,0.07210435022106765,1555,0
4671,2105.495586893991,14,0,0,0,2,0.430063780609658,513,0
4672,214.57619346488644,19,0,0,0,5,0.011014101205096938,1986,1
4673,1772.702507284166,16,0,0,0,1,0.9405218736639327,1932,0
4674,381.79824877442957,2,0,0,0,3,0.6974454908165949,1323,0
4675,2496.843918792235,14,0,0,0,3,0.223135881592047,1079,0
4676,418.781367619137,13,0,1,0,5,0.27615423716879806,1193,0
4677,2192.4370928210137,7,0,0,0,1,0.32224385593388194,1762,0
4678,3313.7410816883835,3,0,0,0,2,0.5190780199080728,1638,0
4679,2595.2458360790038,9,0,0,0,1,0.6317822460483126,1215,0
4680,1409.9600480269276,1,1,0,0,3,0.0765863570736165,1342,1
4681,870.1791039500853,13,0,0,0,1,0.6603485294007438,878,0
4682,616.2054456931579,7,0,0,0,1,0.07443422116642007,313,0
4683,4774.452997316843,22,0,0,0,0,0.9138923436689985,1754,0
4684,544.8468684342948,9,0,1,0,0,0.4973204049807166,1556,1
4685,388.749013717839,17,0,0,0,1,0.9336771657924019,782,0
4686,2133.179641489923,14,0,0,0,1,0.6424297697916079,933,0
4687,494.65630932288724,4,0,1,0,2,0.40119427450132306,875,0
4688,424.0861007969835,21,0,0,0,4,0.7828292906304113,840,0
4689,258.8880523184217,12,0,0,0,4,0.06808075041121275,1141,0
4690,676.6067012100839,17,0,0,0,2,0.5870272260617053,252,0
4691,1009.5752492693889,1,1,0,0,7,0.2576718370110017,959,1
4692,1398.4107995484846,12,0,0,0,2,0.8427276519966123,1541,0
4693,2839.281324277144,13,0,0,0,3,0.8906293756761728,939,0
4694,1857.3349630218486,9,0,0,0,1,0.5854672297024328,852,0
4695,906.0801613559416,3,0,0,0,1,0.26087434647866425,583,0
4696,899.4687611140714,14,0,0,0,2,0.38897142981089416,51,0
4697,1826.5011373250934,7,0,0,0,2,0.6204872575462722,709,0
4698,3914.9982558822435,14,0,0,0,6,0.4252467921663091,504,0
4699,1244.2823282056097,13,1,0,0,2,0.7770950267408023,1775,1
4700,685.9941814163786,20,0,1,0,1,0.3689349720568016,1264,1
4701,406.31714456432314,8,0,0,0,2,0.5054768937370145,41,0
4702,258.47390358110476,19,0,0,0,1,0.18902264284234005,727,0
4703,2135.10194095664,2,0,0,0,1,0.6977948797213582,1470,0
4704,1954.6736423785396,14,0,0,0,2,0.8652242356710286,1943,1
4705,1953.4718905318753,23,0,0,0,1,0.366624884998215,1111,0
4706,964.2403156612334,16,0,0,1,3,0.9547151626439951,913,1
4707,4478.013204446064,15,0,0,0,1,0.038390463574293876,1787,0
4708,675.7894110639863,3,0,0,0,1,0.2203425830963981,1449,0
4709,2850.5557014109604,10,1,0,0,2,0.4124554580639177,1299,0
4710,1054.9589181506933,7,0,0,0,0,0.4244518914813231,541,0
4711,596.8400982091001,2,0,0,0,1,0.7933986685543226,1146,1
4712,1983.325593283391,18,0,0,0,1,0.8871847815879312,1156,0
4713,1651.8251691760809,13,0,0,0,3,0.3030763516137581,197,0
4714,1567.0854303280669,8,0,0,0,4,0.6387551811276514,1226,0
4715,1189.4882148649174,2,0,0,0,2,0.5516269686104149,654,0
4716,1055.8558172859214,3,0,0,0,2,0.17750791979591207,805,0
4717,11948.631032772866,3,0,0,0,3,0.32603567692792557,1450,1
4718,3584.0783868844474,10,0,0,0,2,0.019777008065300583,184,0
4719,2259.3374712759037,18,0,0,1,2,0.3038046105825488,1028,0
4720,1226.3519636447725,15,1,0,0,2,0.10547734837306466,774,1
4721,3002.3698343657775,22,1,0,0,0,0.8983812915144842,367,0
4722,1840.8722301205428,21,0,0,0,2,0.8989100058883902,1803,1
4723,1125.7499927865936,16,0,1,0,1,0.6802016548560988,727,0
4724,809.5153010030781,9,0,0,0,2,0.9928249251970531,404,0
4725,1011.391781084906,23,0,0,0,2,0.5798849500391062,722,0
4726,46.04293193290295,16,0,0,0,3,0.20048537328018168,398,0
4727,1353.7053824652587,15,1,0,0,0,0.8846753298168185,1793,0
4728,672.8510077296058,19,1,0,0,5,0.20839475674457475,768,0
4729,5391.991079971857,21,0,0,0,4,0.2669770504157486,1273,0
4730,1118.0530135709862,5,0,1,0,0,0.6587271385100657,1727,1
4731,333.96512804167094,6,0,0,0,1,0.12960146532366357,361,0
4732,1043.2747528606772,13,0,0,0,4,0.6098131113235603,1382,0
4733,385.24477632944826,10,0,0,1,0,0.3028113336556878,599,0
4734,1760.5955574583786,11,0,0,0,0,0.6260648069202691,223,0
4735,1466.959784501504,13,0,0,0,1,0.7981520764489575,1678,0
4736,2857.8921771774935,4,1,0,0,2,0.3942889941588237,1607,0
4737,497.2625758956303,4,0,0,0,5,0.33102539657010677,561,0
4738,1134.5689706297699,19,0,0,0,2,0.33074080330554123,902,0
4739,280.0528133733339,21,1,1,0,1,0.35769648517551056,688,0
4740,2211.6514589152644,22,0,0,0,3,0.7835758990218066,1853,0
4741,1842.4862851749858,14,0,0,0,1,0.4305586335187761,663,0
4742,1800.4736011520538,0,0,0,0,5,0.7135819355591796,808,0
4743,1098.4100799567038,23,0,0,0,2,0.7398042253176507,717,0
4744,1660.3320488727634,22,0,0,0,1,0.5328747348845555,697,0
4745,5455.279357928883,8,1,0,0,1,0.4553103456337422,1174,0
4746,824.6060383083127,2,0,1,0,4,0.3784207949585199,1659,0
4747,1259.720542538594,3,0,0,0,2,0.6550802339692618,658,1
4748,370.13718264161963,15,0,0,0,1,0.5144712506421643,1953,0
4749,460.23583293531726,6,0,0,0,3,0.29171583387107947,1531,0
4750,1209.3197532328295,21,1,0,0,0,0.5328960442592178,1147,0
4751,3307.452540073081,13,0,0,0,0,0.6580231710856542,1611,0
4752,848.7113801017689,15,1,0,0,3,0.54455288191287,519,0
4753,866.1719718736168,17,1,0,1,5,0.015021807207781124,1576,1
4754,730.0512633876986,15,0,1,1,3,0.9931776556471661,1772,1
4755,642.4206641068,15,0,0,0,2,0.7569849727201262,110,0
4756,1472.8748581257885,1,0,0,0,2,0.24348893647497627,1373,0
4757,245.36388531013057,9,0,0,0,2,0.7606516909855195,577,0
4758,3947.901996511943,6,0,0,0,3,0.7677327419058156,167,1
4759,563.7312900419797,14,0,0,0,1,0.6008275866986632,574,0
4760,2257.252140439575,8,0,0,0,2,0.6246090687324709,1919,0
4761,307.9697003372957,6,0,0,0,1,0.16125116516889937,1841,0
4762,2140.597191525959,23,0,1,0,2,0.3721067742687404,1058,0
4763,2147.2529528318687,15,0,0,0,1,0.5880900393570061,346,0
4764,1610.3423449764769,2,0,0,0,0,0.0776477183704054,492,0
4765,405.68276135690803,16,0,0,0,4,0.9780777439294245,637,1
4766,1407.4687954857152,22,0,0,0,1,0.10183031646379326,443,0
4767,335.9437768860598,7,0,0,0,1,0.40355351378055315,1662,0
4768,851.7020379133868,1,0,0,1,0,0.9135355463703814,1871,0
4769,3069.939399946548,19,0,0,0,1,0.015236277977244694,1309,0
4770,2432.5659532923337,2,0,0,0,0,0.6832435254533047,1817,0
4771,1113.4103176929343,7,0,1,0,1,0.38837950753610795,572,0
4772,413.7216580141712,1,0,0,0,6,0.7172398242735163,762,1
4773,2091.39735440097,18,0,0,0,0,0.6639040895615345,1094,0
4774,1118.0945688924226,16,0,0,0,0,0.5969650475569034,500,0
4775,107.73606589371028,4,0,0,0,1,0.8653216679523602,1051,0
4776,2398.5743675433887,19,0,0,0,1,0.00501716612219405,324,0
4777,1070.3780321454171,16,0,0,0,2,0.14607110743790053,1604,0
4778,3649.886126910202,9,0,0,0,1,0.7867662222000602,1388,0
4779,366.7679947126267,8,0,0,0,4,0.6350023237749738,1785,0
4780,45.75477632433101,21,0,0,0,0,0.9257277307779885,427,1
4781,1449.6593232764958,5,0,0,0,2,0.43898512287003666,618,0
4782,1467.864168585534,10,0,0,0,5,0.5497169564638593,293,0
4783,202.21437001681352,1,0,0,0,0,0.6242437769717804,178,0
4784,412.1966140699804,22,1,0,0,2,0.17618856626515866,540,0
4785,17243.969096242694,11,0,1,0,4,0.1434937691515834,1956,0
4786,807.8604925235933,11,0,0,0,4,0.25371920527981584,1603,0
4787,2277.785496236599,15,0,0,0,0,0.3858656592125189,1724,0
4788,572.1150872523507,21,1,0,0,0,0.4877120916229929,1809,0
4789,135.59833560707304,23,0,0,0,2,0.4644291858355505,607,0
4790,924.9519157646182,11,1,0,0,1,0.7920033894953968,702,1
4791,840.8349949513323,20,0,0,0,0,0.13380205473684936,1625,0
4792,735.184700860505,17,0,1,1,0,0.36875418721954456,482,0
4793,977.8528166569289,12,0,0,0,1,0.9459879167127269,559,0
4794,1428.340088340238,14,0,0,0,1,0.7719420889883285,945,1
4795,943.7705250708578,15,1,0,0,2,0.42798713144971023,856,0
4796,309.8207275742169,3,0,0,0,4,0.5812250162027289,226,0
4797,1783.2356812800485,11,0,0,0,4,0.4702182758186745,1815,0
4798,156.12051556610044,16,0,1,0,2,0.3838741443702294,844,0
4799,141.1245089205675,0,0,0,0,1,0.13278768937409235,1905,0
4800,2296.5895444295797,21,0,0,0,3,0.16729384435959016,984,0
4801,1820.7800226622444,17,0,0,0,3,0.2881996986194839,1745,0
4802,1035.4637105964325,21,0,0,0,2,0.3652006849578362,1349,0
4803,271.66005727967564,15,0,0,0,2,0.2516647108850736,842,0
4804,540.2808296726294,0,0,0,0,1,0.5773403760596699,1469,0
4805,843.2413806560188,9,0,1,0,1,0.5981255427288473,1359,0
4806,222.31738686421843,18,0,0,0,3,0.0458367674250858,1230,0
4807,523.7274115374103,15,0,1,0,3,0.6496543212126744,237,0
4808,2105.546512218764,13,0,0,0,2,0.4675681970624743,1575,0
4809,4570.168546540426,1,0,1,0,1,0.547029508567523,1744,0
4810,720.9467273189188,23,1,0,1,3,0.8932816603741014,279,0
4811,2336.684572508126,5,0,0,0,2,0.18333690848340023,433,0
4812,161.7318843726288,21,0,0,0,3,0.4044493240343192,960,0
4813,2120.593414745455,22,0,1,0,4,0.48515558089891186,663,0
4814,490.80729944575245,4,0,0,1,2,0.5908326056125937,1552,0
4815,1491.213678507265,11,0,0,0,0,0.677687823317354,929,0
4816,855.9804882318582,3,0,0,0,0,0.1292752627702537,51,0
4817,4106.859936551006,21,0,0,0,0,0.7489798282938317,1586,1
4818,457.40277645908566,23,0,0,0,0,0.22103881527821345,336,0
4819,2054.127161064659,3,0,0,0,2,0.9511881204033388,1090,1
4820,829.2258350752741,4,0,0,0,4,0.10567749176572339,1438,1
4821,936.0739895241595,6,0,0,0,4,0.9867150470646743,1634,0
4822,912.4616953170255,5,0,0,0,2,0.9279843830268727,488,1
4823,470.74987194124793,12,1,0,0,1,0.8891993866169486,1059,0
4824,1081.2802493079505,3,0,0,0,2,0.030320513788411385,1524,0
4825,1030.0388282859753,12,0,0,0,4,0.2014605873700741,636,0
4826,1395.824066344963,3,0,0,0,2,0.5678040137925785,1467,0
4827,1193.3325635932779,9,0,0,0,3,0.72126133659507,1149,1
4828,2435.712376007586,19,0,1,0,2,0.7347610462494197,539,0
4829,2761.442911289076,0,1,0,0,3,0.046138702523021435,112,0
4830,383.51421176275795,20,1,0,0,2,0.6887288940008306,1188,0
4831,2614.3544991825,7,0,0,0,4,0.4963539550589686,1182,0
4832,334.8436052746007,6,1,0,1,1,0.3135938349403071,694,0
4833,1974.076332392671,4,0,0,0,5,0.6895036807608719,804,0
4834,2038.0296957517116,2,0,0,0,2,0.2507140306257719,573,0
4835,162.17615294483204,14,0,0,0,2,0.6450239420386672,929,0
4836,1203.4879521904154,16,0,0,0,4,0.6121585790263615,193,0
4837,686.4297481676308,22,0,0,0,4,0.5911246204266656,1633,0
4838,513.4921500294049,12,1,0,0,5,0.5328748971031312,386,0
4839,4233.787793021819,14,0,0,0,0,0.27255593318131266,12,0
4840,570.3902977282441,18,0,0,0,1,0.20105104673668062,975,0
4841,489.6168129978797,19,0,0,0,2,0.3831631259399061,1351,0
4842,1182.865235616187,13,0,0,0,4,0.9708389655228115,1667,0
4843,2176.7533273601534,20,1,0,0,0,0.7875303701960964,647,0
4844,951.7966547171441,12,0,0,0,1,0.38436515634166935,941,0
4845,3520.543097204074,11,0,0,0,1,0.6836807890729807,7,0
4846,1864.9241517801038,23,1,0,0,2,0.28077961635218884,1724,0
4847,124.18702311551776,22,0,0,0,1,0.21468651295034125,113,0
4848,645.8278850634304,8,0,0,0,2,0.5834969112064617,16,0
4849,625.2539584018607,2,0,0,0,2,0.25616199898476544,1597,0
4850,1771.1085933393101,10,0,1,0,2,0.5464874908040872,187,0
4851,79.45437389399105,9,0,0,0,2,0.0802484832986764,1263,0
4852,14030.793217187962,0,0,0,0,0,0.8349418665014073,1504,0
4853,1865.0182077412687,16,0,0,0,0,0.3819555377259064,1180,0
4854,1272.6756877419093,12,0,0,0,4,0.01552204041218641,707,1
4855,3574.454000814126,13,0,0,0,2,0.958266187538203,1956,1
4856,11426.083564678978,0,0,0,0,0,0.5453263895176975,1660,0
4857,2619.5207091681286,1,0,0,0,2,0.9158763006906327,1584,0
4858,2832.2113930647506,1,1,0,0,2,0.1879144188353543,1777,1
4859,1249.7390199580698,6,0,0,0,3,0.3002434555882698,1816,0
4860,951.9135735965921,8,0,0,0,0,0.3831747224500762,245,0
4861,681.4375126260138,23,0,0,1,1,0.19537657194281322,1896,0
4862,480.0489165964555,3,0,1,1,1,0.45398489765275263,240,1
4863,551.6897826228155,1,0,0,0,2,0.28143708287100777,702,0
4864,284.13345383449433,18,1,0,0,0,0.12542418536729394,1174,0
4865,1016.5080468964949,4,0,0,0,3,0.08148520497887923,838,0
4866,203.43212736198933,8,0,0,0,3,0.25802917657944946,841,0
4867,1327.319168356695,23,0,0,0,2,0.9812296067339497,868,0
4868,1057.5068537190757,12,0,0,1,1,0.2562682818871307,1897,0
4869,1270.2071779431078,11,0,1,0,3,0.855454801301543,1612,1
4870,650.5827046409479,18,0,0,0,4,0.4590880419747101,143,0
4871,23786.188359542128,8,0,0,0,4,0.25235754662752674,1862,0
4872,4273.190001187684,9,0,0,1,3,0.8228398100454847,942,0
4873,315.9100432863241,18,0,0,0,2,0.7549047585188088,1337,1
4874,1384.1867851321686,9,0,0,0,1,0.6174316706756041,15,0
4875,597.0458177291221,11,1,0,0,1,0.2865046482969712,1356,1
4876,397.6293433703776,13,0,0,0,3,0.7621908099782996,398,0
4877,287.1279481763916,7,1,1,0,0,0.0194048714147671,66,0
4878,1689.5486322899212,15,0,0,0,1,0.27983834923673967,574,0
4879,554.80670007697,16,0,0,0,7,0.8617828260551773,1307,1
4880,2886.5751929310136,19,0,1,0,0,0.23398447401707168,1068,0
4881,2962.4805337343487,3,0,0,0,3,0.6296295577346285,209,0
4882,4332.562230837893,5,0,0,0,3,0.4792705632790365,812,0
4883,467.6000020237648,11,0,0,0,3,0.4290226714228166,1049,0
4884,1764.0465245705018,17,1,0,1,4,0.6862052040115408,1067,0
4885,2064.1095807531065,6,0,0,0,5,0.03814584449900671,1606,0
4886,682.5404719736362,4,0,0,0,2,0.4978807256039577,958,0
4887,506.8565590761319,9,0,0,0,1,0.4400402325456729,1726,0
4888,5483.619561210828,5,1,0,0,1,0.7507961301085039,996,0
4889,1376.7705792475972,13,0,0,0,4,0.42638216830784204,1387,0
4890,2071.374655658336,5,1,0,0,2,0.9047579379264286,153,1
4891,481.99029942416644,13,0,0,0,3,0.9926409097195663,357,0
4892,323.99093385694107,11,0,0,0,1,0.8757970318942703,1398,0
4893,620.515277433704,21,1,0,0,4,0.79614383636044,1393,0
4894,968.722906323125,11,0,0,0,2,0.7170029472939677,1787,0
4895,378.33497981908846,7,1,0,0,1,0.5608236328524454,748,0
4896,1085.8899838422446,9,0,0,1,0,0.7868596346760269,400,1
4897,202.65293010859088,15,0,0,0,1,0.602885794062007,1160,0
4898,357.7922739131983,19,1,0,0,0,0.961903505419284,1052,0
4899,2145.0352145712113,7,0,0,0,1,0.8894697419068966,107,0
4900,2005.7844704019076,8,0,0,1,1,0.5764301057187524,1863,0
4901,741.090859073902,12,0,0,0,1,0.4249436875894387,1920,1
4902,396.3254396014589,19,0,0,0,4,0.19694393364685003,1372,0
4903,392.5235158706494,16,0,0,0,2,0.24474268492982332,735,0
4904,755.0105737053356,18,0,0,0,3,0.21879560442085133,1466,0
4905,2089.1623844663454,16,0,0,1,1,0.8916105774792555,1182,0
4906,2774.5551064964325,6,0,0,0,1,0.916808179506636,1277,0
4907,667.4525252459797,0,0,0,0,2,0.3201351340589297,1411,0
4908,346.0238052581714,19,0,0,0,3,0.7019020174088846,1709,1
4909,1433.456067543472,13,0,0,1,0,0.12466364490159942,955,0
4910,481.28760815975295,16,1,0,0,1,0.5614241866178804,69,0
4911,653.1111708682688,12,1,0,0,1,0.29941141073386535,1001,0
4912,4126.876442294377,1,0,0,0,0,0.9505762300834452,1635,1
4913,2507.6853329884443,13,0,0,0,0,0.13606004294104745,184,0
4914,1284.306691775818,0,0,0,1,1,0.13508486924279672,1668,0
4915,307.37884170462166,4,0,0,0,0,0.771279869179834,1533,0
4916,1354.7829926615873,6,0,0,0,1,0.31193843813460076,1049,0
4917,3173.7124159407576,18,0,0,1,0,0.25526595275809716,1481,1
4918,753.2267672840626,13,0,0,1,5,0.20954607866788222,1327,1
4919,4234.89617135667,23,0,0,0,1,0.2529581847590189,630,0
4920,3994.785998846669,13,0,0,0,4,0.9891139859467242,169,0
4921,5789.104133841792,14,1,1,0,1,0.4537428770864681,500,0
4922,1488.081710017189,4,0,0,0,2,0.25025778575789115,1889,0
4923,1973.1602018382512,4,0,0,0,6,0.06321132633403936,1029,1
4924,4510.608240824484,20,0,0,0,1,0.12113341940932731,167,0
4925,1715.3869089965588,23,0,0,0,4,0.6567862579052408,1148,0
4926,664.3212828778104,1,0,0,1,1,0.2604322043950381,838,1
4927,700.26382960624,17,1,0,0,1,0.5558925329335607,328,0
4928,1392.0808954786003,23,0,0,0,4,0.5527057925531361,539,0
4929,301.70163880529157,8,0,0,0,2,0.36196339799854993,1132,0
4930,950.265182043598,9,0,0,1,5,0.7134331352614462,483,0
4931,3283.1122829122605,17,0,0,0,2,0.03328449866035432,1432,0
4932,122.57782677112588,3,0,0,0,0,0.41706669338950186,1331,0
4933,5087.1961430966085,7,0,0,0,2,0.4341501369135795,1763,0
4934,3369.0100237891793,17,1,0,0,4,0.12452742397213967,1307,0
4935,692.4495505175538,19,0,1,0,3,0.015287345955885434,168,0
4936,1888.2218174715274,16,0,1,0,4,0.5341594113988181,1888,0
4937,1100.0904986543771,15,1,0,0,3,0.2946930046689087,655,1
4938,3751.7976162472637,17,0,0,0,2,0.9321727912882728,942,0
4939,2929.7815495672176,6,0,0,0,1,0.7056889016476513,1608,0
4940,270.407282686139,0,0,0,0,4,0.08811627519038923,671,0
4941,1972.9051156638338,0,0,0,0,3,0.6554415162725705,108,0
4942,892.8085305034349,17,0,0,0,1,0.8752556559504646,456,1
4943,1191.3382934204833,3,0,0,0,5,0.9568921575885235,1959,0
4944,529.4443704694664,22,0,1,0,3,0.3126908495117523,1246,0
4945,6298.942676204448,19,0,0,0,0,0.4379719721257077,344,0
4946,3102.804999501792,20,0,0,0,2,0.6452789794550662,1702,0
4947,523.338685151991,19,0,0,0,3,0.9094835047138082,1026,0
4948,288.70037716395376,3,0,0,0,0,0.6760479236722375,32,0
4949,745.7029786840197,5,0,0,0,0,0.3842356512788905,1274,0
4950,1693.4152828060535,2,1,0,0,4,0.09020489978587243,432,1
4951,1394.3809662079382,5,1,0,1,6,0.14420929647223912,823,1
4952,3839.6359053381984,12,0,0,0,1,0.5478280918065934,1991,0
4953,2416.123613274964,22,1,0,0,3,0.23834567923860572,1121,0
4954,2891.6108858152447,6,1,0,0,1,0.4495783242392848,1623,0
4955,1520.5925913752114,23,0,0,0,1,0.40735636576063206,509,0
4956,273.33585298595756,3,0,0,0,2,0.5705056722594224,93,1
4957,901.7176720028743,0,0,0,0,1,0.33346951455759744,1198,0
4958,3165.574199950572,5,0,0,0,3,0.4606166229956693,1312,0
4959,1041.562294784393,23,0,0,1,3,0.5819748940863265,813,0
4960,1813.6385746492526,4,0,0,0,2,0.5940845207103645,49,0
4961,797.3164765704164,12,0,0,0,1,0.46787649165255263,1136,0
4962,391.57934004299085,18,0,0,0,2,0.7141091146329964,1245,0
4963,969.3792672205218,3,0,0,0,2,0.390223761714506,1292,1
4964,1493.753625862695,23,1,0,0,1,0.7879885471197269,1655,0
4965,569.2457736729762,5,0,1,0,1,0.9846088353790343,1270,0
4966,866.3498017674259,12,0,0,0,2,0.7592671241893292,550,0
4967,428.6054325285168,4,0,0,0,1,0.7799133126103499,386,0
4968,3358.483855249633,12,0,0,0,1,0.8722565385995086,1223,0
4969,816.9225092251066,9,0,0,0,1,0.10349181744202729,808,0
4970,4687.97287469792,2,0,0,0,1,0.5611387367891022,62,0
4971,5058.108360267739,22,0,0,0,3,0.6718787073433801,1160,0
4972,1011.2616971008916,12,1,0,0,3,0.9152658947251593,1427,1
4973,400.03468964199453,11,0,0,0,3,0.8334296467642451,702,1
4974,136.19696666245883,3,1,0,0,0,0.3891590449214938,1206,0
4975,251.63079826501414,9,0,0,0,0,0.3119740660833277,502,0
4976,277.59554357547927,2,0,0,0,5,0.2961865014754983,1829,0
4977,4352.343120530207,16,0,0,1,1,0.2502039466488878,969,0
4978,1231.2985057298513,8,0,1,0,2,0.3092255032900756,15,0
4979,1619.0656848332585,0,0,1,0,0,0.734140980481923,1817,0
4980,119.05421660328648,17,0,0,1,0,0.11551996211872184,192,0
4981,330.97193086949096,8,0,1,0,2,0.7346505456611678,1420,0
4982,2662.6570027450643,20,0,0,0,2,0.1943716969642557,579,0
4983,1460.8505482677258,19,0,0,0,2,0.6240457698956617,203,0
4984,946.5224802714064,8,0,1,1,1,0.5960008795378345,1112,0
4985,1929.1646388699944,1,1,0,0,5,0.5926185756056715,265,1
4986,5629.623281165911,18,0,0,0,0,0.3106767642002629,1045,0
4987,879.1517625853389,15,0,0,0,1,0.1499429616377761,1440,0
4988,1175.4070623880446,2,0,0,0,2,0.7919531222104371,1926,1
4989,1329.5514633461391,15,0,0,0,2,0.24178600364283853,212,0
4990,11993.374307878019,20,0,0,0,1,0.07952337468951742,614,0
4991,134.37625462479147,12,1,0,0,6,0.15856455370403655,620,0
4992,2171.607628317612,2,0,0,0,0,0.11413034192433869,1296,0
4993,977.694990991078,9,0,1,0,5,0.7148486708194879,1331,1
4994,1932.890299517262,21,0,0,0,2,0.7452090753574121,1372,0
4995,568.2874962317164,17,0,0,0,1,0.33792421186087473,1366,0
4996,1044.229914842496,5,0,0,0,4,0.7647776149382499,1274,0
4997,2233.690835429111,5,1,0,0,0,0.8384292202765431,299,1
4998,24659.319993242825,17,0,0,0,4,0.4771489937069725,471,1
4999,2460.2941363533214,5,1,0,0,5,0.8269680572760548,1825,1
5000,469.6249521336426,5,0,0,0,4,0.5039690844623822,647,0
5001,717.8354165972553,21,0,0,0,3,0.8092796752261076,1292,0
5002,696.860949028495,12,0,0,0,7,0.44112974223187895,275,0
5003,182.06373669110116,13,0,0,0,2,0.058930390380539155,815,0
5004,788.3245009281829,20,0,0,0,2,0.22030582763584972,757,0
5005,2282.0491808241254,6,1,0,0,5,0.30364850664046095,374,1
5006,306.6686598679342,12,0,0,0,1,0.44052429164719387,64,0
5007,3129.0435164999726,14,0,0,0,3,0.4745101174546814,1870,0
5008,1786.073334036663,11,0,0,0,0,0.9756188864250475,1561,0
5009,526.2448917330781,20,1,0,0,2,0.47533803044379663,1245,0
5010,951.9098763991532,0,1,0,0,2,0.37153450219826667,711,0
5011,5422.55186613522,2,0,0,0,1,0.3607087039700666,1723,0
5012,2283.6899514413894,17,0,0,0,1,0.8858894002620897,1684,0
5013,1106.3080338218815,21,0,0,0,5,0.38492170178990737,949,0
5014,864.6429810307237,7,0,1,0,0,0.7851382292378734,1503,0
5015,1183.9470231143614,1,0,0,0,2,0.24920022294823274,1701,0
5016,657.3630425549178,3,0,0,0,5,0.42892692987430114,234,1
5017,133.65348185453192,17,1,0,0,2,0.5738721240515591,550,0
5018,8452.16508437551,12,0,1,0,0,0.5644425023218491,1790,0
5019,1280.9086645009893,14,0,0,0,2,0.579551776297349,100,0
5020,1632.9561907119905,1,0,0,0,0,0.7413152544717333,614,0
5021,1034.9332906283666,9,0,0,1,2,0.5101133613023082,1380,0
5022,525.7801708678008,1,1,0,0,0,0.18326660807293804,1429,1
5023,910.574317936857,20,0,0,0,1,0.5810771938800897,1088,0
5024,221.5404602978806,11,0,0,0,1,0.29799950279064336,596,0
5025,10690.240463930231,4,0,0,0,2,0.3005338711759564,873,0
5026,319.0947247760303,11,0,0,0,2,0.12860019879420037,559,0
5027,390.7366158113466,22,0,0,0,0,0.9099794744503426,1969,0
5028,706.0886495981944,0,0,0,0,1,0.06488136010195544,1893,0
5029,3976.175572410186,1,1,0,0,4,0.037731439051306825,869,0
5030,1112.660195092349,15,0,0,0,1,0.7248918720731431,1377,1
5031,318.5769999790938,21,0,0,0,1,0.704845355136118,1630,0
5032,3844.267515832743,1,0,0,0,3,0.3505278169413115,500,0
5033,2277.8803689104634,15,0,0,0,0,0.7405742483606441,210,0
5034,1878.887184098704,19,0,0,0,3,0.48774333238952805,434,0
5035,2243.369467443404,15,0,0,0,4,0.728256852643154,1663,1
5036,12020.417011002432,5,0,0,0,3,0.5457593580606509,1538,0
5037,9750.705253186681,12,0,1,0,1,0.7324509804824396,1516,0
5038,551.8546282627433,11,0,0,0,3,0.7726698662428796,970,0
5039,5562.956512729563,22,0,0,0,2,0.2835634944169658,1585,0
5040,1608.6783009754217,9,0,0,0,3,0.38524199781121926,444,0
5041,1806.408350541085,4,1,0,0,4,0.5044431178148743,265,0
5042,201.89124641911351,7,0,0,0,3,0.19054108115878554,1046,0
5043,924.8339747183811,5,0,0,0,1,0.9703388015555756,1303,0
5044,486.47057155028426,4,0,0,0,2,0.9241378391195542,54,0
5045,2510.0521652884404,19,0,0,0,0,0.7769778874151079,1716,0
5046,3200.5581658418487,21,0,0,0,2,0.19828773266900956,42,0
5047,137.76008380002145,5,0,0,0,0,0.4530880755463449,1202,0
5048,1072.7332782364522,21,0,0,0,3,0.9272838711510185,197,0
5049,3367.283128230249,16,0,0,1,1,0.6122121282105856,1843,0
5050,909.8875656862878,5,0,0,0,4,0.38543311304070826,1647,1
5051,2273.472426561959,16,0,0,0,2,0.0915873637034037,1890,0
5052,1558.0112818248226,4,1,0,0,3,0.10014276149107626,1004,0
5053,1543.2721777091356,22,0,0,0,2,0.6782935068951295,1288,0
5054,836.047159126176,16,0,0,0,1,0.31153069208310646,551,0
5055,324.86808117916956,16,0,0,0,1,0.49673071287076864,639,0
5056,357.26215948397214,12,1,0,0,6,0.7515644478113654,1303,1
5057,2229.0984817793,21,0,0,0,1,0.18281860892306223,1485,0
5058,1118.1806854158424,6,0,0,0,1,0.0776378201854887,1593,0
5059,954.7865001095884,21,0,0,0,0,0.3766446617908574,1066,0
5060,717.7418454563624,20,1,0,0,4,0.16243291232893642,877,0
5061,808.2012946363111,5,0,0,0,6,0.5103563176167586,1810,0
5062,3124.1320965359632,13,0,0,0,2,0.552767239591357,1074,0
5063,784.2720150387264,15,0,0,0,0,0.1105730670947157,602,0
5064,286.8430742769696,2,0,0,0,1,0.7928797176777123,1616,0
5065,2306.881232621585,8,1,0,0,2,0.023336771658090116,957,0
5066,893.4794511085345,14,1,0,0,1,0.34413419970349257,1838,0
5067,1131.6090823772788,20,0,0,0,5,0.046794896409953046,166,0
5068,5472.978738835153,17,0,0,0,1,0.7070908277489508,1579,0
5069,1074.3159824552724,9,0,0,0,4,0.8785152299682538,1202,0
5070,1464.3748006351182,9,0,0,0,3,0.348169743035859,1656,0
5071,337.33500230167584,22,0,0,0,2,0.328210712846712,969,0
5072,880.359676839772,2,0,0,0,2,0.6943144725891165,1574,0
5073,2017.3217517922935,0,0,1,0,2,0.8715350419002752,774,1
5074,231.5107401435464,2,1,0,1,2,0.8871443603571079,773,1
5075,1340.5631865460637,4,0,0,1,0,0.5842754201831538,1482,0
5076,1212.9262078136621,6,0,0,0,2,0.5940214231336196,1350,0
5077,1142.858038835528,2,0,0,0,5,0.6193653955678015,1933,0
5078,3093.8108619043646,3,0,1,0,3,0.5081098137468884,1673,0
5079,1532.1672492161895,16,1,0,0,2,0.5309163264659651,1446,0
5080,4808.170312672252,2,0,0,0,4,0.09468008185670251,1824,1
5081,406.02327453761575,22,0,0,0,2,0.9826407497028185,912,0
5082,1256.2979839013979,3,1,0,0,0,0.06188464472393551,1105,0
5083,1193.2867890659384,1,0,0,0,1,0.4803618934995001,1120,0
5084,376.4350439193263,13,1,0,0,1,0.7854055213260616,416,0
5085,2853.4812015308858,4,0,1,0,5,0.5830760207522807,1668,0
5086,11211.25323355597,20,0,1,0,0,0.09611947469307314,1207,1
5087,1078.1414148976896,1,0,0,0,1,0.5554326059651213,1676,1
5088,1817.1435847905434,14,1,0,1,4,0.9053452244749491,819,1
5089,1193.348470968516,10,0,0,0,4,0.6219818899031667,1279,0
5090,537.2241022570531,21,0,0,0,3,0.7793236566461904,284,1
5091,177.5477740356716,9,1,0,0,2,0.46249675462867124,765,0
5092,541.4368921037031,19,0,0,0,2,0.31209480006065093,390,0
5093,272.6098409792466,0,0,0,0,3,0.20010391516792214,1796,0
5094,6027.587206523701,18,0,0,0,2,0.8492167133427173,256,0
5095,977.394449596426,13,0,0,0,0,0.70651183490905,629,0
5096,775.9442470001471,22,0,0,0,1,0.1778957650943246,879,0
5097,2668.1852129915756,21,1,1,1,1,0.5517299331883269,1928,1
5098,357.18322918995295,13,1,0,0,7,0.7096962227041754,285,1
5099,509.35028470603584,0,0,0,0,4,0.5680348654801979,1947,0
5100,1173.8829214806037,8,0,0,0,4,0.9494832936438234,1853,0
5101,3067.962659403907,16,0,0,0,3,0.1847978872522693,1340,0
5102,1811.0916158910934,13,0,0,0,0,0.7143444808437298,982,0
5103,1405.7484471300827,12,0,0,0,0,0.6165204776484093,1470,0
5104,1185.7345503453257,12,1,0,0,0,0.9189248060796233,380,0
5105,1636.3703314721681,5,0,0,0,3,0.8625770892788851,1330,1
5106,1341.646547109997,6,0,0,0,1,0.6484601123905219,1472,0
5107,391.5165254824148,1,0,0,1,3,0.43595780091021563,814,0
5108,1148.347488757351,7,0,0,0,0,0.16408675928725325,1519,0
5109,374.76956399695854,23,0,0,0,3,0.8028685253121692,1199,0
5110,1189.255241736095,5,0,0,0,1,0.8244500307687429,1027,0
5111,678.1388486629589,2,0,1,0,2,0.3621030293577119,497,0
5112,13896.35177977387,17,0,0,0,1,0.22624738627048568,1929,0
5113,1053.7448439424447,17,0,0,0,3,0.9316934261843989,474,0
5114,269.28234363372263,21,0,0,0,3,0.4688949705541938,652,0
5115,958.9316395841963,22,0,0,0,1,0.736212447447587,1280,1
5116,1843.3848363983498,5,0,0,0,4,0.6216828357981906,651,0
5117,5845.1290137037495,10,0,0,0,2,0.6996322379472579,1740,0
5118,608.2266548383857,2,1,0,1,3,0.018546718330226475,870,1
5119,225.33135910685453,15,0,0,0,1,0.6262483327299361,26,0
5120,2482.042307704656,4,0,0,0,1,0.5496592491608733,1721,1
5121,275.72425606962514,23,0,0,0,0,0.7534917199180613,1391,0
5122,708.9922237025601,21,0,0,0,3,0.9377300564024038,1107,0
5123,847.575155593325,1,0,0,0,2,0.8299241754543925,592,0
5124,1022.8688401142664,14,0,0,0,1,0.44217729350032076,1536,0
5125,2184.5485154064045,15,1,0,0,4,0.5955804447495762,1950,0
5126,553.5575479316334,6,0,0,0,1,0.23857256748781341,60,0
5127,834.0311467073175,15,0,0,0,2,0.002400021803479091,901,0
5128,1081.094947763269,23,0,0,1,2,0.14528889277090307,1728,0
5129,1273.593813412179,3,0,0,0,1,0.07223969382513296,1701,0
5130,1209.3365406601085,15,0,0,0,4,0.7498674659206099,1781,1
5131,1695.9626186567261,16,0,1,0,4,0.18764630734034948,137,0
5132,2549.976722403873,1,0,0,0,1,0.11136905857073842,1183,0
5133,1623.9782303111683,15,0,0,0,1,0.28503872451262346,1789,0
5134,1726.0408236032242,3,0,0,0,2,0.933624046967064,765,1
5135,225.37751333517193,6,0,0,0,1,0.27475818429481635,962,0
5136,1153.1212776456173,17,0,0,0,3,0.6568855013528823,1872,0
5137,1771.3682472773098,5,0,0,0,2,0.8335921839500786,470,0
5138,2273.1940559250315,17,0,0,0,2,0.8289191500313211,1368,0
5139,548.7534359412891,6,1,0,0,2,0.943713822311011,1898,0
5140,567.3411084891908,1,0,0,0,3,0.36242981852982437,682,0
5141,617.636023191738,18,0,0,0,5,0.4879797641057382,1616,0
5142,1875.09368012799,8,0,0,0,2,0.23756771909786034,404,0
5143,3083.686435565056,3,0,1,1,2,0.06490287351325907,77,0
5144,729.6317046895045,13,0,0,1,3,0.9781765605869025,1326,0
5145,2718.844665233517,4,0,0,1,2,0.8666554429293086,1727,1
5146,1240.760539840124,6,1,0,0,1,0.315030071144733,785,0
5147,968.4668197491932,7,1,0,0,3,0.7899015652626601,1909,0
5148,887.6839524001101,14,0,0,0,0,0.8297080520792168,661,0
5149,2313.7187662388756,18,0,0,0,4,0.2451057347815775,1556,1
5150,1518.6511473213689,10,0,0,0,2,0.933776284153827,818,0
5151,10676.767814816712,19,0,0,0,2,0.32047816762436543,1367,0
5152,467.67581692030103,22,0,0,0,2,0.5679711539609388,656,0
5153,1841.0690770829951,3,0,0,0,1,0.7976334182018453,893,0
5154,645.9996682182871,17,0,0,0,2,0.5900911985304745,1239,0
5155,459.76386145396134,13,0,1,0,0,0.25947968475989247,1547,0
5156,1084.7804149577441,5,0,0,0,3,0.9327286062100024,1475,0
5157,1258.0931484688992,15,1,0,0,2,0.003448064440332743,1466,0
5158,20295.88743425084,17,0,1,0,2,0.5248784736197293,751,1
5159,912.1953660715266,0,0,0,0,1,0.04474993249710879,1023,0
5160,354.18567118784074,7,0,0,0,3,0.6547897799837225,1170,0
5161,1440.8820179042634,0,0,0,0,2,0.0424069688002624,365,0
5162,137.7389135575941,0,0,1,0,3,0.05668807046979629,1755,1
5163,1000.2879798718415,18,0,0,0,3,0.49315772940573677,433,0
5164,1114.3485825802802,20,0,0,0,4,0.6878379302883892,1785,0
5165,2427.459176541068,9,0,1,0,2,0.42097057275149985,155,1
5166,2903.3550162317483,17,0,0,0,4,0.913974163028606,1690,1
5167,662.7715635338587,11,0,0,0,2,0.927037957653256,1500,0
5168,943.3015278776985,16,0,0,0,3,0.44870278784767126,108,0
5169,509.7289783102172,0,1,0,0,1,0.60220882333831,865,1
5170,354.9359835521698,7,0,0,0,1,0.979067979425777,570,0
5171,1495.0198739980901,9,0,0,0,2,0.8217458788826318,1125,0
5172,306.8670068863596,9,0,0,0,2,0.13431907653979047,83,0
5173,724.4212784171438,17,0,0,0,0,0.07113589571130219,1289,0
5174,405.38046265678685,8,0,0,0,0,0.5693515546844619,1032,0
5175,1900.1406453631832,1,0,0,1,1,0.8426289696685515,1876,1
5176,6643.738421124669,2,0,0,0,3,0.7571879089467938,860,0
5177,298.3931812998393,1,0,1,0,0,0.6265562282890965,536,1
5178,171.91179355481455,5,0,0,0,1,0.8349007247218406,1237,1
5179,967.884841347908,22,1,0,0,2,0.13017662933116136,1581,0
5180,1113.9837083932985,11,0,0,0,3,0.4708314941849271,1724,0
5181,1364.6582456132762,21,0,0,0,4,0.789333659631138,522,0
5182,701.8217713081768,18,1,0,0,1,0.15990920473443748,888,0
5183,897.2734823687915,14,0,0,0,1,0.3734304682424442,780,0
5184,1583.6861427536,18,1,0,0,1,0.4592220094981283,315,0
5185,3103.9503716014747,11,0,0,0,2,0.0750040065031482,850,0
5186,155.23672806910133,17,0,0,0,1,0.02252051599986027,1151,0
5187,758.2859528210183,15,0,1,0,5,0.5076189138549339,104,0
5188,1358.0549808598141,1,0,0,0,0,0.9069777457538231,791,0
5189,437.9145917638281,10,0,0,0,3,0.10262612309204977,1725,0
5190,6192.967368111445,11,1,0,0,3,0.12946368284737264,1958,1
5191,580.9066773518829,4,1,0,0,2,0.05762109505471302,1248,0
5192,1052.272418784978,23,0,0,0,4,0.3621564197006899,1896,0
5193,1912.2237232654832,5,0,0,0,6,0.39398795606348935,862,1
5194,607.1131675721639,10,0,0,0,2,0.9833192384879603,1079,0
5195,173.02341846661912,20,0,0,0,2,0.8228769358932517,117,0
5196,714.3303090509861,9,0,0,0,2,0.3655134616467022,1845,0
5197,3070.0236862029724,3,0,0,0,3,0.38072859432819084,1163,1
5198,782.9782150694973,8,0,0,0,3,0.41624110161539785,973,0
5199,470.3916749140555,11,0,0,0,2,0.5903504481304609,698,0
5200,2767.4240191089402,9,0,0,0,2,0.876474255521938,765,0
5201,787.7849164845427,13,0,0,0,0,0.22952480058230507,295,0
5202,658.4174721840184,4,0,0,0,1,0.2455624252119829,95,0
5203,1273.4131442049993,0,1,0,0,2,0.9904434118130043,784,1
5204,2370.248804969361,4,0,0,0,4,0.48916289432199034,1182,0
5205,11869.335822391726,15,0,0,0,2,0.68446829388967,525,0
5206,2507.9879764375883,4,1,0,0,1,0.8083346156587152,120,1
5207,3497.626821120097,4,0,1,0,2,0.4893005705999597,860,0
5208,661.1850802334925,17,1,0,0,2,0.016409446440092124,1396,0
5209,393.12667730119705,5,0,0,0,1,0.7496652202329038,1123,0
5210,1167.1630615181011,20,1,0,0,2,0.583114949963563,1906,0
5211,1220.6880025113542,17,0,0,1,1,0.8777261135004485,694,0
5212,372.9659984936914,9,0,0,0,1,0.8006471537757684,1271,1
5213,920.3053066962568,14,0,0,0,1,0.3949550029792801,1682,0
5214,1634.8684178590588,23,0,0,1,1,0.04260422277922071,1276,0
5215,1572.455037275204,21,0,0,0,2,0.5497678989829948,178,0
5216,1815.81168007413,10,0,0,0,2,0.9811504504201397,1309,0
5217,1466.98525964993,18,0,0,0,3,0.17144350342293724,211,0
5218,660.4961801860213,12,0,1,0,3,0.5072279145148408,644,0
5219,655.9597126081859,19,0,0,0,4,0.11984765703165312,768,0
5220,330.6460943473919,2,0,0,0,2,0.9392053631455207,447,0
5221,6534.002920855994,15,1,1,0,2,0.8273115463852451,1829,0
5222,1111.482917726786,6,0,0,0,2,0.537196032627992,1316,0
5223,875.8080484969713,11,0,0,0,2,0.6387281315213291,148,0
5224,433.2036403771456,14,0,0,0,2,0.645892254699615,462,0
5225,20653.868188584238,7,0,1,0,0,0.9538410596355865,19,1
5226,374.90474027877883,22,0,0,0,5,0.9708961520224753,679,1
5227,714.1921718635228,16,0,0,0,1,0.6652416258293253,519,0
5228,1662.0994917448502,0,0,0,0,5,0.2940104901241637,283,0
5229,1998.621487696844,20,0,0,0,4,0.6394704395175901,116,0
5230,2858.1563275178028,7,1,0,0,4,0.5559696419444584,1438,0
5231,6684.91321745237,13,1,1,0,0,0.7890196144055106,1613,1
5232,1819.2100646871518,9,0,0,0,2,0.8631733680033908,609,0
5233,381.4459640885175,18,1,1,0,2,0.6376398286775816,1661,0
5234,848.1477676182692,7,0,0,0,3,0.5168587618834765,254,0
5235,1491.939712109339,18,0,0,0,5,0.8569350052330585,1250,0
5236,8675.220666098872,3,0,0,0,1,0.4463159396352172,1828,0
5237,271.0205156651317,9,0,0,0,1,0.4771568822235468,1124,0
5238,3650.3433302140547,22,1,1,0,2,0.017143018937499477,24,0
5239,1312.795838129356,2,0,1,0,1,0.07187553270326552,64,1
5240,2534.6999224447,3,0,0,0,5,0.4295840375382318,1275,1
5241,990.2973814886556,15,0,0,0,0,0.007611501889240868,482,0
5242,472.27779910229077,23,0,0,0,3,0.20345892682696787,609,0
5243,2323.5995196723234,3,0,0,0,1,0.6795889275611251,1177,1
5244,2109.974259497934,19,0,0,0,5,0.6288558880357918,854,0
5245,2898.8139969029144,19,0,0,0,3,0.5668392522509471,1675,0
5246,1082.1394844325046,12,0,0,0,2,0.8251237035316499,961,0
5247,601.9521617863841,20,0,0,0,1,0.3613657609469194,806,0
5248,230.72188057859952,16,0,0,0,3,0.6598781397285652,860,0
5249,2488.345393901725,22,0,0,0,3,0.6445461924431906,1369,0
5250,1675.5378252861797,15,0,0,0,5,0.6592060588272545,656,0
5251,417.4719544798616,16,1,0,0,5,0.6739097683483425,431,0
5252,639.9732167842193,5,0,0,0,2,0.8023585156910701,1929,0
5253,687.6233200330531,2,0,0,0,1,0.6082910181181511,1813,0
5254,248.89112902458822,19,0,0,0,2,0.8761645028753423,398,0
5255,484.11263829703586,23,0,0,0,1,0.4276542285691811,737,0
5256,352.8946756657991,3,0,0,0,2,0.97345413824703,1557,0
5257,725.9789269123984,7,0,0,0,0,0.03361636096169296,682,0
5258,523.9008776674915,19,1,0,0,1,0.1340818307611784,789,0
5259,215.50736367233236,8,1,0,0,1,0.08371121624802091,1346,0
5260,8288.217696048952,21,0,0,0,0,0.4382761976748365,403,0
5261,3837.3631538659174,0,1,0,0,2,0.5878833497767222,1812,0
5262,503.19641375357116,12,1,0,1,1,0.44254967617781016,1027,0
5263,1440.03312626135,1,0,0,0,1,0.2101416726873836,1699,0
5264,1664.8080156015626,22,0,0,0,4,0.23204227132117727,339,0
5265,3608.6385772201756,9,0,0,0,3,0.8071834288455675,911,0
5266,483.6661874131364,22,0,0,0,2,0.05342997156053808,658,0
5267,3268.566485004718,18,0,0,0,2,0.9915077195232146,1942,0
5268,634.029000682862,16,0,0,0,2,0.7207106891588578,825,1
5269,288.3392089251944,23,0,0,0,1,0.9211939695799554,1757,0
5270,2262.2983834464817,12,1,0,0,2,0.18282313308490383,315,0
5271,3986.856776539201,13,0,0,0,1,0.5592078113032055,827,0
5272,14587.335117483884,10,0,0,0,3,0.5289605440887585,1297,0
5273,330.3903171959695,9,0,0,0,2,0.6208115864401672,1803,0
5274,2205.9635688005806,6,0,0,0,4,0.7776811697152501,1922,0
5275,727.9255352397599,9,0,0,0,1,0.7137496644247749,1930,0
5276,2400.3232878231934,23,0,0,0,1,0.39296762556453113,111,0
5277,252.02050387094522,0,0,0,0,1,0.8692977233294488,214,0
5278,310.20402442410665,13,1,1,0,3,0.014249441305989707,1041,1
5279,504.7812549062134,2,0,1,0,3,0.25323556077361453,1114,1
5280,1186.7384746208188,12,0,0,0,4,0.5194642873213281,1327,0
5281,577.6214558605329,1,0,0,0,3,0.8591412692020862,1262,1
5282,2119.7519241600726,16,0,0,1,2,0.39890984142197505,631,0
5283,3062.2175384544507,20,1,0,0,1,0.776034216400493,1731,0
5284,1997.3519180400397,2,0,0,0,4,0.2651039390198271,678,0
5285,5534.672307358547,14,0,0,0,1,0.9693429283270361,1075,0
5286,1662.0825270632802,7,0,0,0,1,0.01545523611635602,1916,0
5287,324.765469545374,5,0,0,0,4,0.1768374720932493,1814,0
5288,4287.145961718094,8,0,0,0,2,0.021910976075174893,212,0
5289,598.7497698817845,10,0,0,0,4,0.017138541637960913,1897,0
5290,2725.53086150518,21,0,0,0,5,0.9057218565919581,1507,0
5291,5290.850127409988,1,0,0,0,0,0.2758992215202284,1536,0
5292,1731.4041587390188,8,0,0,0,3,0.23426746428528955,59,0
5293,245.63364718673722,17,0,0,0,3,0.2671225690535315,1231,0
5294,437.81122901415563,18,1,1,0,2,0.8028189011597606,358,1
5295,4116.441958362893,21,1,0,1,2,0.31178596811541026,522,0
5296,926.0028518167816,17,0,0,0,1,0.593103045893935,289,0
5297,1187.461999460157,4,0,0,0,2,0.858355675163687,727,0
5298,2342.1495930152787,17,0,0,0,2,0.31877313552306874,1401,0
5299,2200.2425033790637,11,0,1,0,3,0.14580739440137624,1286,1
5300,1449.2476118779898,3,0,0,0,2,0.06747773914414668,159,0
5301,890.0980531884471,14,0,0,0,2,0.563326746242884,1050,0
5302,802.1788229469304,10,0,0,1,3,0.605827601533544,1421,1
5303,2586.0808550353704,18,0,0,0,2,0.8710453163544961,1936,1
5304,1907.539615198125,4,1,0,0,5,0.47354395425772366,1828,0
5305,847.8468341586612,5,1,0,0,2,0.8672326290142418,1757,0
5306,3236.061597246804,12,0,0,0,2,0.5144858369879455,727,0
5307,963.8791125907102,22,0,0,0,1,0.5902178521927981,1996,0
5308,467.9389439051339,9,0,0,0,2,0.5375908290040059,1572,0
5309,513.3866685405385,23,0,0,0,1,0.3004149505096808,45,0
5310,412.0971669646029,13,1,0,1,3,0.8436615720259037,25,0
5311,835.1321563426163,3,1,0,0,1,0.8843070503821711,368,1
5312,3765.832677019697,19,0,1,0,0,0.8484247206305761,1432,0
5313,490.2447807738431,22,0,0,0,0,0.10732028420302153,219,0
5314,1324.083447095581,11,0,0,1,1,0.6665000116655493,993,0
5315,568.6758876652115,14,0,0,0,2,0.4440899090293514,1939,0
5316,845.2994630602689,9,1,0,0,1,0.09775582141060235,1473,0
5317,242.24722316324326,10,0,0,0,4,0.061808248889250295,413,0
5318,879.5951729116935,8,0,1,0,2,0.6978445409019697,1117,0
5319,903.5167240868311,10,0,0,0,3,0.3976376154303084,301,0
5320,1882.371964915043,1,0,0,0,4,0.3821411283596582,1726,0
5321,1370.9797555426487,12,0,0,0,2,0.21307481176469834,299,0
5322,330.8310675147786,21,0,0,0,3,0.6021242848854924,1553,1
5323,3242.8188437385256,7,0,0,1,2,0.1483945726011321,1639,1
5324,1353.302310273905,20,0,0,0,0,0.004073890638053301,1980,0
5325,1337.2807193470912,20,0,0,0,2,0.014071923340134629,1015,0
5326,1086.6095757019093,7,0,0,0,4,0.36785506577417915,1502,0
5327,653.4346661488777,0,1,0,0,1,0.7187853862097957,1561,1
5328,1363.4892794730586,5,0,0,0,4,0.6025707364334455,1633,0
5329,1764.4396424513297,12,0,0,0,1,0.2506894840379046,1826,0
5330,191.15876414398312,8,0,0,0,2,0.10195324606168565,681,0
5331,639.8534480139665,5,0,0,0,0,0.36184338491992807,142,0
5332,849.8441923769959,14,0,0,0,2,0.896415371925987,1904,0
5333,1416.8205709882436,22,0,0,0,1,0.3468876187699236,252,0
5334,3616.677283865226,15,1,0,0,3,0.12001318343721779,1337,1
5335,506.8723442523956,3,0,0,0,0,0.8911600621014537,1946,1
5336,666.4986760413177,16,0,0,0,1,0.32397696697904843,1554,0
5337,656.8567047898255,8,0,0,0,3,0.7719607043144985,916,0
5338,491.9968971641342,11,0,0,0,1,0.27311117008707864,199,0
5339,774.961619489548,21,1,0,0,0,0.8691175590113939,798,0
5340,2370.372085690673,18,0,0,0,2,0.08186411752999845,1009,0
5341,382.2842740051508,19,0,0,0,1,0.2531909933259988,1181,0
5342,1682.127087671826,11,0,0,0,1,0.7274702289902639,877,1
5343,199.95608550863778,21,0,0,0,2,0.394512316398271,1090,0
5344,625.5692301995018,5,0,0,0,1,0.550603172908436,140,0
5345,788.7983407558875,11,0,0,0,4,0.27701726366314106,1941,0
5346,5853.878271212358,8,0,0,0,0,0.3612532846183505,1482,0
5347,833.1366674260804,19,0,0,0,4,0.6064694903391854,1570,0
5348,121.35941644291158,4,0,1,0,1,0.792427629101212,1062,0
5349,148.57815158939172,20,0,0,0,1,0.8919654901426444,609,0
5350,1134.5933529134225,2,0,1,0,3,0.35883352640603816,70,0
5351,2025.9031007253907,1,0,0,1,2,0.6304041066189053,700,0
5352,1596.319359017077,7,0,1,0,3,0.4979657233315483,1877,0
5353,1296.6899522298143,9,0,0,1,2,0.6563221844039232,1401,1
5354,3506.100034704941,14,0,0,0,1,0.6218720120668372,1720,0
5355,639.322344878168,8,0,0,0,3,0.6202350109975209,699,0
5356,2683.589534887709,9,0,0,0,3,0.4362755389840488,952,0
5357,214.4303795827016,10,0,1,0,3,0.2935417730431087,1116,0
5358,443.65718886550076,8,0,0,0,6,0.421244405619113,826,0
5359,180.0003157523122,13,0,0,0,1,0.8370861471014138,329,1
5360,833.1008467210689,4,0,0,0,2,0.3428546486610897,213,0
5361,1047.0571382997452,8,0,0,0,3,0.8614385047576402,362,0
5362,1229.17868827851,3,0,0,1,0,0.1662553514317694,1866,0
5363,1166.640293388794,1,0,0,0,1,0.5537333925102795,311,0
5364,433.74060417769124,18,1,0,0,2,0.10912628300962313,1821,0
5365,906.652418480087,0,0,0,0,3,0.44245882196475317,720,0
5366,245.31751017077355,20,1,1,0,0,0.970532755539197,1392,0
5367,4286.513489694334,0,0,0,1,1,0.6263207903178099,851,1
5368,809.4653168933202,11,0,0,1,1,0.01782087414803535,886,1
5369,672.5751691762432,10,0,0,0,2,0.8225306723383781,288,0
5370,5371.918189365689,0,1,0,0,1,0.500550512948859,1804,1
5371,316.63619546549705,13,0,0,0,2,0.6715482198415411,1688,0
5372,355.81569494612944,10,1,0,0,1,0.6421292983197248,116,1
5373,366.4198016453057,6,0,0,0,2,0.18848719420054605,1450,0
5374,1024.6727971325543,1,0,0,0,0,0.4055640106137717,1729,0
5375,1688.5604321789417,14,1,0,0,2,0.21489917392646207,687,0
5376,2297.7265765792754,7,1,1,0,3,0.1785850382355081,627,0
5377,14357.034605684665,21,0,0,0,0,0.5570386249838555,939,0
5378,115.64990252117587,19,0,0,0,1,0.20362772303268728,298,0
5379,2015.727777606125,14,0,0,0,4,0.20144229456892193,118,0
5380,628.2068099279593,7,0,0,0,4,0.6265403163205022,737,0
5381,610.076800139995,9,0,1,0,2,0.4021543912483988,686,0
5382,590.0621508326174,18,0,0,1,1,0.2026589933056958,758,1
5383,441.9648390231304,2,0,1,0,2,0.38361606720747177,1805,0
5384,5910.7312552776,19,0,1,0,2,0.5794202985143477,1526,0
5385,2546.047223382564,13,0,0,0,1,0.5987541931469953,1309,0
5386,1122.3679556783031,8,0,0,0,4,0.8980576810439151,386,0
5387,4234.479742731237,8,0,0,0,5,0.9301711869068541,1526,1
5388,241.64532083378705,20,1,0,0,0,0.20301740370316257,1663,0
5389,289.8300940416033,5,0,0,0,1,0.4903253011346075,1721,0
5390,124.21727721118454,7,0,1,0,2,0.445603852696593,192,0
5391,544.8908284771323,10,1,0,0,2,0.7672793758613982,808,0
5392,1289.0986429080294,7,0,0,0,0,0.19265369875610316,907,0
5393,1215.4365333231149,11,0,0,0,3,0.22609749518059852,307,0
5394,1273.2677559708768,9,1,0,0,1,0.15820485077794244,179,0
5395,267.4528178564528,22,0,0,0,2,0.7322746992650908,1532,0
5396,2448.3136063933603,3,1,0,0,1,0.2274760404139412,203,0
5397,1393.5747929873337,15,0,0,0,4,0.41967302193573486,991,0
5398,2282.563155359085,19,0,0,1,4,0.2597027853483922,1925,0
5399,165.21337535200695,5,0,0,0,3,0.9822881178004311,1975,0
5400,1497.4079497195075,8,0,0,0,2,0.6479978464726305,1713,0
5401,334.36551807271053,22,1,0,0,2,0.28562644562791994,195,0
5402,737.0654892355934,4,0,0,0,0,0.1160181083988806,694,0
5403,1871.255544339601,20,0,1,0,3,0.438708129859284,82,0
5404,1201.220745079396,23,0,0,0,2,0.18115241691410533,1118,0
5405,467.99612698984606,5,0,0,0,1,0.16721197099966334,1778,0
5406,1103.5341323209589,16,0,0,0,7,0.29504848617446067,405,0
5407,237.09589623402766,16,0,0,0,1,0.966383483175853,843,1
5408,3464.305282663629,23,0,0,0,4,0.3998358199999793,973,0
5409,893.1155613437699,21,1,0,1,4,0.21036082875395345,1781,0
5410,3356.1506094779784,12,0,0,0,1,0.32844095117787897,1101,0
5411,647.7263533214726,16,0,0,0,0,0.47774831845065,572,0
5412,649.6436693635395,13,0,0,0,1,0.07184633053774558,579,0
5413,510.71577051065213,1,0,0,0,1,0.3049939368488137,1168,1
5414,2633.776249596863,18,0,0,0,5,0.14320134293778686,538,0
5415,539.4601097514152,2,0,1,0,3,0.09031114378690908,1998,1
5416,2089.3231324125773,1,0,1,0,2,0.9089929841841596,1540,0
5417,748.1081868414996,1,0,0,0,2,0.28414467979762625,869,0
5418,152.02374110172548,21,1,0,0,2,0.2091366030677142,90,0
5419,619.979201936972,6,0,0,0,1,0.7003514796927891,358,0
5420,337.2726945013009,3,0,0,0,4,0.05744877027851525,1423,0
5421,1134.449424507489,16,0,0,0,3,0.9732395075163851,405,0
5422,333.48312498338885,5,0,0,0,3,0.9849977062829239,188,1
5423,2768.262374482744,6,0,0,0,2,0.7648932369355458,1833,0
5424,1001.169544048697,19,1,0,0,2,0.987026469523773,973,0
5425,918.1896918177443,5,0,0,1,0,0.25611394905109064,1357,0
5426,2113.0594187578636,8,1,0,0,1,0.2546324397055053,1446,0
5427,2875.2845840116343,19,0,0,0,3,0.868941476149288,1082,0
5428,1074.812222145882,3,0,0,1,4,0.6075044545078641,18,0
5429,507.1463904379929,4,0,0,0,3,0.7230834035241952,1328,1
5430,186.05277757890255,18,1,0,0,3,0.013812911477192213,1344,0
5431,552.2220572239706,9,0,0,0,4,0.4638577216187756,1232,0
5432,591.5745750664605,17,1,1,0,1,0.2783430189983084,1781,0
5433,1220.5507288901233,14,0,0,1,2,0.15398301463960673,1840,0
5434,776.5438550645375,0,0,0,0,0,0.5187906540889122,843,0
5435,2181.8599324424745,4,0,0,0,3,0.27688355438828727,858,0
5436,594.0816267718126,4,0,0,0,1,0.5434083561345295,873,0
5437,1035.8305349611674,7,0,1,0,6,0.07820172164277761,1601,1
5438,3583.1136756740257,21,0,1,0,1,0.7977151378580534,224,0
5439,1543.5268108475354,21,1,0,0,0,0.9495613050834825,749,0
5440,1032.7314437504028,21,0,0,0,3,0.6293977255303855,762,0
5441,600.6759221491395,19,1,1,1,0,0.14278410016551335,961,1
5442,582.1735524037075,14,0,0,0,3,0.7490749189146328,1844,1
5443,468.43003258075527,16,0,1,0,0,0.8783686041587857,1456,1
5444,638.417931683063,18,0,0,0,1,0.3664772343546723,647,0
5445,2334.7634032650117,12,0,0,0,2,0.5137701571701322,1214,0
5446,878.4084835864124,21,0,0,0,0,0.06368514113783708,1422,0
5447,284.35598758287534,20,1,0,0,1,0.5476814542774446,1129,0
5448,6426.396839498415,9,0,0,1,0,0.047468506491977536,1682,0
5449,1510.151402207418,16,1,0,0,1,0.35209976021209954,653,0
5450,268.5552322469717,4,1,0,0,2,0.27829674552648065,1497,0
5451,704.9670560823113,17,0,0,0,2,0.18293563820390446,973,0
5452,1225.2330904889257,16,0,0,0,0,0.8530207397766707,1380,0
5453,6030.541539879903,3,0,0,0,2,0.6034445012243014,1534,0
5454,362.08809614713954,21,0,0,0,1,0.6780671225641365,657,0
5455,2910.3851907352932,6,0,0,0,1,0.49232321822207603,631,0
5456,4444.783440538721,4,0,0,0,0,0.7474797626677545,1957,0
5457,584.8443216187395,7,0,0,0,3,0.3701136762440633,1713,0
5458,830.8808317476539,7,0,0,0,1,0.4413737803621768,977,0
5459,389.0433405182449,10,0,0,0,2,0.08321513520557522,1674,0
5460,894.7450871860054,8,0,0,0,1,0.3196767994769417,1104,0
5461,1057.2326076452105,18,0,0,0,1,0.10555176547834222,238,0
5462,2121.014939353629,18,1,0,0,3,0.4816393676035001,738,0
5463,3262.2860502737917,8,0,0,0,3,0.9387381920433638,1815,0
5464,519.0000270982697,22,0,0,0,2,0.811026482780255,655,0
5465,153.34264630985157,19,1,0,0,2,0.43724558770388045,1095,0
5466,1073.5811633232572,16,0,0,0,2,0.30070669535654937,675,0
5467,1470.7643784518416,15,0,0,0,3,0.3294236584030861,978,0
5468,1407.2851300999698,6,0,0,1,1,0.4726561994505738,847,0
5469,791.0227690438307,21,1,0,0,2,0.24282412651748153,698,0
5470,1242.3401523368254,2,1,0,0,1,0.3381401439291116,939,0
5471,4991.265722336567,20,0,1,0,1,0.4922790625305977,1432,1
5472,1606.373076102366,18,0,0,0,1,0.8410659731572355,1063,0
5473,754.9349412428927,7,0,0,0,2,0.0953717596556316,59,0
5474,665.0100696712581,4,0,1,0,1,0.40478133126819227,969,0
5475,925.3274198834242,5,0,0,0,5,0.1904036419870343,713,0
5476,5634.929762173109,1,0,0,0,4,0.6370332783187527,33,0
5477,912.9665938305476,23,0,0,0,2,0.5707076176970248,802,0
5478,1075.139452580688,18,0,0,0,0,0.5772626000799088,1559,0
5479,677.0102607922695,12,0,0,0,2,0.5327566693171895,1080,0
5480,3291.12048077427,5,0,0,0,2,0.7335832236500259,1325,0
5481,7784.090535287349,5,0,0,0,2,0.15405916266173503,758,0
5482,1720.9178297530582,1,1,1,0,2,0.18580318108995564,96,0
5483,1191.2672122776157,23,0,0,0,2,0.708898860118514,1429,0
5484,1137.721472729851,4,0,0,0,0,0.13177560941101263,448,1
5485,101.05785869776643,10,0,0,1,0,0.7269758917778694,1238,0
5486,2310.34204569749,10,0,1,0,0,0.16442258030299495,1410,0
5487,1254.0911625964172,23,0,1,0,1,0.9915749595945665,1196,0
5488,1683.014905504879,13,0,0,0,1,0.04512995283175081,1289,0
5489,538.3655583538518,12,0,0,0,3,0.7764170868496657,986,0
5490,746.6101198899598,7,0,0,1,2,0.23195927040606468,852,0
5491,727.0353228534151,14,0,0,0,0,0.32362969670274844,1193,0
5492,3046.1171228339285,11,1,0,0,3,0.9118135108222827,847,0
5493,750.8757285192378,2,0,1,0,4,0.3065986492427173,1259,1
5494,8801.349333901197,20,0,0,0,5,0.3770317096198055,680,0
5495,1687.2620729775376,22,0,0,0,2,0.18220397659741672,1082,0
5496,306.22414689830657,4,0,0,0,3,0.07717382091007263,1252,0
5497,964.3494286153086,5,1,0,0,0,0.10798612992130452,1493,0
5498,571.5345165611795,1,0,0,0,4,0.5936609555489563,1615,0
5499,122.19492678198321,7,0,0,0,1,0.04680896250435218,1402,0
5500,5428.786678196208,4,0,0,0,4,0.22568700848326806,151,0
5501,2215.298734468974,21,1,0,0,2,0.393512436450996,1093,0
5502,1869.0906682185275,16,0,0,1,1,0.10849916742583865,1532,0
5503,1293.8837849180757,1,0,0,0,3,0.748309317177504,34,0
5504,275.3333185905262,10,0,0,0,0,0.9714715647296986,664,0
5505,676.1283064303758,3,1,0,0,5,0.8949764881284916,410,0
5506,2544.732396629503,10,0,0,0,1,0.9536495902168008,1608,0
5507,383.2854340453884,8,0,0,0,0,0.5448649689437117,8,0
5508,87.20229799742604,5,0,0,0,5,0.14806289458309507,874,1
5509,873.8371160564386,23,0,0,0,2,0.6667993380207772,1144,0
5510,951.6929449733254,1,0,0,0,1,0.05967362804169296,1478,0
5511,1255.844352794452,14,0,0,0,5,0.4761282442664364,602,0
5512,2272.2337182865335,4,0,0,0,0,0.7893111461152741,1771,0
5513,2074.770475295595,11,1,0,0,4,0.8549193975515699,1314,0
5514,1420.5079604328234,12,0,0,0,1,0.29536950011779683,692,0
5515,3624.7166114702036,16,0,0,0,1,0.22193844126552253,1964,0
5516,240.09392937861585,3,0,0,0,1,0.6894691061233031,347,0
5517,1816.3455365231696,9,0,0,0,1,0.1387668916122331,207,0
5518,2051.934659299298,0,0,0,0,4,0.9940090856337228,338,0
5519,317.4872671042013,10,0,1,0,3,0.33216555666791636,128,0
5520,243.9905246939388,15,0,0,0,4,0.7493731032784628,1474,0
5521,520.1191258565211,10,0,0,0,0,0.7255748079088624,921,0
5522,565.9233004706484,8,1,0,0,0,0.3101867097289628,1200,0
5523,2329.5245349952797,1,0,0,0,0,0.3861975725590828,1033,0
5524,593.1582437756803,6,0,0,0,1,0.8416823603163746,1680,0
5525,465.75115144585163,18,0,0,0,1,0.227953476247573,453,0
5526,594.8839016952977,17,0,0,0,0,0.0600383599159382,627,0
5527,3356.427133778586,19,1,0,0,2,0.14726425440937108,1817,0
5528,1111.0306470658586,6,0,0,0,1,0.6840786537669117,940,0
5529,916.6713166081595,22,0,0,0,2,0.237438773573469,727,0
5530,982.3960153014051,8,0,0,0,3,0.5671162296958985,388,0
5531,3992.0506863272917,11,0,0,0,3,0.39354782476737915,863,0
5532,518.4420586471979,2,0,0,0,2,0.8682140913540886,1836,0
5533,4086.762173664938,22,0,0,0,0,0.4874557218037415,723,0
5534,1353.5638729922516,21,0,0,1,3,0.139609612853696,712,0
5535,934.0973089980142,15,0,1,0,1,0.8328345636807941,1638,1
5536,13371.762654378885,6,0,0,0,3,0.08266547025239057,367,1
5537,381.59525698084343,22,0,0,0,2,0.8282441834700927,932,1
5538,769.9412709404443,4,0,0,0,3,0.04149563788984456,1065,0
5539,319.7593753280043,22,0,0,0,4,0.0036351135688734715,1809,0
5540,2842.564653146139,6,0,0,0,3,0.7555348798240047,125,0
5541,5938.363881860427,18,0,0,0,2,0.5600856716187977,965,0
5542,5825.04953001512,16,0,0,0,2,0.21501630395337956,275,1
5543,3729.199033106074,15,1,0,0,1,0.965947741948984,912,1
5544,899.9862920961452,20,0,1,0,2,0.6370126864890089,1853,0
5545,761.0956368064409,23,0,0,0,3,0.23856667588119373,523,0
5546,206.19662987887898,20,0,0,0,1,0.4159889184891037,1666,0
5547,8399.04707699867,18,1,0,0,1,0.9131786037929412,1029,0
5548,1752.814530539476,17,0,0,0,1,0.20340024708893867,483,0
5549,670.5130027361661,18,0,0,0,4,0.9268601118162688,247,0
5550,4138.368425360299,3,0,0,0,2,0.21678351657630812,320,0
5551,414.5673653150727,0,0,0,0,2,0.02352429517079635,17,0
5552,1646.8539242404308,3,0,0,0,4,0.26843710228928397,1893,0
5553,922.7615564079448,3,0,0,0,5,0.05462022344005779,189,0
5554,2076.9944253481804,8,0,0,0,5,0.23294684675067445,1103,0
5555,1029.086156610924,7,0,0,0,1,0.27198556162563214,87,0
5556,256.99897816837534,1,0,0,0,3,0.4166816186455833,694,0
5557,1182.7249947516268,22,0,0,1,2,0.28269648816786297,299,0
5558,3130.237445613845,5,0,0,0,1,0.71173884339435,1023,1
5559,1065.0569960677385,22,0,0,0,1,0.9708331577584814,594,0
5560,2380.617344770328,10,0,0,0,3,0.04751116377631348,1701,0
5561,385.4727543327031,3,1,0,0,1,0.5130378605752095,195,0
5562,1068.2095484949834,13,0,0,0,3,0.2616766264361058,1826,0
5563,587.2728570207526,20,0,0,0,1,0.4627384098229802,216,0
5564,2314.5737865876076,21,0,0,0,3,0.7045932033504674,507,0
5565,1131.7173788469433,8,0,0,0,2,0.8768008055466047,194,0
5566,2186.535652230635,1,0,0,0,4,0.8866817135333299,468,0
5567,3254.2282382889225,0,0,0,0,2,0.16314911319520686,1608,0
5568,2189.916239162584,3,0,0,1,1,0.5626374530220688,1645,0
5569,1441.037233462852,11,0,0,0,1,0.28289853303102275,1532,0
5570,404.15066495207503,4,1,0,1,3,0.49782173381422357,1771,0
5571,1093.5820693975818,8,0,0,0,2,0.9199917527753949,1948,0
5572,643.4920019547326,21,0,0,0,1,0.060665635021183606,954,0
5573,777.3852488798384,3,0,0,0,1,0.5941556423632207,713,1
5574,754.0554068919705,15,0,0,0,4,0.3597190356024129,1566,0
5575,411.6092286931946,1,0,0,0,1,0.8681045791103461,1852,0
5576,154.8816707518812,15,0,1,0,2,0.21831331050297464,182,1
5577,562.1996026370687,15,0,0,0,3,0.3329870170392716,843,0
5578,1330.5922886848891,20,0,0,0,3,0.02031204184652169,1877,0
5579,284.8101889121328,23,0,0,0,3,0.42994804566274314,436,0
5580,1113.9663755140798,23,0,0,0,1,0.6332278086881963,1231,0
5581,7333.941883265145,21,0,0,0,0,0.19616050980315258,700,0
5582,3050.487080123703,10,0,0,0,1,0.6356755831373989,305,0
5583,5673.386638302047,0,0,0,0,5,0.7447146048762722,1883,1
5584,1621.533972702934,14,0,0,0,4,0.1924197029553304,1644,0
5585,3524.556257716217,23,0,0,1,3,0.7552712383852104,1453,0
5586,531.676525443171,3,0,0,0,4,0.9327679957508694,1882,0
5587,575.742051409978,17,0,0,0,1,0.22247964405766163,1077,0
5588,70.8708916239393,16,0,0,0,1,0.13499860261703267,436,0
5589,3590.854494967996,6,0,0,0,3,0.3334069816302302,192,0
5590,5117.001898483057,17,0,0,0,4,0.19071597652697758,1750,0
5591,630.6952325460751,12,0,0,0,4,0.7752462140981428,294,0
5592,850.6904327591208,19,0,0,0,3,0.1328261533693733,1863,0
5593,516.0160585968547,19,0,0,0,4,0.022533667838619986,4,0
5594,1607.8506265340116,9,0,0,0,2,0.3518094495732712,1329,0
5595,3377.640086301216,0,0,0,0,1,0.7847284706562991,451,0
5596,191.94867644638282,1,0,0,0,1,0.6512976727382567,153,0
5597,1651.4988205179618,16,1,0,0,3,0.5305353777494168,1621,0
5598,831.5806009084512,21,0,0,0,1,0.45794746035643097,1088,0
5599,1228.3098429252395,2,0,0,0,1,0.6494710760055643,627,0
5600,1735.4013680422188,16,0,0,0,3,0.49218228748057413,24,0
5601,908.5024287789273,11,1,0,0,3,0.7748596659609042,1089,1
5602,988.7219471008088,23,1,0,0,2,0.8664426085541221,52,0
5603,885.4755385973713,11,0,0,0,2,0.17362281341441899,179,0
5604,2893.772235526556,19,0,1,0,2,0.2319594255808104,1266,0
5605,1666.96512235183,9,0,0,0,1,0.5136584663741705,882,0
5606,1367.2866913440153,6,0,0,0,4,0.8657848845545262,1269,0
5607,307.6763069598144,9,0,0,0,3,0.9184093442675263,327,0
5608,751.010968452153,17,0,0,0,1,0.12582370981415059,25,0
5609,2693.6950655348237,21,0,0,0,3,0.30313570249510313,1006,0
5610,1138.7615293893982,5,0,1,0,0,0.7696135640116275,709,0
5611,2120.76355354723,6,0,1,0,1,0.9336697172617494,306,1
5612,6415.753956130534,16,1,0,0,1,0.08118750770003624,652,0
5613,3098.291375124186,11,0,0,0,1,0.46951305147827416,1252,1
5614,1203.703505557531,16,0,1,0,3,0.49568930899230745,532,0
5615,657.8722935935576,17,0,0,0,4,0.008587773717887215,182,0
5616,85.32354173579884,13,1,0,0,3,0.8543332876875261,1932,0
5617,926.6862746872464,10,0,0,0,1,0.10739312132589018,412,0
5618,791.5456113925019,1,0,0,0,2,0.8374924851405197,690,0
5619,1620.2993488476104,20,0,0,0,2,0.02097113707338738,787,1
5620,940.2020256022341,0,0,0,0,1,0.9830307339542528,1775,0
5621,796.0125408549716,10,0,0,0,2,0.5249278011362856,1526,0
5622,185.04537578052512,1,0,0,0,1,0.2988225482650553,1974,0
5623,428.3892182828603,15,0,0,0,5,0.606284815183788,358,1
5624,1766.3155411047173,21,0,0,0,3,0.28379106628070805,1086,0
5625,6099.167900683259,2,0,0,0,1,0.10772813034242257,371,0
5626,994.7332554617959,19,0,0,0,0,0.2521340643413619,775,0
5627,1522.0464752116534,0,0,0,0,5,0.840802528884418,255,1
5628,2842.6106644543083,20,0,0,0,1,0.24703440864549142,1348,0
5629,487.41019778613503,19,0,1,0,2,0.41086263768956444,855,0
5630,1582.5836994785861,7,0,0,0,3,0.5494734695180955,605,0
5631,522.9625700217816,18,0,0,0,1,0.8699905955825626,1705,0
5632,2604.0532137069968,0,1,0,0,3,0.010834615902172606,995,1
5633,1275.894841577394,4,0,0,0,1,0.8820927974037495,336,1
5634,1478.0099210688238,0,0,0,1,2,0.741129423555524,1705,0
5635,501.39860453415076,10,0,0,0,4,0.38677020209184565,338,0
5636,2223.932623251073,20,0,0,0,1,0.9920510368632964,997,0
5637,8819.433529261954,8,0,0,0,1,0.05882719924833557,1503,0
5638,400.24958081638135,4,0,0,0,2,0.7377645685772378,1964,0
5639,780.7390666013418,1,0,0,0,2,0.7198507145084061,1188,0
5640,1382.442960293455,12,0,0,0,3,0.9468532744175367,1023,0
5641,2407.6494341264283,17,1,0,0,3,0.8244272896813051,314,0
5642,626.6910742762169,11,0,0,0,1,0.5755866899280202,139,0
5643,64.51964234083958,13,0,0,0,4,0.23243814140933128,1431,0
5644,4269.233125381607,4,0,0,0,1,0.5098074396597039,1367,0
5645,2346.0917078021484,23,0,0,0,1,0.10270756155306537,268,0
5646,191.9149815460595,9,0,0,0,1,0.4885758664646407,1475,0
5647,597.3069935173498,19,0,0,1,3,0.19394790350920676,1364,1
5648,5261.557841810331,1,0,0,0,2,0.934582809362944,1495,0
5649,4664.782173733727,3,0,0,0,0,0.4066135951211386,1315,0
5650,2803.5451566611823,11,0,0,0,0,0.14948251978874127,1633,0
5651,919.5528929963436,10,0,0,1,1,0.02374260903194514,507,0
5652,1191.5227844069736,3,0,0,0,2,0.3304531782306246,1986,0
5653,962.0574756451583,10,0,0,0,1,0.057821359326050814,1024,0
5654,3388.8292382240293,8,0,1,0,1,0.4593123054270144,428,0
5655,456.7597737537842,9,0,0,0,0,0.04704734736014948,1205,0
5656,489.89953776549123,5,1,0,0,2,0.8332784772933909,1259,1
5657,3011.743984604763,14,0,0,0,1,0.465652952390351,1829,0
5658,1049.0481880674338,9,0,0,0,2,0.7928321118307362,1304,0
5659,4352.333231984372,21,1,0,0,3,0.36407275248552773,1023,0
5660,560.3086502293081,20,0,0,1,2,0.7678716778730436,723,0
5661,1038.1770729226441,5,0,0,0,3,0.40530743892439847,1753,0
5662,435.9759211727785,0,0,0,0,3,0.6713798948412556,133,0
5663,1104.7371158318313,20,0,0,0,0,0.713243394929919,1226,0
5664,249.99803629245093,21,0,0,0,3,0.6024805806053543,925,0
5665,673.4182307457567,23,0,0,0,2,0.05519078950610601,1331,0
5666,260.79799315677684,19,0,0,0,2,0.36705886011566824,367,0
5667,2194.9690675799156,20,0,0,0,2,0.7767370434266827,1608,0
5668,2245.2885899117173,3,0,0,0,0,0.9246866476255147,1298,1
5669,194.36489015483278,22,0,0,0,1,0.6604831026451359,376,0
5670,4162.56081961375,21,1,0,0,1,0.9673461205274364,1657,0
5671,13325.238218295259,13,1,0,0,1,0.274356676912324,1384,1
5672,1148.2638520323776,19,0,1,0,2,0.1363479715873609,157,0
5673,577.6023983138156,21,0,0,0,0,0.3279016986816625,1274,0
5674,18477.897942081454,19,0,0,0,6,0.6781095489132647,333,0
5675,293.2517636588686,7,0,0,0,3,0.3904967760701591,1313,0
5676,1118.9057377959243,10,0,0,0,3,0.6591287839176876,1065,0
5677,1312.4124305144956,14,0,0,0,3,0.701955601202835,769,0
5678,4209.704021201609,18,0,0,0,8,0.6139643085085869,1087,0
5679,1571.426328061249,7,0,1,0,2,0.7788501721003167,489,0
5680,666.0509067704631,12,0,0,0,3,0.2331412186400137,634,0
5681,423.61102047215104,17,0,0,0,1,0.10969904328012081,594,0
5682,779.1302081757435,21,0,0,0,4,0.04825602595361611,1104,0
5683,400.6437542480337,23,0,0,0,1,0.9760975768150021,24,0
5684,1150.3543677787695,16,0,0,0,2,0.7178207552515058,1630,0
5685,623.7837913700564,5,0,0,0,1,0.23843908717727313,1961,1
5686,246.15519394435887,14,0,1,0,1,0.4769318528031603,511,0
5687,3847.3727370463143,12,1,0,0,1,0.06223788359800109,1590,0
5688,666.6915375952361,17,0,0,0,1,0.664723469369177,1030,0
5689,308.5436100751532,10,0,0,1,1,0.9671074997627828,739,1
5690,926.8028480183627,12,0,0,0,0,0.7058260964584435,1466,0
5691,1174.234313370134,0,0,0,0,2,0.6225745628543528,1272,0
5692,191.24078230000447,17,1,0,0,3,0.9221975941235266,1170,0
5693,1527.8971650866933,4,0,0,0,0,0.5123915737561022,837,1
5694,384.8456832885325,5,1,0,0,0,0.7451298753523724,743,0
5695,6069.483617548965,0,0,0,0,0,0.9327915646096949,1867,1
5696,1851.8872108390108,6,0,0,0,1,0.6468794715150687,1582,0
5697,735.1687097078163,3,0,0,0,3,0.5260360427139588,369,0
5698,520.5220392837655,8,1,0,0,6,0.5804432343983311,1144,0
5699,987.3576084823195,14,1,0,0,2,0.7694497145864141,1891,0
5700,2023.9184570627344,5,0,0,0,4,0.0518798669324384,1454,0
5701,1069.02882104516,16,0,0,0,0,0.3281202747351665,1674,0
5702,882.5727245755068,19,0,0,1,0,0.05146202768425023,338,1
5703,1162.549004309638,17,0,0,0,2,0.7862233311872433,1815,0
5704,599.5270346396874,21,0,0,0,2,0.9148553727650612,37,1
5705,778.052554880322,3,0,0,0,4,0.39950109967012226,88,0
5706,136.21132786814732,8,0,0,0,4,0.2520779458991603,160,1
5707,2903.6569269185047,13,0,0,0,3,0.04058382531285443,673,0
5708,1478.5213512158834,2,0,0,0,1,0.006835677827332964,1769,0
5709,506.00378827380763,0,0,0,0,2,0.5452870869606798,1964,1
5710,7322.704320029675,10,1,1,0,4,0.3334219209347381,72,0
5711,1196.3331872764618,0,0,0,0,5,0.9641047575263781,173,1
5712,389.107800768339,11,0,0,0,7,0.8174517765821875,655,0
5713,2583.079114303203,8,0,0,0,2,0.4509074533501395,1510,0
5714,1632.7944566756603,4,0,0,0,1,0.19862660398756293,679,0
5715,1627.1413570777895,14,0,0,0,1,0.38278162817277606,1056,0
5716,716.4041015176921,17,0,0,0,2,0.07163094772601075,747,0
5717,1720.7159337883343,8,0,0,0,3,0.6227197131815536,360,0
5718,844.0753009733535,12,0,0,0,1,0.865118531075482,1823,0
5719,1912.0695178257138,12,1,0,0,1,0.4354133812854727,1897,1
5720,163.2129101951804,23,0,0,0,2,0.48035692324494195,1988,0
5721,710.6119761510373,12,0,1,0,1,0.9378492646128676,1422,0
5722,6137.391524975617,9,0,0,0,0,0.3095831746501744,1038,0
5723,509.2466845349931,9,0,0,0,2,0.10168830026330522,1331,0
5724,599.5394052545277,21,0,0,0,2,0.06897131069660267,1578,0
5725,700.6711500937319,6,0,1,0,4,0.7682135852773964,362,0
5726,325.44512612754926,21,1,0,0,4,0.21834393545093234,1613,1
5727,120.50837152713031,4,0,0,0,2,0.9989488172721882,1586,0
5728,870.8011077593128,19,0,0,0,1,0.9631454125528676,1567,0
5729,1256.2161473756805,6,0,0,0,2,0.8537772890898153,18,0
5730,1040.5398369581656,19,0,0,0,2,0.5038879584718566,724,0
5731,948.7273340092358,9,0,0,0,2,0.5077544595742206,1048,0
5732,1144.8637014300466,9,0,0,0,3,0.9321523673005311,784,0
5733,3049.8310406254395,20,0,1,0,1,0.2973256720947922,139,0
5734,906.4662642112446,23,0,0,0,5,0.4866945667354232,918,1
5735,617.647201390898,12,0,0,0,2,0.40259119690904355,51,0
5736,827.8852146387328,14,0,0,0,0,0.3585739108976499,676,0
5737,1957.3499279311775,5,0,0,0,2,0.8918383117219105,1744,0
5738,4500.873997395391,19,0,0,0,2,0.7244057907245104,451,0
5739,585.1429994301857,11,0,0,0,1,0.9444605330479815,14,1
5740,1210.6755481206235,18,0,0,0,7,0.07207569931212432,1891,1
5741,1538.1834818403586,10,0,0,1,1,0.8272611243970496,1005,1
5742,406.4341784607392,5,0,0,0,1,0.3280419010367349,1897,0
5743,1119.2534362055706,0,0,0,0,1,0.5909593385022903,763,0
5744,253.23708446009982,1,0,0,0,0,0.7036232981452353,1363,1
5745,186.97028421021272,22,0,0,0,3,0.141556270276042,1931,0
5746,1582.4766644275423,14,0,0,0,3,0.7484718642273455,1122,0
5747,747.0448762796154,3,0,0,0,2,0.34070038731265084,892,0
5748,1342.4886978598581,4,0,0,0,2,0.2785531629429988,1261,0
5749,1077.1834780914974,14,0,0,1,2,0.471540584489081,1934,0
5750,413.0629288026885,10,1,0,0,2,0.7829381105956437,194,1
5751,1048.111967126895,9,0,0,0,0,0.4090291472449804,1516,0
5752,319.5451872581759,16,1,0,0,1,0.5452156410812445,365,0
5753,4407.1008913083915,1,0,0,0,2,0.2384863706760767,1870,0
5754,282.5992044509233,19,0,0,1,1,0.31789776179956175,888,0
5755,901.6394605648712,23,0,0,1,2,0.9414477789200928,538,1
5756,386.7306330116402,9,0,0,0,0,0.9190085822659795,589,0
5757,1939.9571678014795,19,0,0,0,2,0.8875947704525536,1043,0
5758,787.2679248925521,2,0,0,0,2,0.38847602457042685,1102,0
5759,652.8407860826983,18,0,0,0,4,0.02934679817552921,1322,0
5760,2573.9617941325196,4,0,1,1,1,0.9190494284047513,1130,0
5761,1129.3873445101044,2,0,0,0,1,0.4007515795246481,985,0
5762,1838.3881218445435,7,0,0,0,2,0.803573115891373,779,0
5763,411.0332302766687,4,1,0,0,1,0.5156770524768233,675,0
5764,269.12691089869537,11,0,0,1,3,0.8933923448327838,682,1
5765,1220.73444664341,13,0,0,0,0,0.1169343115622008,354,0
5766,797.2383112965764,6,1,0,0,0,0.8297709097071746,808,0
5767,2051.721903413234,10,0,0,0,1,0.8674064020198984,1654,1
5768,1012.4126739772761,7,0,0,0,5,0.2900759864791569,4,1
5769,1346.2461103716962,4,0,0,0,2,0.6252414178469694,432,0
5770,216.28943121288745,7,0,0,0,2,0.055020248121353976,865,0
5771,7247.681761015857,11,1,0,0,1,0.31341227721712894,1418,0
5772,930.5334417340351,14,0,0,0,0,0.37263385243266545,1638,0
5773,2203.0256068005133,18,0,0,0,1,0.09485690333883756,685,0
5774,475.2820084105704,15,0,0,0,4,0.4333319523555038,87,0
5775,1492.204599235975,13,0,0,0,1,0.6479341995939637,1544,0
5776,298.0184020591729,6,0,0,0,1,0.649212530340572,359,0
5777,1723.4232237539065,7,0,0,0,2,0.46995260891009893,76,0
5778,768.1814095563028,6,0,0,0,2,0.12342793632494464,1042,0
5779,1129.1162250002733,17,0,0,0,2,0.07876330265255416,1091,0
5780,2203.8784744759714,23,0,0,0,1,0.8224573788295703,1137,1
5781,319.7245004173963,5,0,1,0,8,0.5595716620986437,644,0
5782,553.0831043730739,18,0,0,0,2,0.7498972888618898,1557,1
5783,1732.506150425257,3,0,0,0,0,0.03303788002110897,956,0
5784,8939.37964255461,22,0,0,0,3,0.4414984184978522,585,0
5785,955.1970605677355,2,1,0,0,2,0.903789677745364,1265,0
5786,1980.5623884397537,16,0,0,0,2,0.708075380184469,556,0
5787,985.381159363312,21,0,0,1,2,0.7663467467414066,573,0
5788,7648.35288705272,18,0,0,0,1,0.4710882906511574,1628,0
5789,191.09646120255172,14,0,0,0,3,0.7450257309590922,1151,0
5790,1205.4654593613716,5,0,0,0,2,0.6721648822219097,1743,1
5791,215.82242572302937,11,0,0,0,4,0.13370991872806404,987,0
5792,89.42751684107243,18,0,0,0,5,0.09113151655340312,1399,1
5793,1476.547768403009,5,0,0,0,0,0.17656288653211039,1604,0
5794,1260.79505394658,10,0,0,1,1,0.07952607588889293,120,0
5795,824.8182526589648,19,0,0,0,1,0.5779590818314142,794,0
5796,986.1474726099897,19,1,0,0,2,0.9652229302656236,578,0
5797,24301.647711106303,9,0,0,0,1,0.7735178445525913,1365,0
5798,847.1051762466757,15,0,0,0,2,0.7452580465470355,530,0
5799,1826.4406671381366,17,0,1,0,0,0.8300775236913426,1536,0
5800,572.8564606653601,13,0,0,0,0,0.9011909846488296,1090,1
5801,1473.2595044416496,3,0,0,0,2,0.3040016374481517,1159,0
5802,864.1672486907256,11,1,1,0,4,0.09020170619923196,1662,0
5803,727.4036258924605,19,0,0,0,4,0.7513482222638392,1428,0
5804,6760.813703953023,22,0,0,0,1,0.42683458941240016,1196,0
5805,3558.8223308771485,20,0,0,0,4,0.9453757524316388,889,0
5806,1257.3311862046262,7,0,0,0,2,0.9334586741366252,976,1
5807,109.48505589039095,6,0,0,0,3,0.9740876627489197,1486,0
5808,764.3232308683175,8,0,0,0,2,0.7748436886233798,1632,0
5809,16367.084665060176,23,0,0,0,1,0.612869437552089,591,0
5810,870.7355666670462,16,0,0,0,6,0.76694915438093,826,0
5811,3305.0853354344827,9,0,0,0,2,0.2752426872503959,50,0
5812,4637.554236050813,2,1,0,0,3,0.0021996442646824432,1694,0
5813,1365.0739962489733,20,0,0,0,2,0.4609969292082404,894,0
5814,472.56644818798134,7,0,0,1,3,0.6396957901961513,1712,1
5815,96.03259530029065,13,0,0,0,1,0.8389232318705504,327,0
5816,2173.6503205023514,6,0,0,0,1,0.05078058189766532,1048,0
5817,485.5314174520744,15,0,1,0,3,0.0457343550046071,465,0
5818,1307.863870275,17,0,0,0,2,0.9367146704338196,1361,1
5819,314.24711297974426,10,1,1,0,1,0.2013010444836313,1127,0
5820,841.1436546950408,5,0,0,0,1,0.6882702502596171,1029,0
5821,1134.2410806979735,19,0,0,0,3,0.146913300714837,439,0
5822,1434.531481341457,20,0,0,0,0,0.901160215226132,1793,0
5823,359.66671560203923,13,0,0,0,2,0.7480280626428364,1785,0
5824,3629.7205788087667,20,0,0,0,3,0.05446027132576792,1970,0
5825,603.7168008821903,12,0,0,0,1,0.2722023689078069,1323,0
5826,205.51736663672938,3,0,0,0,3,0.9698034616301872,1749,0
5827,983.3612794450378,19,1,0,0,2,0.8462323054429517,125,0
5828,1134.9856753813312,19,0,0,0,0,0.047661847633648,158,0
5829,1287.6697044994403,10,0,0,0,2,0.30730479229080065,324,0
5830,4281.815597651515,17,0,0,0,1,0.3289255808501732,709,0
5831,865.711024796417,0,1,1,0,0,0.4797244011814805,1833,0
5832,972.9963935288866,11,0,0,0,1,0.27590821728193937,1405,0
5833,363.8768982320709,17,0,0,0,1,0.8293780850265605,1429,0
5834,2491.283959359279,6,1,0,0,2,0.47082172943022815,1812,0
5835,1318.5778706478898,11,0,0,0,2,0.012550335579192051,1428,0
5836,720.5193509201958,0,0,0,0,4,0.38952181194300073,293,0
5837,163.25694453791147,21,0,0,0,1,0.592966915338375,1530,0
5838,4649.022191424533,3,0,0,0,2,0.6592528021210076,1361,0
5839,321.28225490537073,17,0,0,0,3,0.09634440330779726,1865,0
5840,607.1172834686662,14,1,0,0,1,0.49730242945581693,497,0
5841,1569.2365576711945,2,1,0,0,2,0.4303710379208894,1175,0
5842,331.43843349038167,6,0,0,1,2,0.17597637819657996,212,0
5843,246.28520190815993,5,0,0,0,1,0.18021905051747467,383,0
5844,131.11206523319342,14,0,0,0,3,0.9730463860478201,777,0
5845,2255.206795166286,14,0,0,0,1,0.41351552809477143,1242,0
5846,635.7553091522669,5,0,0,0,1,0.6402893952011861,1105,0
5847,20481.3519974157,7,0,0,0,2,0.20621604591444764,1748,0
5848,405.71256235287353,7,0,0,0,1,0.9564712718589548,1399,0
5849,436.3955149709952,21,0,0,0,2,0.9467723275725627,1247,1
5850,623.0376994482143,0,1,0,0,1,0.7934985652600286,1746,0
5851,1398.4708310855158,12,0,0,0,2,0.4361619316271501,213,0
5852,685.2588576205331,22,0,0,0,1,0.4152035300139031,1115,0
5853,2022.9906473583521,23,1,0,0,4,0.8897966481566165,319,0
5854,412.15999445043536,20,1,0,0,2,0.868710833598548,26,1
5855,275.4505943164347,12,0,0,0,4,0.9245826161081472,1260,1
5856,181.5961491081741,10,0,1,0,2,0.27319054883512817,295,0
5857,118.67941094991866,3,0,0,1,0,0.6621657197761082,1167,0
5858,653.2311057513964,6,0,0,0,3,0.6717557670545157,1214,0
5859,811.6098039073082,11,0,0,0,3,0.36000411944255784,1786,0
5860,583.2191245043668,12,1,0,0,3,0.09455288329534273,1082,0
5861,3802.4687171654277,21,1,0,0,1,0.10438982988509393,620,0
5862,3744.4506999331693,11,0,0,0,2,0.8428946210259065,1055,0
5863,784.6180293579695,15,0,0,0,3,0.34174170139757554,211,0
5864,182.37753137620038,5,0,0,0,2,0.8903932515231439,1128,0
5865,622.2207242600682,13,0,0,0,2,0.2862844682968092,1645,0
5866,601.9525406568724,18,0,0,1,2,0.2026594414802101,1732,0
5867,568.4225326746409,15,1,0,0,4,0.392870086798887,629,0
5868,545.8155488777344,3,0,0,0,4,0.7239781139237259,1317,0
5869,570.5136550655482,4,0,0,0,1,0.6201889792227907,1086,0
5870,745.0552555124043,8,0,0,0,4,0.1501824120023899,1472,0
5871,580.8304565995059,23,0,0,0,2,0.9811300331874484,1071,0
5872,1350.6247047053814,2,1,0,0,2,0.9784166960972853,711,1
5873,1572.4162309581623,21,0,0,0,3,0.271895500499997,1080,0
5874,441.13674767781293,9,0,0,0,1,0.5300847792259229,1264,0
5875,3909.11125255996,16,1,0,0,2,0.22761416004080115,785,0
5876,411.55295442135315,18,0,0,0,2,0.9921854960004624,1418,0
5877,217.50011650519468,9,0,0,0,2,0.34830375730035357,1835,0
5878,1604.8379606407266,11,0,0,0,2,0.901961633133305,1213,0
5879,484.24543029888684,22,0,0,0,4,0.4290393000464403,1166,0
5880,1512.1556140023736,6,0,0,0,0,0.7162176134972957,887,0
5881,99.12001601567036,17,0,0,0,2,0.9054080026884936,1746,0
5882,4413.64404585064,18,0,0,0,1,0.6212041429272819,1137,0
5883,2148.0020457811916,14,0,0,1,3,0.23088777758237755,393,0
5884,244.57535230895283,6,1,0,0,3,0.7975667745335893,208,0
5885,249.94049665528698,11,0,0,0,2,0.9089004029955824,1097,1
5886,5838.7143386658145,21,1,0,0,2,0.08911406411448464,1291,1
5887,524.5916217166425,6,0,0,0,3,0.3733499865854092,667,0
5888,476.189150961185,9,0,0,0,1,0.9926220064266476,1758,0
5889,113.74372663523192,23,0,1,0,4,0.6518707166713475,1166,0
5890,772.1831743841595,21,0,0,0,2,0.17416749265835507,782,1
5891,873.3010879094021,19,0,1,0,3,0.8430668705554075,797,1
5892,2242.8285566775826,9,0,1,0,3,0.4711105116987999,139,1
5893,270.67573965253996,22,0,0,0,3,0.8618465626899945,1423,0
5894,239.77793106237226,4,1,0,1,3,0.7635068563822451,1196,0
5895,1721.519542575306,17,0,0,0,0,0.7220936251236131,1038,0
5896,3001.087707867538,8,0,0,0,0,0.270232112727709,475,1
5897,227.8864888090115,15,0,0,0,1,0.5584435160631652,1663,0
5898,3234.1262777554507,6,0,1,0,0,0.8552868379310148,1027,0
5899,1138.5853405850303,9,1,0,0,1,0.8542311876819655,1676,1
5900,3267.581340772888,4,0,1,0,3,0.17055237302488213,1338,1
5901,1022.2686861214524,6,0,0,0,4,0.40111956760052003,782,0
5902,88.03391011880115,4,0,0,0,4,0.459855768299413,1321,0
5903,942.0257575595012,14,0,0,0,3,0.4808761640114467,785,0
5904,3165.745394915201,18,0,0,0,1,0.45785561361835747,721,0
5905,448.6548935295033,9,0,1,0,7,0.09595189234560975,1776,0
5906,743.9955332304438,7,0,0,0,1,0.903518065283552,866,1
5907,919.5335185969853,23,0,0,0,1,0.781458924132984,1246,0
5908,60.36962735665068,8,0,0,0,2,0.43131406860916155,599,0
5909,5833.354941171573,10,0,0,0,0,0.9513060993857559,1444,0
5910,445.24483420965936,21,1,0,1,2,0.5413941210674574,1817,1
5911,1818.442114512514,1,1,0,0,1,0.05793945564542646,246,0
5912,1005.5589789692775,2,1,0,0,0,0.44315369117324066,800,1
5913,3856.9000978627473,12,1,0,0,1,0.20639345188664282,407,0
5914,1645.9222138385487,10,0,0,0,2,0.9981610905986509,937,0
5915,867.031864308115,9,0,0,0,2,0.12400061362504755,464,0
5916,448.75851182633085,14,0,0,0,1,0.3062077119040758,1248,0
5917,2435.362028292325,5,1,0,0,1,0.6782704152025956,299,1
5918,168.4364784199024,0,0,0,0,3,0.22336799478090374,1994,0
5919,2092.0305331533546,13,0,0,0,1,0.11223176179108241,1081,0
5920,365.3863359402349,17,1,0,0,0,0.38591353054152866,674,1
5921,3836.376813263016,23,0,0,0,1,0.8954584170404466,1663,0
5922,1288.5844157119145,10,0,1,0,1,0.5771796895453701,1185,0
5923,2088.337905092714,7,0,0,1,4,0.745714355362453,1337,0
5924,1190.3335177140536,21,0,0,0,2,0.28501495182322545,1017,0
5925,190.11381228657655,2,0,0,0,1,0.8929291846631107,1948,0
5926,463.7153233157799,13,0,1,0,2,0.560769479247679,51,0
5927,2148.2081125797,1,0,0,0,0,0.35388803909390787,1212,0
5928,1295.5049453963131,15,0,0,0,2,0.6551004938650036,135,0
5929,3572.3892381467113,5,0,1,0,0,0.406948902770374,1000,0
5930,1641.3503448582294,0,0,1,1,0,0.2772391480035833,130,0
5931,417.08836644843296,13,1,0,0,1,0.7667733432231784,675,0
5932,494.69225506003653,9,0,0,0,4,0.10774019880757202,48,0
5933,1215.5080183968084,5,1,0,0,1,0.6639075624972128,1287,0
5934,108.41385928328849,8,0,0,0,1,0.5253964788765882,461,0
5935,5845.584597717615,6,0,0,0,2,0.5135663112621216,1276,0
5936,1705.7270760374047,1,0,0,0,2,0.34250000258429647,1091,1
5937,3740.7245330058636,10,0,0,0,1,0.2750175479656536,1753,0
5938,225.74274606780722,13,0,0,0,3,0.6902953909605594,1351,0
5939,3806.879715824553,4,0,0,0,2,0.8108656211304346,446,0
5940,10213.839680477322,8,0,0,0,1,0.3862460616124803,1529,0
5941,292.6922291888558,6,1,0,0,3,0.14420791222592044,695,0
5942,2371.7937274821466,13,0,0,0,4,0.021495957611159966,236,0
5943,1097.8510363400917,15,1,0,0,2,0.579750085332357,347,0
5944,234.05734554179406,21,0,0,0,2,0.2500259588227992,1686,0
5945,1795.2220030458145,15,0,0,0,1,0.4128945508668014,156,0
5946,2524.0075245000567,6,0,0,0,1,0.557276055483253,1797,0
5947,601.1674095021256,9,0,0,0,3,0.7235748388206967,1090,0
5948,3518.945043972599,20,0,1,0,2,0.42354237867282296,48,0
5949,207.10721234358212,5,0,0,0,3,0.7025345191204477,1464,0
5950,245.97843107964727,16,0,0,0,1,0.913551770099884,420,0
5951,1257.1435412522367,0,0,0,1,2,0.2773477042390856,1560,0
5952,1124.8278469236727,1,0,0,0,4,0.6969396082810382,1696,0
5953,535.620834044851,13,0,0,1,0,0.30397928899594784,1878,0
5954,2464.1308697640256,3,1,1,0,0,0.06797085120188784,1002,1
5955,1864.772450570262,8,1,0,0,1,0.08275237536734337,454,0
5956,2586.702224330035,22,0,0,0,2,0.7023623158759893,1011,0
5957,969.5805590678713,5,0,0,0,5,0.14928775019932572,1623,1
5958,2003.3584334886923,16,0,0,0,2,0.9965272823786506,1966,0
5959,702.2922984835013,20,0,0,1,1,0.5435949755034695,462,1
5960,8551.129770367595,10,0,0,0,3,0.31249336647039283,55,0
5961,486.6057416844874,3,0,1,0,3,0.6052483938106251,373,0
5962,9002.858612144799,20,0,0,0,2,0.09010666430380598,1423,0
5963,1135.567661400781,8,0,0,0,1,0.05282092052361442,1660,0
5964,277.1306651842715,15,1,1,0,3,0.5370834580362265,1963,0
5965,4307.355193271735,2,0,0,0,3,0.17933425397409175,1983,0
5966,1243.7687806699746,3,0,0,0,0,0.07255389258055622,62,0
5967,2568.6200762593517,23,0,1,0,0,0.6279284681485064,710,0
5968,3728.852850461908,2,0,0,0,1,0.44893174185682505,662,0
5969,1537.565428881077,12,0,0,0,2,0.4970798429222789,492,0
5970,606.533010754395,18,0,0,0,3,0.7643380286230715,1496,0
5971,2909.4326562486503,20,0,0,0,2,0.6880764274839287,1614,0
5972,1097.4619860078913,0,0,0,0,5,0.8054858130696412,1049,0
5973,2177.336932873669,22,0,0,0,0,0.08842944349260418,1499,0
5974,127.26473268427925,22,0,1,0,2,0.08225102880743762,1469,0
5975,1714.679937827372,5,0,0,0,3,0.5771042027633071,1702,0
5976,579.0646763382814,21,0,0,0,0,0.9228967482791741,435,1
5977,5729.076555820557,2,0,0,0,1,0.7461720012686066,846,1
5978,2044.8656058142158,2,0,0,1,3,0.7013465366047503,1109,1
5979,1393.895669317574,15,0,0,0,2,0.35400530351970005,1489,0
5980,1783.458959553402,9,0,0,0,3,0.5691404370862966,1486,0
5981,404.05828894604883,16,0,1,0,3,0.6961539159964447,1633,0
5982,5559.462392248719,6,0,0,0,2,0.5053898703387893,746,0
5983,8033.4585547463,12,0,1,0,2,0.2306267185209847,442,0
5984,1624.4320249329583,10,0,0,0,2,0.6789075956993895,1009,0
5985,5379.784349269971,9,0,1,0,2,0.5152273456706482,1289,0
5986,620.7024380571964,6,0,0,0,0,0.24994725655008154,234,0
5987,494.1733832137692,23,0,0,0,1,0.5277772038135268,1914,0
5988,1142.4435915525112,5,0,0,0,1,0.3428731935800612,1419,0
5989,1694.1578257377503,23,0,0,0,3,0.06673784735876276,817,0
5990,739.5288681336087,0,0,0,0,3,0.4723421848093585,1516,0
5991,1877.6348219764432,16,1,0,0,2,0.9688168765320125,221,0
5992,1489.7885588734111,11,0,0,0,4,0.24916283861664368,965,0
5993,404.11246773789765,3,0,1,0,1,0.4410090969874594,856,1
5994,1842.342276568994,2,0,0,0,1,0.8214512537654493,1077,0
5995,2600.680037048328,5,0,0,0,1,0.9498245651684936,1221,1
5996,1301.755891144635,15,0,0,0,2,0.05588544085933467,1930,0
5997,3472.562604993102,12,0,1,0,1,0.749682176660289,258,1
5998,324.60082819281865,8,0,0,0,3,0.3218906104181568,1367,0
5999,1751.014165377643,10,1,0,0,7,0.10734657515966994,1568,0
6000,340.2631516215459,19,0,0,1,2,0.7557325394352467,1473,0
6001,359.9332659001305,20,0,0,0,1,0.47097372518279557,1120,0
6002,583.5144211097269,12,0,0,0,0,0.20708617427050546,1682,0
6003,427.4938132856888,22,0,0,0,1,0.7174336426555791,1808,0
6004,633.9716144403783,18,1,0,0,2,0.22109542035297092,784,0
6005,885.2319395764732,2,0,0,0,3,0.6292384454441929,421,0
6006,2532.986920456922,11,0,0,0,1,0.33426276459153226,311,0
6007,795.3966820122911,18,0,0,0,3,0.22692953605277022,1595,0
6008,224.61196047644452,7,0,0,0,2,0.039696994432081634,1079,0
6009,3429.1505159399026,13,0,0,0,1,0.15642768732186674,216,0
6010,474.8076935550892,21,0,0,0,5,0.9346120667082658,694,1
6011,1034.092565576187,8,0,0,0,0,0.45062527212010295,1363,0
6012,1713.9167149635578,23,0,0,0,1,0.8450045482730829,252,0
6013,1338.9090484499268,16,0,0,1,3,0.7605392613378461,1320,0
6014,3275.348476744243,5,0,0,0,3,0.6921238425659302,1153,0
6015,1770.474986270836,3,0,0,0,1,0.7368836589861198,1803,1
6016,463.4462534765611,3,1,0,0,3,0.16765706343656273,243,0
6017,9687.214226162583,18,1,0,0,2,0.2466218573805704,232,0
6018,1331.8622946195292,11,0,0,0,2,0.7784871206051936,1107,0
6019,946.3947576345488,1,0,0,0,1,0.667915122405217,1157,0
6020,2875.3377455814134,16,0,0,0,1,0.8116366612749992,21,0
6021,1407.3319347119705,14,1,0,0,3,0.6857759150436579,567,0
6022,1634.7222528029952,9,1,0,0,2,0.7855335481305302,916,0
6023,13255.714197017327,2,0,0,0,6,0.5827455023254327,1402,1
6024,832.8708363535553,19,0,0,1,1,0.8169284557756308,978,1
6025,798.1041526054247,3,0,0,0,4,0.32359010584984627,535,0
6026,1232.2271622162757,21,1,0,0,0,0.06794421735118195,979,0
6027,3201.9521049202667,0,0,1,0,1,0.20130208182366238,266,0
6028,243.09831981712327,0,0,0,0,3,0.1517381505337877,1022,0
6029,153.61417606173296,17,1,0,1,4,0.47235463759815877,498,1
6030,609.6498216003284,3,0,0,0,1,0.9044786957492988,944,1
6031,214.0216206387404,22,0,1,0,3,0.3109277452642065,869,0
6032,717.0665492024197,21,0,0,1,0,0.517046779182461,1197,0
6033,1812.5676245498428,14,0,0,0,3,0.81507264267605,34,0
6034,450.0015991603583,22,0,0,0,2,0.871096865424398,445,0
6035,263.268236539489,20,0,0,0,2,0.27821187867539765,1856,0
6036,1175.368696619597,21,0,0,0,2,0.5233042357598354,1533,0
6037,2598.1202574084346,9,0,0,0,3,0.2563524411435665,1963,0
6038,201.34635040041195,16,0,0,0,1,0.41946751132958093,364,0
6039,2490.484125087181,21,1,0,0,1,0.3923150126491104,1365,0
6040,2483.2071361048293,11,0,0,0,2,0.06406548706054649,64,0
6041,2847.1822561928393,19,0,0,0,3,0.02734136540669374,680,0
6042,3708.861424638977,11,1,1,0,2,0.6179144124116921,1068,0
6043,9917.08121534116,15,0,0,0,3,0.17179996135530418,111,0
6044,768.0907969699766,4,0,0,0,3,0.14835242452505615,975,0
6045,1223.6232092215516,15,0,0,0,1,0.3581670988028105,918,0
6046,723.1101535313253,16,0,0,1,2,0.2314371130123788,1681,0
6047,1098.8031761241102,22,0,0,1,1,0.7454760632386237,298,1
6048,5079.018715311786,14,0,0,0,2,0.6492735077151803,519,0
6049,285.71234445875547,12,0,0,0,2,0.9623767573191759,1984,0
6050,463.566722303,7,0,0,0,1,0.4020210938212465,244,0
6051,4346.737907778489,20,0,0,0,2,0.02653178906296627,896,0
6052,3041.2883589331573,1,0,0,0,1,0.8468492428716727,1204,1
6053,762.7027335314068,7,0,0,0,2,0.1227027662018837,1945,0
6054,2577.0535775939,9,0,0,1,3,0.26879647539134643,186,0
6055,1542.5865161801983,6,0,0,0,0,0.6303997039857683,1814,0
6056,4916.118665389031,9,0,0,0,1,0.46159477050827336,1482,0
6057,1181.4639614912162,3,0,0,0,1,0.6918808893710764,695,0
6058,3058.3539148173945,10,1,0,0,1,0.19378672570513544,818,0
6059,15398.292574859466,8,0,0,0,4,0.5854861067941047,686,0
6060,1994.401242188729,3,0,0,0,2,0.4540399229530929,1808,0
6061,1152.084472965869,2,0,0,0,4,0.5872611861199668,1869,0
6062,2258.4792899352487,10,0,1,0,0,0.8819935862298187,171,1
6063,761.0652843742357,2,0,0,0,1,0.5334563515355121,1699,0
6064,11943.801328807667,17,0,0,0,2,0.7409357169964221,637,0
6065,1313.0015275361407,18,1,0,0,1,0.7440839344417189,1338,1
6066,834.6952429896397,13,0,0,0,2,0.6620676063709966,1694,0
6067,475.473426471458,23,1,0,0,1,0.4834087657264021,433,0
6068,3285.322802218312,10,0,0,0,2,0.003376975227808665,1861,0
6069,2610.2138004100534,23,0,0,0,1,0.12115828139242368,1575,0
6070,666.9036805963419,1,0,0,0,3,0.5431024283363962,1853,0
6071,1951.690785041449,1,0,0,0,2,0.0438356248428029,1478,0
6072,242.6072866676751,1,0,0,0,3,0.04528367879775397,102,0
6073,1319.4504129735087,9,0,0,0,1,0.1261249101068852,1408,0
6074,1724.610233045298,22,0,0,0,0,0.23313767265038887,870,0
6075,6047.074071886165,14,0,0,0,5,0.9996285749898756,724,0
6076,507.33990208321626,21,0,1,0,6,0.12032825384489243,679,1
6077,305.40762850264775,11,1,0,0,2,0.27120098509697876,390,1
6078,447.9009163423946,10,0,0,0,1,0.6828625836041434,1797,0
6079,288.1356855829231,16,0,1,0,0,0.676670344577083,1783,0
6080,4174.113827040583,17,0,0,0,3,0.8747801658629343,1927,0
6081,5159.728779718091,13,1,0,0,3,0.6106713545101011,79,0
6082,1510.5310820627235,16,1,0,0,2,0.26580657574075073,82,0
6083,3719.315577084177,14,0,0,0,2,0.2392169716960454,1765,0
6084,1253.8302943560534,11,1,1,0,0,0.829901092096555,235,0
6085,997.1371790268726,15,0,0,0,1,0.09778078675207291,1691,0
6086,786.0043925866607,22,0,0,0,2,0.48086825536343847,919,0
6087,804.0078305506808,5,0,0,0,5,0.4828265901567754,221,1
6088,233.27043451954933,1,0,0,0,1,0.7390089843218564,1496,0
6089,1428.3207943979357,1,0,0,0,1,0.9954944113059643,217,0
6090,1053.2817969671394,15,0,0,0,2,0.4962843367548798,724,0
6091,2310.8269444796924,1,0,1,0,0,0.7754095093200237,1454,0
6092,1204.1431286728161,7,0,0,0,4,0.8515237693310704,1557,0
6093,931.9659674720091,6,0,0,0,1,0.034086291614839004,1576,0
6094,458.8883663861415,0,0,0,0,2,0.6357507101103117,104,0
6095,1178.6832880257093,3,0,0,0,5,0.8843710514232863,706,1
6096,2294.424275823104,10,0,0,0,1,0.7204431606255062,816,1
6097,349.555032143391,19,0,0,0,0,0.7734759965104426,433,1
6098,1196.880363581993,6,1,0,0,2,0.810940151826662,1914,1
6099,1384.4288508758489,17,0,0,0,1,0.01941434079205362,682,0
6100,534.822660573205,3,0,0,0,1,0.9288620377732729,1710,0
6101,609.1982175266564,16,0,0,1,3,0.9062303202440737,620,1
6102,1381.0658688587162,10,0,0,0,2,0.6013016605876537,852,0
6103,353.03915861704064,10,0,0,0,3,0.3488263905068908,1547,0
6104,1556.077818301053,19,0,0,0,2,0.3690065870897532,1218,0
6105,447.9338773589369,10,0,0,0,1,0.5352489098165212,1263,0
6106,3174.335801401571,14,0,0,0,1,0.2916645480843777,701,0
6107,11359.70524718944,13,0,0,0,1,0.5660530588925131,1679,1
6108,463.7025071866628,16,0,0,0,4,0.6179100499486102,282,0
6109,1870.9617124359531,1,0,0,0,3,0.7284819644938598,1411,0
6110,530.2020154335024,17,0,0,0,0,0.06578925970314697,1426,0
6111,3105.5750353715216,15,0,0,0,1,0.06676148227990031,1556,0
6112,309.4330001285849,11,0,0,0,1,0.9225108856001604,59,0
6113,1773.2809582814261,9,0,0,0,1,0.7445051234649134,1744,0
6114,458.0649714483381,15,0,0,0,3,0.34201142958514064,489,0
6115,891.5980468541899,2,0,0,0,0,0.024718889790322773,215,0
6116,391.1044754185841,7,0,0,0,2,0.6093732937175425,103,0
6117,2495.764741638198,21,0,0,0,0,0.2490253771008195,650,0
6118,474.8598204133559,21,0,0,0,4,0.05807066895255486,470,0
6119,1904.4799522208982,23,0,0,0,2,0.7550609236033343,1620,1
6120,777.358762604377,1,0,0,0,1,0.9766702329680159,1968,1
6121,978.017563244362,21,0,0,0,0,0.7471540716874119,1738,1
6122,1271.2499491974934,0,0,0,0,4,0.11210983790157525,282,0
6123,511.92356579627074,13,0,0,0,5,0.36774147383843914,1969,0
6124,1353.3890236223642,3,1,0,0,1,0.24821938563583812,1164,0
6125,5066.14050134259,3,0,1,0,2,0.374019971119145,327,1
6126,503.6619022859254,8,0,0,0,4,0.5575630684138572,445,0
6127,3539.7456146374666,2,0,0,0,3,0.6348482836872038,1377,0
6128,4905.428036275484,4,0,0,0,4,0.30819733411071615,1388,0
6129,484.8526406076366,0,0,0,1,1,0.6742574661421515,446,1
6130,255.94060220193387,21,1,0,0,0,0.6843279989629056,1554,0
6131,1483.2054958003923,18,0,0,0,1,0.9930790987531191,761,0
6132,634.3446871167683,0,0,0,0,1,0.4810871756037429,1840,1
6133,7105.349422770947,9,0,0,0,3,0.32874584518167393,895,0
6134,1135.4763579486428,21,0,0,0,4,0.8578541227524292,428,0
6135,491.6664758307173,11,0,0,0,0,0.16818746378737826,554,0
6136,348.22209804917435,9,1,0,0,1,0.44685529265624235,971,0
6137,3261.377591205185,1,0,0,0,1,0.6265412088204593,844,0
6138,619.4401126373357,15,0,0,0,4,0.14248503203251994,1312,0
6139,1145.7661277720788,7,0,0,0,1,0.05459326752635163,1444,0
6140,2852.0769011620546,13,0,0,0,5,0.39715816086378886,420,1
6141,675.6949035594305,14,0,0,0,2,0.349892419064341,906,0
6142,1047.405225925734,15,0,0,0,2,0.7449855483801909,357,0
6143,1078.6133825691377,10,1,0,0,2,0.5331415752137743,749,1
6144,2171.828050570709,11,0,0,1,3,0.022694686033777778,363,0
6145,1979.7865909087507,1,0,1,0,1,0.9191221588802522,169,0
6146,879.9686384790145,3,1,0,0,1,0.8608463284457517,479,0
6147,1168.7020599026564,2,0,0,0,4,0.07474710645074234,131,0
6148,756.1357990917444,8,0,0,0,1,0.2549039713800104,632,0
6149,250.23177617861168,17,1,0,0,1,0.6238274347883801,560,0
6150,1418.8484308532793,18,0,0,0,2,0.18042833600523955,176,0
6151,7274.946665667305,6,0,0,0,2,0.9738222454522077,1073,0
6152,453.17613065488797,3,0,0,0,2,0.420705060955616,423,0
6153,506.2194598593499,5,0,0,0,1,0.7045630257923409,1768,1
6154,459.1019177111121,18,0,0,0,3,0.5112183592516844,505,0
6155,2263.3284600163634,0,0,0,0,3,0.30831531205682094,763,0
6156,1717.2603054241029,15,0,0,0,0,0.6969303869951486,1515,0
6157,935.8566448942223,10,0,0,0,2,0.47537940451366867,972,0
6158,437.89578065838504,21,0,0,0,1,0.6357992080440276,570,0
6159,1202.763123349444,3,0,0,0,3,0.3930804484439506,144,0
6160,229.37950814737457,17,0,0,0,2,0.9973509831471785,925,0
6161,1265.7581717178393,22,0,0,0,2,0.20660437472835047,1393,0
6162,2621.55881158821,4,0,0,0,1,0.18310846905958,705,0
6163,313.8141285565999,21,0,0,0,1,0.009437196534012426,604,0
6164,236.8629545809307,5,0,0,0,1,0.8705384745048957,301,0
6165,5321.113642334593,1,1,0,0,3,0.1571277406457111,1480,0
6166,594.8090088551438,11,1,0,0,1,0.24661812136678118,866,0
6167,3415.051477889436,21,0,0,1,2,0.2063571313835061,848,1
6168,940.1151190143987,8,1,0,0,2,0.9792381362152973,1468,1
6169,932.6641638602891,19,0,0,0,0,0.8530527659040043,758,0
6170,1700.0495887922093,11,0,0,0,2,0.7490999449938701,1640,0
6171,453.0493877420697,12,0,0,0,4,0.38811077758005896,858,0
6172,1251.9994889782774,21,0,0,0,3,0.0067598413148654,278,0
6173,748.828949176963,22,0,0,1,0,0.9678523225102269,1945,0
6174,292.80491161708215,16,0,1,0,2,0.20331028643001037,856,0
6175,1536.8375956163436,4,0,0,0,1,0.06576318649188229,1287,0
6176,842.7684050248927,19,1,0,0,2,0.38028404761492507,1941,0
6177,937.2735402096971,12,1,0,0,3,0.2787050332250395,65,0
6178,326.9603980184004,12,0,0,0,0,0.944062414954669,1404,0
6179,5385.149587535539,9,0,0,0,4,0.027273956983245973,898,0
6180,2635.1995440122523,14,0,0,0,3,0.9788452471099693,1266,0
6181,2876.000475492113,14,0,0,0,1,0.5867172965058511,785,0
6182,807.9945371605428,17,1,0,0,6,0.299826885194451,732,0
6183,194.57488668950126,17,1,0,0,7,0.8681206051756855,1840,1
6184,7730.41156317508,1,1,0,0,1,0.41709013713028265,1013,0
6185,1031.6373631519348,22,0,0,0,0,0.5325873593211395,1171,0
6186,518.6349189675225,10,1,0,0,1,0.1426872898303545,990,0
6187,1663.7037563350768,12,0,0,0,1,0.8803163275866162,815,0
6188,3523.185348714959,10,0,0,1,0,0.8782887042540134,252,1
6189,1071.644264685354,3,0,0,0,0,0.7516593633736827,1213,0
6190,3938.578569116705,14,1,0,0,3,0.726003224712066,910,1
6191,3238.935283306745,21,1,0,0,2,0.2002371782920207,1848,0
6192,373.7618435376733,22,0,0,0,0,0.44267828670578646,157,0
6193,559.0337764630491,10,0,1,0,3,0.09191015300898508,770,1
6194,2857.027887453083,17,1,0,0,1,0.5914891975108536,1035,0
6195,72.77608774387832,15,0,0,0,1,0.2111438131487149,544,0
6196,944.3948073476536,9,0,0,0,0,0.2985292486440899,751,0
6197,262.2160542228613,11,0,1,0,2,0.8156360540049645,1646,0
6198,680.9209353260445,12,0,1,0,1,0.985115316128962,1699,0
6199,813.3649574474717,8,1,0,0,1,0.37976771480421,1579,1
6200,766.4393904742653,20,0,0,1,1,0.7943397566426504,585,1
6201,631.2732097834279,12,0,0,0,3,0.13199891560524735,1826,0
6202,366.08163331342286,5,0,0,0,3,0.5288813720689289,1004,0
6203,10849.90135062185,5,0,0,0,2,0.5512198794051778,1737,1
6204,7097.245316561035,10,0,0,0,2,0.8882158183074761,1216,0
6205,343.0698873931053,18,1,0,0,3,0.24139323155901604,1071,0
6206,5335.387268729032,10,0,0,0,1,0.06420775453417282,777,0
6207,735.4882096512022,9,1,0,0,2,0.34987655187750544,1667,0
6208,1247.8626332146216,22,1,0,0,1,0.7462063251053901,475,0
6209,1029.3944956939479,14,0,0,0,3,0.045996540085627924,1965,0
6210,566.9387984986228,12,0,0,0,1,0.14610723812867787,1813,0
6211,2933.209055936068,22,0,0,0,3,0.04537657589124622,186,0
6212,1243.7503011167062,7,0,0,0,0,0.4964499072160936,738,0
6213,680.9225547038643,4,0,0,0,2,0.8249906688797334,1500,0
6214,297.49890853812036,1,0,0,0,2,0.26650132168703333,1505,0
6215,448.7226479407886,15,0,0,0,3,0.031431837867619494,1659,0
6216,212.43156392946085,12,0,1,0,0,0.17648499866267608,1635,0
6217,1110.12016856501,18,0,0,1,6,0.08374238649191912,1960,1
6218,331.40275153387165,8,0,0,0,0,0.5534606729176798,1714,0
6219,840.8720326714581,14,0,1,1,2,0.5001351271657738,1989,0
6220,4316.075648197757,5,0,0,0,2,0.24505158646471137,430,0
6221,3638.4009800590898,7,0,0,0,3,0.8422575431878938,1780,0
6222,1061.802384537703,23,0,1,0,0,0.4108337981342617,1454,0
6223,1005.1733305757831,13,1,0,0,2,0.9690760368905911,105,1
6224,7185.889205291979,4,0,1,0,0,0.23314314710608453,735,0
6225,1845.9625363564144,16,0,0,0,3,0.622547928325811,1194,0
6226,790.1268799711538,21,0,0,1,2,0.7955097996311534,1589,1
6227,263.48116434889977,6,0,0,0,3,0.18908243419041249,237,0
6228,1625.9917530415755,8,0,0,0,0,0.793260261972287,1697,1
6229,2513.2292841128988,15,0,0,0,2,0.884288647236975,375,0
6230,583.0940391497513,17,0,0,0,1,0.6677227016666715,473,0
6231,1467.334480377206,12,0,0,1,2,0.8959298980674848,150,0
6232,762.3659616926359,17,0,1,0,0,0.3924696235907045,826,0
6233,912.2988299299916,9,0,0,0,2,0.40175934683930004,520,0
6234,91.12005679499907,0,0,0,0,2,0.018431677517952938,1929,0
6235,878.5023619880976,20,0,0,0,1,0.7989810869586084,907,1
6236,2891.0334212856105,17,0,0,0,1,0.03311794438537985,221,0
6237,583.2392295319285,18,0,0,0,3,0.2638778902585871,983,0
6238,1155.7749706495226,1,0,1,0,2,0.6202384830502516,1317,1
6239,514.939435773306,3,0,0,0,0,0.6076866083439456,1651,0
6240,1572.5309592415908,10,0,0,0,2,0.48047409980939515,1044,0
6241,883.133874589824,2,0,0,0,1,0.6176599941805235,372,0
6242,428.700465445871,8,0,0,0,2,0.3222508420219671,176,0
6243,4157.010510624013,9,0,0,1,0,0.2036993075044432,1623,0
6244,2776.4599988377126,1,0,0,0,2,0.2929783256701748,1673,0
6245,598.8991596249532,6,0,0,0,2,0.2475585329840222,46,0
6246,1804.048002905203,14,0,0,0,3,0.42912795798624803,1746,0
6247,1876.9661509261923,18,0,0,0,2,0.7582703109876737,124,0
6248,2084.5353069144885,9,0,1,0,2,0.3251796119975463,1246,0
6249,201.49087681410282,23,0,0,0,2,0.3557950244079954,282,0
6250,3000.7170058163847,19,0,0,0,0,0.6974358026889609,1296,0
6251,620.3606714674918,13,0,0,0,2,0.9132709288548826,1842,1
6252,766.7586363866205,3,0,0,0,1,0.26030403809655456,1876,0
6253,15334.82634302445,10,0,0,0,0,0.7356481528149469,16,1
6254,1483.0756921503007,2,0,0,0,3,0.6238212743138848,600,0
6255,745.218545147836,22,0,0,0,3,0.5212508783498829,1402,0
6256,120.86879606497762,16,0,0,0,0,0.019089445709723263,1936,0
6257,4401.779341458142,6,0,0,0,3,0.3807432974992002,1137,0
6258,285.6565826004221,10,1,0,0,3,0.20537839213025555,1339,0
6259,402.0438235568662,17,0,0,0,4,0.14018426508610315,1888,0
6260,787.3301783555926,13,0,0,0,1,0.27550443404237035,1446,0
6261,4520.65327251452,13,0,0,0,2,0.6530520527746082,1470,0
6262,2376.1575487145083,5,0,0,0,5,0.5384567165460146,251,0
6263,936.5121448688457,8,1,0,0,4,0.4369446393685714,1081,0
6264,1492.625701213407,21,0,0,0,2,0.1450647719123116,1205,0
6265,601.6129552906401,2,0,0,0,1,0.7782858717619923,243,0
6266,1260.9916189179955,16,0,0,0,3,0.48112123234968074,1905,0
6267,1180.079094886472,11,0,0,0,6,0.6452036884536445,1572,0
6268,2889.301035659441,3,0,0,0,0,0.036812594177901836,1066,0
6269,2884.7055820120127,19,0,0,0,4,0.8922957849011659,566,0
6270,1797.1859908979256,15,0,0,0,1,0.5180028779313064,856,0
6271,763.3009950762913,23,0,0,0,1,0.349443390966805,463,0
6272,2302.6646951051225,9,0,0,0,1,0.8269175699117004,52,1
6273,1000.2762929766919,6,0,0,0,2,0.8117458962085926,1301,1
6274,371.69946251611515,9,0,0,0,1,0.22004465509210502,1576,0
6275,732.6823179079497,6,1,0,0,3,0.3710991420096613,1424,0
6276,1193.3586239835001,22,0,0,0,1,0.6055643617545576,240,0
6277,2724.9784087317066,17,0,0,0,2,0.9985876523569501,1107,0
6278,912.7589516634517,8,0,0,0,1,0.7864485094309149,1044,0
6279,327.2751612465441,21,0,0,0,1,0.04989649050093836,122,0
6280,1160.6572091716384,17,1,0,0,4,0.7362345672378845,1660,0
6281,1228.3855682149506,16,0,0,0,2,0.4906655756822903,1382,0
6282,1320.5949436201781,10,0,0,0,2,0.01830503530011951,389,0
6283,2751.4175097659345,0,0,0,0,4,0.45284067000900463,1679,0
6284,3037.90447746781,16,0,1,0,2,0.3273924089528879,296,0
6285,605.3393002091984,3,0,0,0,1,0.10437713124518366,1610,0
6286,592.2071812286681,3,0,0,0,0,0.5332367508533615,75,1
6287,387.5331095117333,13,0,1,0,3,0.9416893414052325,482,0
6288,2205.7341278733084,8,0,0,0,2,0.8746813542620431,1836,1
6289,4669.559909079108,12,0,0,0,2,0.5604915916480786,825,0
6290,800.2451130811154,15,0,0,0,3,0.20664424694091454,1394,0
6291,861.4090125781617,0,0,0,0,1,0.11463949613875712,968,1
6292,4754.194485263464,2,0,0,0,3,0.6837963545972577,40,0
6293,1818.11922558152,18,0,0,0,1,0.3919488004435825,1390,0
6294,1696.3526154609249,7,1,0,0,1,0.5219017791757882,959,0
6295,333.3135018273717,17,0,0,0,0,0.777484930145737,1304,0
6296,2161.8682756884846,5,1,1,0,4,0.6026119697572987,1378,1
6297,433.05453176775796,19,0,0,0,0,0.07672603981758686,1064,0
6298,352.82769233492337,5,0,0,0,5,0.986035428155322,149,0
6299,775.2832319994226,4,0,0,0,2,0.14393301359262511,1012,0
6300,610.456645661302,11,0,0,0,1,0.9800879769879667,706,0
6301,878.6620085688578,8,0,1,0,1,0.5076902224834345,249,0
6302,259.56791039896876,8,0,0,0,1,0.8388634776250051,1939,1
6303,2860.6847735548263,16,0,0,0,4,0.12396344260896075,142,0
6304,3386.954078344665,18,0,0,0,5,0.8613169872320949,972,0
6305,156.4376496586955,16,0,0,0,1,0.12941520282577812,613,0
6306,2917.4283514730787,21,0,0,0,2,0.8900790452727559,1300,0
6307,487.5882843664937,15,0,0,0,2,0.442657397670458,1849,1
6308,2583.6942587446974,11,0,0,0,1,0.8614119479283263,1428,0
6309,1024.083665993532,2,0,0,0,3,0.27570295747659856,1653,0
6310,1128.6478068674764,13,1,0,0,2,0.7082144096752949,799,0
6311,911.3275208341465,16,0,0,0,0,0.774032507097492,29,0
6312,3685.381047262761,21,0,0,0,1,0.49986906848661794,459,0
6313,317.47909939061657,15,1,0,0,0,0.8648919737228138,952,0
6314,2013.9240040632376,20,0,0,0,3,0.6828989524385342,1844,0
6315,3298.8531768548396,11,0,0,0,4,0.31455738019421997,1611,0
6316,2244.7290007750985,23,1,1,0,2,0.9295347155843783,1490,1
6317,11211.540340280948,1,1,1,0,0,0.3399180209773184,1787,1
6318,646.163932633004,7,0,0,0,1,0.7309872821279362,1866,0
6319,2856.364160741462,11,0,0,1,1,0.6926426971462462,112,0
6320,986.2494994767683,20,0,1,0,1,0.13203674263581378,530,0
6321,3764.6345722220162,15,0,0,0,2,0.4280137490226561,1018,0
6322,1088.233484675973,7,0,0,0,1,0.5742656981812038,1417,0
6323,744.0618909526139,15,1,0,0,2,0.18627480491588522,382,0
6324,4048.3805011586433,9,0,0,1,3,0.09940731096164523,573,0
6325,670.7778847808364,19,1,0,0,0,0.5462250039017392,1594,1
6326,267.00683066805783,14,0,0,0,5,0.1532509144661911,966,0
6327,654.02993123621,3,0,0,0,3,0.7880723554602211,844,0
6328,2036.5916842756578,14,1,0,1,3,0.8553743878823936,1793,0
6329,4411.803102188522,3,0,0,0,1,0.09375447682986393,586,0
6330,1225.5308490766565,10,0,1,0,2,0.7030468368150417,66,1
6331,4097.765348825682,5,0,0,0,2,0.7322272669292728,301,0
6332,281.97687908665324,3,0,0,0,1,0.06622347946053353,937,0
6333,703.9705586485716,8,0,0,0,7,0.5963195548471263,1736,0
6334,821.7406898730557,8,0,0,0,3,0.6217483799310367,1305,0
6335,977.9324249724845,2,0,0,0,3,0.5120040948279307,158,1
6336,1192.84249401796,22,0,0,0,0,0.6898832478445561,987,0
6337,2188.3671637475504,4,0,1,0,0,0.24694956552525504,1964,0
6338,702.8849072455723,14,0,0,0,1,0.2613097054265825,461,0
6339,1260.2037421003592,8,0,0,0,2,0.9238339001682668,416,0
6340,1048.249710290026,1,0,0,0,3,0.6791313053585198,1670,0
6341,434.46270038586135,2,0,0,0,6,0.3969918888778454,1907,0
6342,978.805852605324,20,0,0,0,0,0.6716479220651711,1851,0
6343,949.8845682463384,11,0,0,0,3,0.7482356984841616,468,1
6344,929.7534421191743,15,0,0,0,2,0.3022052682096763,910,0
6345,1132.0206001177794,4,0,0,0,3,0.51967882371756,1943,0
6346,1182.839923290508,9,0,1,0,2,0.11470415051616722,589,1
6347,711.7344090980584,14,0,0,0,3,0.6012196216544365,1662,1
6348,3915.564292177487,13,0,0,0,1,0.6879434419025603,1368,0
6349,340.535497343307,13,1,0,0,4,0.7431873239469339,382,0
6350,533.271082017489,22,1,0,0,3,0.9604893690089717,1072,0
6351,17676.009862732164,12,0,0,0,1,0.16677308207560992,188,0
6352,388.38947784028505,15,0,0,0,1,0.06943940116678926,303,0
6353,283.2260452524832,7,1,0,0,0,0.9424978759335912,138,0
6354,2285.8123285817687,7,0,0,0,4,0.6486112987995788,558,0
6355,137.39776952666855,16,0,0,0,4,0.5631234648722799,1513,0
6356,866.7287696195749,16,0,0,0,3,0.42327400439651774,330,0
6357,9375.216323475845,2,1,0,0,4,0.440799423470838,1544,0
6358,233.93986095172892,0,0,0,0,2,0.2969753394093452,338,0
6359,151.1141504194174,16,0,0,0,2,0.6246515239689385,690,0
6360,244.89236758615172,23,0,0,0,3,0.015404217605385573,1612,0
6361,2692.8612481913833,15,1,0,0,1,0.5441193246418606,1685,0
6362,3377.113805467614,16,0,0,0,3,0.05809422668995812,882,0
6363,656.8207846881962,1,0,0,0,3,0.7239886229809395,1265,1
6364,2171.584585972264,13,0,0,0,2,0.9621437492457936,1434,0
6365,4403.94199824607,6,0,0,0,5,0.18519984132902245,395,0
6366,6550.825914060378,18,0,0,0,0,0.2744256362076012,1035,0
6367,857.194389833568,0,0,0,1,2,0.5386758914864535,1204,0
6368,109.78548026746805,16,0,0,0,0,0.48987646760250647,158,0
6369,482.56763040075896,9,0,0,0,5,0.8162683930821044,1198,0
6370,715.6532808580821,5,0,0,0,3,0.12567565147696147,1665,0
6371,846.4585240808171,6,0,0,0,1,0.5531790419708612,692,0
6372,908.8141328808593,5,0,1,1,0,0.9222054206162151,1039,1
6373,3357.3075184755576,4,0,1,0,2,0.6670582661346779,540,0
6374,3922.280118973439,1,0,0,0,1,0.2688587169997322,191,0
6375,923.6436583060535,17,0,0,0,1,0.06262476350251489,1780,0
6376,3289.4803272888335,23,0,0,0,1,0.41904940203472363,1082,0
6377,1568.164908521324,16,0,0,0,3,0.4669825652092485,1477,0
6378,1169.703963191167,23,0,0,0,3,0.13304017426826675,685,0
6379,2714.991650687172,22,0,1,0,3,0.48020354842587465,1961,1
6380,1178.7997611449387,6,0,0,1,0,0.6767255436119045,1258,1
6381,8585.338287997569,20,1,0,0,2,0.47552905478618546,1352,0
6382,260.23597959379504,18,0,0,0,0,0.2266478232660991,1830,0
6383,655.1269940631098,6,0,0,0,2,0.9584039829165029,1517,1
6384,966.3065303168786,22,0,1,0,1,0.1149610370274673,251,1
6385,1701.8185446880245,6,0,0,0,0,0.6083795955702486,982,0
6386,3896.9929143422296,15,0,0,0,3,0.7292672194468,1574,0
6387,1070.2006494902785,11,0,0,1,1,0.2698903595943225,1460,0
6388,264.48124740198864,14,1,0,0,2,0.37954354404859103,46,1
6389,2546.5986791188266,14,0,0,0,2,0.43627177346383395,309,0
6390,2333.1131395264856,10,0,0,1,2,0.6469851822866935,542,0
6391,157.29788127078479,1,0,0,0,0,0.5123102312885093,388,0
6392,1092.4693441803179,2,0,1,0,3,0.19122923924536084,1666,0
6393,223.59987210950285,18,0,0,0,1,0.8925331564534266,1343,0
6394,564.1662076493541,19,0,0,0,3,0.3643975554130461,1621,0
6395,444.60714544947723,14,0,0,0,1,0.38260042256179994,1020,0
6396,2463.3184867888726,15,0,0,0,2,0.7998631582657998,1469,0
6397,1232.5373061892983,0,0,0,0,3,0.5354599324720316,1661,0
6398,303.2049559887531,14,0,0,0,0,0.23138339828612597,929,0
6399,2644.0469631074416,11,1,0,0,3,0.9145356087796979,462,0
6400,261.43721944350864,6,0,0,0,2,0.8051810335108157,633,0
6401,1525.555355776664,6,0,0,0,0,0.5999437313788425,826,0
6402,485.8934351935591,10,0,0,1,3,0.5120944271082648,348,0
6403,760.7637915277537,19,0,0,0,4,0.6753698860870709,1774,0
6404,1815.7806202529198,10,0,0,0,3,0.3608548780596831,1449,0
6405,1847.2427465853443,16,0,0,0,2,0.6940996092912282,1289,0
6406,4175.41516707243,2,0,0,0,2,0.03829449718025524,1122,1
6407,1010.0410982343225,15,0,1,0,2,0.3997760715863118,203,1
6408,1489.8800062274881,4,0,0,0,0,0.6174345769812571,147,0
6409,707.8715690526574,1,0,0,1,0,0.6213916513973576,605,0
6410,1315.523392616378,22,0,0,0,4,0.07137401863141768,376,0
6411,1701.875314132946,6,0,0,0,4,0.7196251991318721,626,0
6412,993.9532293141004,9,1,1,0,1,0.08475172310265144,44,1
6413,180.59365652279428,4,0,1,0,3,0.7408322042201885,230,0
6414,1527.627101360738,14,0,0,0,0,0.9119959794355498,585,0
6415,1579.0228373997566,11,0,0,0,1,0.9753278274938276,1799,1
6416,555.4766220368875,9,0,1,1,3,0.6035338681212168,1311,0
6417,303.570223888333,21,0,0,0,5,0.714068340418453,835,0
6418,4797.6387582861935,16,0,0,0,3,0.23382432623907035,136,0
6419,1792.6415027038997,19,0,0,0,1,0.3745068073382003,1609,0
6420,872.1129707048856,19,0,0,0,2,0.012214169863183355,821,0
6421,351.76632891580476,10,0,0,0,2,0.797956296503493,1807,0
6422,482.1162037338518,7,0,1,0,3,0.6895722174718262,8,0
6423,4034.309332008916,14,0,0,0,3,0.25796482399742626,1272,0
6424,1258.4825400604495,1,0,0,0,0,0.4901038657316139,1745,0
6425,632.3309631832226,16,1,0,0,0,0.7284061413277383,754,1
6426,1825.6461008465817,22,0,0,0,2,0.6665385971967926,224,0
6427,485.70517914481326,5,1,0,0,0,0.32062049460111886,380,0
6428,4918.913886206685,20,0,0,1,3,0.36974529527430655,1111,0
6429,4242.044116062632,12,0,0,0,2,0.15423069137870737,961,0
6430,687.7503638147152,7,0,0,0,3,0.1376288297620777,510,0
6431,584.8349981304452,10,0,0,0,0,0.40486803496615265,558,0
6432,79.98721435252085,14,0,0,0,1,0.4796592634902942,1124,0
6433,249.24073295924327,12,0,0,0,2,0.9506977897889156,775,1
6434,287.3009363286019,17,1,0,0,1,0.5054277096461236,846,0
6435,1255.375915512534,17,0,0,1,3,0.1897588696139273,1546,0
6436,791.3705340415924,16,0,0,0,3,0.16923524135944246,1109,0
6437,285.62064451938636,21,0,0,0,7,0.3452582527486662,1634,1
6438,827.8532940066551,12,0,0,0,3,0.9188051803142554,1187,1
6439,1817.7180008236637,2,0,0,0,1,0.7938540988753223,1640,0
6440,1859.0843302316002,20,1,1,0,2,0.4938302255806962,1072,1
6441,164.07599737907847,23,0,0,0,2,0.9557834086485215,447,1
6442,964.6221975161019,6,0,0,1,4,0.21548396471369768,701,0
6443,274.96923619537694,11,0,0,0,3,0.4345414637993852,609,0
6444,2701.9491451101712,3,1,0,1,2,0.0010286308971488856,716,0
6445,2402.214781342049,23,0,0,0,3,0.8666772563063208,1421,0
6446,446.7382147278353,10,1,0,0,2,0.15783362335922635,1631,0
6447,509.7675296583365,13,0,1,0,4,0.9576999405118389,1333,0
6448,691.4099714525003,17,0,0,0,2,0.5071861898447585,207,0
6449,115.26186253137227,6,0,1,0,3,0.9939511079383363,1379,0
6450,1534.5127354526642,4,0,1,0,2,0.5413131561269843,265,0
6451,834.7693454186017,15,0,0,0,3,0.4554428988916994,70,0
6452,2893.363897457452,10,0,0,0,3,0.47215321587565684,195,0
6453,365.618625036843,21,0,0,0,1,0.8357712462301137,500,0
6454,590.4453317452593,2,1,0,0,4,0.3623572573544567,236,0
6455,243.10045232171478,15,0,0,0,4,0.8533282854404549,1384,1
6456,401.7015646809903,10,1,0,0,1,0.8863582804190789,910,0
6457,336.30483777269905,9,0,0,0,2,0.2888456592067137,753,1
6458,2968.9798229900557,22,0,0,0,3,0.9268336338971012,526,0
6459,545.5192815703865,22,1,0,1,2,0.19062090927345754,983,0
6460,1241.6242552848387,1,0,0,0,1,0.8265532114006904,1713,0
6461,749.3728046015558,15,0,0,0,3,0.1687255636142787,1473,0
6462,308.13399405050427,16,0,1,0,2,0.7177178006362067,868,1
6463,926.7645823383222,9,1,0,0,4,0.9756174888085967,754,0
6464,1996.404979563126,17,0,0,0,1,0.07612514108054402,1761,0
6465,327.7465536655274,11,0,1,0,2,0.19634627961901718,1752,0
6466,2462.944318629909,7,0,0,0,0,0.35305900657432676,90,0
6467,468.8482139927812,2,0,0,0,1,0.3601258042972302,138,0
6468,676.5565755685585,19,1,0,0,3,0.18214873110539076,551,0
6469,1864.378668610802,23,0,0,0,3,0.4968761162530507,1465,0
6470,564.8520524469671,2,0,1,0,4,0.7907250427342157,530,1
6471,1138.622934844567,5,0,0,0,1,0.8026432270264638,1402,0
6472,800.5581494514253,1,0,0,0,4,0.46620728598888816,1866,0
6473,1248.0879344003024,2,0,0,0,5,0.3135137486720173,1094,1
6474,101.41904504489449,16,0,0,0,0,0.24167123384223743,325,0
6475,175.97081981591626,8,0,0,0,0,0.7155186145521306,457,0
6476,2030.3571774612506,3,0,0,0,0,0.08524355787638993,1219,0
6477,3093.8804950606086,21,0,0,0,5,0.5453012833288471,185,0
6478,441.20662205982,22,0,0,0,4,0.5414595964743758,47,0
6479,859.1741591532046,1,0,0,0,2,0.1127734613991227,1200,0
6480,1472.5034417910065,23,0,0,0,4,0.4712208170673585,957,0
6481,2193.4207745192957,8,0,0,0,0,0.24975443778522188,392,0
6482,144.36181152070282,13,0,0,1,3,0.16653555762405692,458,0
6483,452.1254804958102,10,1,0,0,1,0.08204193776991886,875,0
6484,786.3646531502242,1,0,0,0,1,0.19333092706954547,1817,0
6485,2215.293539635078,20,0,0,0,2,0.6449046709721179,1394,0
6486,13338.774967371846,1,0,0,0,2,0.7293383217868528,1380,0
6487,873.051261752106,4,0,0,0,4,0.22854630801399978,1347,0
6488,268.54608498432464,6,0,0,0,2,0.5737581270875818,488,0
6489,1639.699180060801,21,0,0,0,0,0.37159640384940407,987,0
6490,4109.249919680909,3,0,0,0,1,0.5415798066317746,343,0
6491,1221.7189494096997,13,0,1,0,2,0.24619710454910482,1644,1
6492,442.903296922913,1,0,0,0,1,0.045938876826277064,1247,0
6493,2858.3332136091526,22,0,0,0,2,0.3268482430893149,1634,1
6494,2129.293723484591,11,0,0,0,1,0.1606810166534508,117,0
6495,393.0430531245614,9,0,0,0,2,0.7342683953253409,1860,0
6496,1605.8775038542587,0,0,0,0,3,0.7303854468929806,1996,0
6497,2972.817893454039,18,0,0,0,3,0.0727239676407897,497,0
6498,3575.6063264762824,22,0,0,0,2,0.39673216650017906,1915,0
6499,1026.131335337999,15,0,0,1,1,0.09286247928558011,303,0
6500,766.5658110725855,14,0,0,0,4,0.7148400739910848,1509,0
6501,3741.619515000213,13,0,0,0,1,0.018347174820826595,629,0
6502,326.96054202267004,8,1,0,1,2,0.4380223564693273,944,1
6503,1700.3328260664848,20,0,0,0,3,0.15242323235135036,53,0
6504,278.6546976940683,22,0,0,0,5,0.6648677650816743,1811,1
6505,3182.3534232432935,14,1,0,0,0,0.2139593087056202,1981,0
6506,847.2149871866727,6,1,0,0,0,0.40666740682830205,209,0
6507,3899.420516821596,3,0,0,1,3,0.005068174403593861,1562,0
6508,1792.5827865197266,20,0,0,0,1,0.9889152564109235,1239,1
6509,322.7182882112253,17,0,0,0,1,0.7540939294889348,857,1
6510,4557.94768481425,7,1,0,0,1,0.1644039597205037,1578,0
6511,5173.192420681119,11,0,0,0,3,0.44375154003904793,646,0
6512,2649.924671160879,14,0,0,0,2,0.49824669108926534,1275,0
6513,512.0448070417292,14,0,0,0,2,0.2259757619125643,1748,0
6514,807.5347156119329,16,0,0,0,1,0.08495914070387722,572,0
6515,1268.2930463517146,1,0,0,0,5,0.5694686721821481,1477,1
6516,542.5550748206891,11,0,0,0,1,0.8351154149198377,989,0
6517,5957.144726087259,2,0,0,1,1,0.5718124692772696,1699,0
6518,1266.8977463364351,6,0,0,0,3,0.6307710922728419,612,0
6519,73.45345592383441,5,0,0,0,3,0.5907581453511185,803,0
6520,1539.7199261878154,13,0,0,0,3,0.456449478483149,396,0
6521,774.2095730724874,22,0,0,0,1,0.14729662583838765,1882,0
6522,1017.4689937521221,4,0,1,0,3,0.2023676148160769,1661,0
6523,758.5286987133145,3,0,0,0,1,0.3277576552913858,1519,0
6524,2457.8602088648236,14,0,0,0,3,0.29411194224791204,1239,0
6525,3359.9715261236493,6,0,0,0,2,0.5215951349862663,941,0
6526,1455.4248967884303,2,0,0,0,3,0.42081288655561333,1988,1
6527,781.0887758654743,12,0,0,0,3,0.6368836429614708,250,0
6528,1052.2255749726064,9,0,0,0,2,0.8403315169491072,246,0
6529,1118.3387637942021,22,0,0,1,2,0.04911106025010481,392,0
6530,491.5530949669355,1,0,0,0,3,0.4624059513858926,1307,0
6531,1956.5317090974356,11,1,0,0,2,0.21564664175320258,1308,1
6532,1737.221581716748,23,0,0,0,1,0.9102257387737843,392,1
6533,5117.601953085048,21,0,1,0,1,0.5444503720058128,1452,0
6534,3848.157650028393,11,0,0,0,4,0.8841868531954051,1974,0
6535,552.4290906331645,18,1,0,0,0,0.670328026509456,782,0
6536,2490.648443193819,18,0,1,0,3,0.13526491890846692,937,0
6537,423.7088805370408,20,0,0,0,1,0.8467795887784969,454,1
6538,2199.3829020716544,2,1,0,0,1,0.3174466799765948,873,1
6539,654.1821315139451,5,1,0,0,1,0.7435566355335125,406,1
6540,394.15600260276324,1,1,0,0,0,0.5084663641922516,1945,1
6541,1451.0538183170263,23,0,0,0,1,0.7301986527883414,1864,0
6542,75.59823012344175,12,0,0,0,5,0.5275594964005613,231,0
6543,190.3804475404257,8,0,0,1,2,0.9279506675768298,232,0
6544,918.2852904268229,12,0,0,0,0,0.510124240558482,1759,0
6545,1190.8728047524546,22,0,0,1,0,0.06070498392049528,1156,1
6546,757.9983659049367,13,0,0,0,3,0.4522304594992562,375,0
6547,226.00648674737704,18,0,0,0,0,0.967460346819667,466,0
6548,484.01125368494337,10,0,1,1,2,0.7895994203446695,291,0
6549,1621.6660525179364,13,0,0,0,1,0.6315446796719736,371,0
6550,1962.121903833926,15,0,1,0,2,0.15130159463421244,373,1
6551,1078.9858836927933,9,0,0,0,2,0.1831577318055957,740,0
6552,3487.1280950707146,19,0,0,0,1,0.72235132020118,465,0
6553,1631.7315383934092,15,0,0,0,2,0.7306608563315778,363,0
6554,519.3325067003243,1,0,0,0,1,0.37335078723242365,1143,1
6555,828.4015052596317,15,0,0,0,4,0.9945172308087284,1658,0
6556,269.6524325260242,13,0,0,0,3,0.6914615603671226,354,0
6557,984.2313779542934,20,0,0,0,0,0.894492202808403,488,0
6558,3334.5753510446234,17,0,0,0,3,0.046314857852569724,1940,0
6559,2176.1011357258644,5,0,1,0,2,0.6235763612077599,944,1
6560,4456.011337468706,6,0,0,1,2,0.7495325889312973,1098,1
6561,810.0652145380913,12,0,0,0,5,0.7973469724791794,1397,0
6562,4213.7143011179,1,0,0,0,3,0.672402966175678,228,0
6563,903.8792455622889,14,1,0,0,1,0.6059257075867965,1204,1
6564,4777.081540168442,16,0,1,0,1,0.7461245986732474,1830,0
6565,1072.9243668175873,12,0,0,0,1,0.03853027627676908,1903,0
6566,2224.375261452651,6,1,0,0,1,0.7513366005473511,1840,0
6567,4793.961405173992,0,1,0,0,0,0.32960134250946804,245,0
6568,903.7677118170919,2,0,0,1,0,0.7610306032141191,813,0
6569,1364.289402125127,19,0,0,0,0,0.7770791231925579,608,0
6570,3979.3088411922895,17,0,1,1,4,0.2765844512573562,374,0
6571,960.0610114824005,6,0,0,0,4,0.7151776463063402,338,0
6572,292.68815285485414,20,0,1,0,1,0.32893089120427654,1392,1
6573,9348.83536456484,16,0,0,0,1,0.7247623930967607,289,0
6574,685.5596662273053,11,1,0,0,2,0.18986469026672093,1595,0
6575,1285.3110765336455,15,1,0,0,2,0.07767172491891694,527,1
6576,3484.2450434889424,23,1,0,0,0,0.5882372754943778,236,0
6577,596.754673197301,9,0,0,1,0,0.19307584479323403,1452,0
6578,400.2671050096315,22,0,0,0,5,0.8946463294458599,547,0
6579,1413.3771999473531,15,0,0,0,1,0.15829237289570086,58,0
6580,182.53165354911764,19,0,0,0,2,0.6070541415846877,792,0
6581,822.2906514520866,17,0,0,0,2,0.6971956218281904,159,0
6582,1401.1360688949985,14,0,0,0,4,0.002532933664074921,763,0
6583,837.1875363639999,22,1,0,0,2,0.8695133119652565,32,1
6584,234.28751479037103,10,1,0,0,1,0.7267025872297285,673,1
6585,5400.128109238494,17,0,0,0,1,0.7695189250150382,616,0
6586,1216.262795563356,5,0,0,0,1,0.05631175920039666,1132,0
6587,4587.782715228653,0,0,0,0,0,0.35209373045413794,635,0
6588,845.5300846773436,22,1,0,0,3,0.6423010847921832,1515,1
6589,454.8592444840663,6,0,0,0,1,0.22891967919360856,1386,0
6590,1435.3742854113743,11,1,0,0,0,0.8319691105177012,228,0
6591,883.7841633077189,19,0,0,0,2,0.4082864209576036,1931,0
6592,337.72722465353917,3,1,0,0,1,0.8010866555294779,1632,1
6593,4768.486599430055,9,0,0,0,3,0.8761420760634931,765,0
6594,588.5899593387238,20,1,0,0,1,0.4754976437343629,1787,0
6595,174.11806702109016,1,0,0,1,2,0.22718568748956403,47,0
6596,4138.820214886157,8,0,0,0,2,0.38110453148137324,1475,0
6597,662.2889785563598,9,0,0,0,1,0.49940135369090743,1521,0
6598,597.1546394375673,19,1,0,0,2,0.4552934146623129,8,0
6599,187.65635907629084,10,0,0,0,3,0.004672752313013451,1185,0
6600,6253.780792256141,13,0,0,0,0,0.08448984810316607,1255,0
6601,302.02790470457734,2,0,0,0,2,0.45626010867855993,339,0
6602,1162.6410700800886,0,0,0,0,1,0.436873468693616,227,0
6603,2731.5386092186645,6,0,0,0,3,0.8900432727103404,1833,0
6604,1671.9015879036565,3,0,0,0,2,0.27669404158854605,776,1
6605,1033.1272929537668,6,0,0,0,1,0.9773751880834929,1660,0
6606,200.00335506105014,15,0,1,0,2,0.9725214371495035,1050,0
6607,487.980362484355,9,1,0,0,1,0.1884418938148279,1939,0
6608,1323.1894326667564,14,0,0,0,2,0.024469488608781953,1388,0
6609,499.10970935497687,15,1,0,0,2,0.19779148507190192,443,0
6610,1343.9380953283735,5,0,0,0,2,0.41946413032058716,1673,0
6611,2168.3968806047974,3,0,0,0,1,0.3674271524270164,358,0
6612,2871.2503784215683,3,0,0,1,2,0.47358833207953643,1891,0
6613,321.7647351074399,23,0,0,0,1,0.6918337720376306,1543,0
6614,9863.990235974243,22,0,1,0,2,0.5180683779626304,1988,0
6615,2362.5087062685175,3,1,0,1,4,0.3447773611656767,262,0
6616,1094.7549708872473,21,1,0,0,3,0.6757029577313824,98,0
6617,3260.176399186115,21,0,0,0,0,0.334190986276669,505,0
6618,11677.366639317384,16,0,0,0,1,0.35265803401566853,317,0
6619,260.15559620064397,12,0,0,0,4,0.3432330416578009,243,0
6620,875.4494026249209,1,1,0,0,1,0.30400725421062635,16,0
6621,101.65333417999825,19,0,0,0,2,0.7005082065353276,1738,1
6622,1329.6240773418822,5,0,0,0,2,0.17498088571241044,1956,0
6623,1580.3383393491476,21,0,0,0,2,0.7743525202548888,526,1
6624,1054.516750484242,0,0,0,0,2,0.9225705228753158,1145,0
6625,569.903147088093,7,0,0,0,3,0.2762806413836747,391,0
6626,141.24351872085066,17,1,0,0,2,0.7040785543047822,1858,1
6627,1593.2539022203464,20,1,1,0,0,0.6039792753581941,287,0
6628,4700.548504224289,3,1,0,0,2,0.29952861229113503,1565,1
6629,607.2748834191704,4,0,0,0,3,0.2363659643563939,443,0
6630,1702.8522683659316,4,0,0,0,4,0.9438595260239988,1873,0
6631,228.5730119843164,14,0,0,0,2,0.697111336424373,464,0
6632,1732.3134763202365,9,0,0,0,2,0.6446591204771598,1735,1
6633,739.9759622726964,7,0,0,0,3,0.9969437931017867,1266,0
6634,511.61994239930243,6,0,0,0,4,0.3533582524865637,591,0
6635,512.6720483550025,11,0,0,0,2,0.22877507613845782,412,0
6636,739.8063168600455,10,0,0,0,1,0.3297737320905858,1852,0
6637,1607.4965592797548,12,0,0,0,0,0.170148303436081,510,0
6638,295.2542350157727,14,0,0,0,2,0.9249773649653263,1262,0
6639,737.2187565502195,16,0,0,0,2,0.696892028868151,1542,0
6640,1052.083983147852,21,0,0,1,4,0.6049500674200236,749,1
6641,365.38835544450336,21,0,0,0,4,0.8065626062123523,134,0
6642,6612.156988821549,17,0,0,0,2,0.5158441886621313,1307,0
6643,467.08185465278507,7,1,0,0,3,0.19076619004583972,1717,0
6644,561.4726624590763,5,0,0,0,3,0.15425232366010821,1122,0
6645,412.2755968767861,10,0,0,0,2,0.5226278776863765,1102,0
6646,6624.168192602979,8,0,0,0,0,0.8054644837138828,1001,0
6647,1906.2728527266488,4,1,0,0,2,0.22165613398228878,1041,1
6648,429.83782816830353,6,0,0,0,3,0.7049137319615839,842,1
6649,3315.061846012526,21,0,0,1,2,0.24980270019712014,369,0
6650,1340.3669440334463,14,0,0,0,4,0.4328236820332575,1342,0
6651,1418.355557049256,20,0,0,0,0,0.061151784806756426,1346,0
6652,777.0640592041942,21,0,0,0,1,0.5032432217964862,718,0
6653,518.31543927124,3,0,1,0,0,0.1692821169166685,568,0
6654,1537.274156876069,18,0,0,0,0,0.844289960236021,1301,0
6655,635.818261409563,12,0,1,0,0,0.9573788798051491,1891,0
6656,6746.341450371382,0,0,0,0,3,0.0838676839503899,1372,1
6657,308.187663577509,0,0,0,0,1,0.5338034300574125,244,0
6658,5095.722660819686,21,0,0,0,1,0.7041230089179112,447,0
6659,981.1066322906504,13,0,0,0,1,0.06533735497620097,1572,0
6660,1478.9471582119322,8,0,0,1,1,0.5536716613877577,681,0
6661,2522.883485475133,23,0,0,0,1,0.9366973994363625,173,1
6662,583.9122443397551,11,1,0,0,3,0.5265238502377108,1791,0
6663,2602.553570956612,17,0,0,0,3,0.6210031815241664,949,1
6664,73.14590496934608,8,0,0,1,2,0.32757513448319897,1984,0
6665,533.794250902276,7,0,0,0,6,0.6151498942757253,1876,0
6666,435.2572313081998,13,0,0,0,3,0.8880048650166826,647,0
6667,313.0910327239545,8,0,0,0,1,0.32933619268599257,918,0
6668,884.5200326669619,19,0,0,0,4,0.772210968444347,109,0
6669,1612.836917905861,1,0,1,0,5,0.5706787994180484,882,1
6670,2214.2300138481364,0,0,0,0,2,0.2572391520599261,1244,0
6671,1395.316788772328,12,0,0,0,1,0.39137685663080646,1428,0
6672,563.5784455763509,9,0,0,0,2,0.35793249738032307,1056,0
6673,1586.0730141903878,7,0,0,0,2,0.4684331185252234,403,0
6674,1241.7608540145527,6,0,0,0,1,0.11276785767485153,796,0
6675,2796.3105538175987,23,0,0,0,1,0.1508687197221249,1241,0
6676,2384.9577849412567,11,0,0,0,2,0.3784358927569784,854,0
6677,1130.5691007618177,16,0,0,0,3,0.5619481498264425,1858,0
6678,447.08422238712023,11,0,0,0,2,0.6179462732146496,1749,0
6679,570.8062551833115,15,0,0,0,5,0.9103845606834006,1734,0
6680,632.8355794895125,9,0,0,0,2,0.5689174075005099,1578,0
6681,800.0975566804862,11,1,0,0,2,0.7297903930205546,1518,0
6682,1433.752522178044,10,0,0,0,3,0.48172156398909294,822,0
6683,2242.113866215335,13,1,0,0,3,0.5233627848755282,835,0
6684,1041.9834163594728,21,0,0,0,4,0.5899239159022972,1600,0
6685,1114.4594720274877,19,0,0,0,1,0.5221362242019405,1560,0
6686,1265.6059584418854,12,0,0,0,3,0.3094319190167514,1804,0
6687,654.6460362331853,1,1,0,1,2,0.9773190343666446,1605,1
6688,434.67896292534607,19,1,0,0,2,0.6187356304953433,982,1
6689,189.53280115111,6,1,0,0,1,0.34613731506105616,1364,1
6690,547.2198503764517,0,0,0,0,3,0.7986182782596194,993,0
6691,1760.1344079466187,2,0,0,0,1,0.1637680781593882,452,0
6692,542.9887285373746,19,0,0,0,3,0.9925239736094943,666,0
6693,864.5360136162557,11,0,0,1,1,0.7888001111842514,1040,0
6694,1748.3561584111276,4,1,0,0,1,0.09747790953578828,1764,0
6695,1845.8395551632477,11,0,0,0,2,0.8482710256444405,147,1
6696,372.5857258431532,2,0,0,0,6,0.2585676512301551,543,0
6697,2972.204928295613,19,0,1,1,3,0.6378265497076849,876,0
6698,3385.815558302523,4,0,0,0,2,0.16513991218921553,1795,0
6699,354.30217218807684,0,0,0,0,0,0.7107546078864891,847,1
6700,481.1423298355663,15,0,0,0,3,0.7573827219024654,1777,1
6701,3608.6560011142847,8,0,0,0,2,0.8515788076283344,1528,1
6702,946.8554851518205,9,0,0,0,2,0.4878024956299887,55,0
6703,119.13080040581329,9,1,0,0,3,0.5534602052319867,1931,0
6704,270.5125506744548,12,0,0,0,0,0.21500432373567013,1808,0
6705,854.5973093966313,15,0,0,0,4,0.5156966252178513,371,0
6706,342.73493005011755,19,0,1,0,1,0.5318231698329693,1455,0
6707,725.2933758611364,3,0,0,0,2,0.8092320959505409,1575,0
6708,1132.7416518176915,13,0,1,0,4,0.7112326005426564,107,0
6709,4732.716379348295,16,0,0,0,1,0.6982899798540187,631,0
6710,820.1982536437088,4,0,0,0,0,0.029655772971310168,52,0
6711,3205.238557726496,12,0,0,0,0,0.5463509933674292,1647,0
6712,4576.822056029708,2,0,1,0,4,0.9926735505996984,385,1
6713,4602.291770327475,4,0,1,0,3,0.7522157626029262,1184,0
6714,1457.903309837377,15,1,0,0,3,0.8348187892230998,377,0
6715,153.96277496086165,18,0,0,0,2,0.4935781831466346,1096,0
6716,1738.5815618255972,18,0,1,0,1,0.8319953447490029,531,1
6717,3128.784557445965,16,1,0,1,6,0.8169561441925597,1723,1
6718,1011.2403185328847,17,1,0,0,2,0.5300134974351502,346,0
6719,6276.600994825347,17,0,0,0,5,0.5683931703564654,1961,1
6720,2591.0890824571143,22,0,0,0,1,0.05203859367926045,116,0
6721,1935.795006489926,7,0,0,0,1,0.8530831940283774,726,0
6722,3249.9039180369728,17,0,0,0,1,0.13392618193423278,1262,0
6723,1530.530752454768,8,0,0,0,3,0.3007903259227839,1035,0
6724,90.66664154989624,18,0,0,0,3,0.7444924799710686,711,0
6725,665.7145989098011,9,1,0,0,2,0.3009997760902907,710,0
6726,3630.6538218347987,1,0,0,1,3,0.5055255404215387,1433,0
6727,489.0225778599317,16,0,0,0,4,0.15412472668803712,1632,0
6728,877.0179807811234,23,0,1,0,2,0.2915340122112293,417,0
6729,385.7400457932344,12,0,0,0,0,0.7342938186729346,351,0
6730,6528.435422706361,10,0,0,0,1,0.4182739345570007,656,0
6731,5892.8348367291,15,0,0,0,2,0.5631383033187888,1956,0
6732,453.1082705941395,19,1,0,0,3,0.3570432851134502,529,0
6733,1270.6679681897263,6,1,0,0,6,0.9306339923393271,1709,0
6734,555.2985806485675,2,0,0,0,3,0.856218002255335,922,1
6735,2028.28246799139,15,1,0,0,3,0.11274516402565227,919,0
6736,1825.6348658873112,18,0,0,0,1,0.9776823547392808,228,0
6737,2469.3384793191294,19,0,0,0,3,0.8093813846737022,941,0
6738,1528.3109459898708,15,0,0,0,1,0.15837184618604183,497,0
6739,20648.67034799525,1,0,0,1,1,0.04162546586460836,1967,0
6740,392.3193729481752,13,0,0,0,6,0.8930228918506513,241,1
6741,198.22379011857794,19,0,0,0,2,0.7577572345619455,696,0
6742,740.1921386340131,9,1,0,0,1,0.275561314975603,779,0
6743,228.60868309676877,18,0,0,0,0,0.9520036389317126,372,0
6744,246.54332285661863,23,0,0,0,2,0.9061437298153414,1258,1
6745,402.89877260921594,10,0,0,0,1,0.2132268567548805,627,0
6746,436.0736253473213,17,0,0,0,1,0.39917443075174164,542,0
6747,422.1589483807089,10,0,0,0,3,0.047353655201064604,1817,0
6748,1841.2849521702485,8,1,0,0,1,0.30825044663235646,866,0
6749,661.0377435581789,18,0,0,0,1,0.4959757028578311,1388,0
6750,916.4297601591726,19,0,0,0,1,0.06343047634055676,1173,0
6751,2681.7712637427935,9,0,0,0,3,0.3367765040146421,130,0
6752,509.62617931395465,2,0,0,1,1,0.15081627676717135,1731,0
6753,841.725626012031,2,0,0,0,2,0.9235347249566311,1285,1
6754,1580.9164445927418,23,0,0,0,3,0.8294951617174193,1197,0
6755,157.34363939160608,7,0,0,0,4,0.7663435338718843,834,0
6756,100.99737142922939,5,0,0,1,3,0.7745036862891378,735,1
6757,1550.1660431638877,19,0,0,0,1,0.014362020912818685,1216,0
6758,1793.661392838091,0,0,0,0,3,0.602415823737685,279,0
6759,8640.538055942254,19,0,1,0,1,0.5908588752847277,462,0
6760,1284.461541768258,23,0,0,0,0,0.9925817091282404,1426,0
6761,2489.2574129723994,5,0,0,0,2,0.632543690560268,1483,0
6762,901.921381815339,1,1,0,0,2,0.6505761983786625,1594,1
6763,1476.2010691369599,18,0,0,0,0,0.38080508304053295,1340,0
6764,5809.540981093128,6,0,0,0,1,0.5003798194148363,271,0
6765,131.10613445734535,10,0,0,0,1,0.39527346213695547,1109,0
6766,1658.4127638419818,10,1,0,0,2,0.9114578189409169,453,1
6767,9279.720716079912,3,1,0,1,1,0.2028638911122813,835,1
6768,1453.942656993266,19,0,0,0,3,0.15039955362225432,1490,0
6769,5713.419375348241,15,0,0,0,0,0.9969137345388661,520,1
6770,584.5181604390222,4,0,0,0,0,0.9308254420019312,934,0
6771,1062.0459898803015,23,0,1,0,5,0.5930444387171612,922,0
6772,1134.0206595145971,6,0,0,1,3,0.7727924267279949,1760,1
6773,119.39160882498834,15,0,0,0,2,0.11098623011491959,576,0
6774,340.97943656944904,14,0,0,0,5,0.7683506508447131,1997,0
6775,366.17996515122053,4,0,0,0,5,0.46487129737223876,448,1
6776,2495.055064875671,0,1,0,0,1,0.8270212502514598,1269,0
6777,2623.2075552298475,19,1,0,0,1,0.515587371966414,627,0
6778,1516.312140910529,21,0,0,0,3,0.7267520048672307,1663,0
6779,2500.142219043633,21,0,0,0,1,0.339397072613146,1866,0
6780,930.6195873517961,8,0,0,0,2,0.7317746242948636,1665,0
6781,3647.990217336851,20,0,0,0,2,0.27188278306731317,1535,0
6782,1106.3133305430651,4,0,0,0,0,0.9543704267512435,1834,1
6783,1161.9606205046025,21,0,0,0,2,0.6704193264989209,139,0
6784,840.8450236700461,5,0,0,0,1,0.478466199751194,1349,0
6785,2174.2748326131878,2,0,0,0,5,0.6059903913216842,509,0
6786,719.6760522897683,5,0,0,0,1,0.6164393897731183,1921,0
6787,2911.522377644678,7,0,0,0,5,0.8546321829833151,193,0
6788,353.4884668785349,5,0,0,0,2,0.558266202231304,1619,0
6789,365.4332899415704,15,1,0,0,1,0.563523103941141,434,0
6790,2180.755717526579,15,0,0,0,0,0.5867358862515426,1349,0
6791,1003.7073617622405,20,0,0,0,2,0.7730943510560027,1534,0
6792,696.5284112511657,2,0,0,0,0,0.4911719281582658,716,0
6793,2670.5980964653545,16,0,0,0,4,0.2130725890680275,348,0
6794,597.4906205832978,20,1,1,0,4,0.4180529453642732,956,0
6795,897.666614203564,5,0,0,1,1,0.3754858047624169,1957,0
6796,4443.6347151544605,5,1,0,0,0,0.05868186773425155,151,0
6797,5110.959045937634,21,1,0,0,4,0.7998138919324905,1541,1
6798,5283.786238138877,18,1,0,1,5,0.8362923772206825,1367,1
6799,827.0575016900292,19,0,0,1,2,0.2672470781114912,216,0
6800,3754.4718617969365,14,0,0,0,3,0.3239963545913601,1532,0
6801,424.5573820487035,18,0,0,0,3,0.32094807218433485,1361,0
6802,442.79066784190354,1,0,1,0,4,0.517264708223625,644,0
6803,104.53732110178363,7,0,1,0,3,0.46907336435168845,913,0
6804,5842.232042719041,6,0,0,0,3,0.8868033027141403,123,1
6805,462.21037793176686,7,0,0,0,1,0.4935786929131546,670,0
6806,966.2933086349983,12,1,0,1,2,0.1779115984016909,1260,0
6807,441.27826289003934,21,0,0,0,1,0.7475166023100636,54,1
6808,2197.6969460737528,14,0,0,0,0,0.8682295527237502,1396,0
6809,753.2267710864987,11,0,0,0,2,0.6094785781240843,1113,0
6810,297.43125110772695,14,0,1,0,4,0.7645784474157724,849,1
6811,1705.5835072936518,13,0,0,0,5,0.22448177802661506,1870,1
6812,261.45703690526716,6,0,0,0,0,0.8997888013643036,535,1
6813,474.6578718301825,16,0,0,0,4,0.07526706137610473,280,0
6814,133.36782138411675,4,0,0,0,4,0.8991557502944661,1297,0
6815,264.0244962856265,19,0,0,0,0,0.363939312482896,443,0
6816,1310.9786124637951,9,0,0,0,1,0.08988870487874845,564,0
6817,153.77091991170568,18,0,0,0,1,0.18139228010090025,558,0
6818,249.34918796465954,17,0,0,0,1,0.9891234761994134,209,0
6819,1094.0384010424314,23,0,0,0,1,0.37287724623378116,1142,0
6820,636.7601817440728,9,0,0,0,1,0.7741041432312848,1870,0
6821,8038.812368966104,1,1,0,0,4,0.4771854968452556,699,0
6822,6862.976687222923,5,1,0,0,0,0.5767355736169701,1615,0
6823,460.39164860442065,2,0,0,0,1,0.6365445557877702,1043,0
6824,1914.358040275602,18,0,0,0,2,0.6027726230549545,1663,0
6825,2319.9074157957284,4,0,0,0,3,0.9982922877334418,325,0
6826,603.3642889790182,6,1,0,0,0,0.5514319182443135,1297,0
6827,245.7853179122237,6,0,0,0,3,0.6212924961432118,353,0
6828,1083.2288660765723,9,0,0,0,3,0.3493551685855424,1127,0
6829,922.5617627701514,0,1,0,0,4,0.24057838893016648,1158,0
6830,709.2694545265042,10,0,0,0,3,0.4489933656577718,1817,0
6831,1706.699842539479,22,0,0,0,2,0.6142477632064419,1199,0
6832,517.6350167248951,6,0,0,0,2,0.3146654370459032,757,0
6833,346.5414555882418,5,0,0,0,2,0.49966525040054777,1937,0
6834,1223.0254810578758,5,1,0,0,3,0.8148980198798937,504,1
6835,1613.1919817217067,12,0,0,0,2,0.42387621930051633,1825,0
6836,338.1045124432551,15,0,0,0,1,0.5782002508818347,1163,0
6837,2774.1248608726073,12,0,1,0,4,0.9249939051078655,673,1
6838,186.70295206329345,1,0,0,0,2,0.6232176100272557,28,0
6839,615.1625496667077,18,0,0,0,5,0.31075467857566486,106,0
6840,847.2463172793325,18,0,1,0,3,0.5697866967285912,1577,0
6841,580.4341089848173,18,0,0,0,2,0.8608374050894873,827,0
6842,623.2448918920664,17,0,0,0,4,0.1528088436577627,1271,0
6843,7122.930325503646,5,0,0,0,3,0.823522585301576,1157,1
6844,468.3031820023532,1,0,0,0,2,0.10045758072364863,597,1
6845,12597.097666426349,18,0,0,0,1,0.957178317935857,1310,0
6846,1697.8648664133912,5,0,0,0,2,0.15957353399419882,1710,0
6847,1202.3763115985137,19,0,0,0,0,0.4661554914931261,1114,0
6848,1765.590286481457,22,0,0,0,2,0.9509435290840075,56,0
6849,13765.596473432739,21,0,0,0,1,0.2087502855578005,1795,0
6850,406.0218581939074,14,0,0,0,0,0.6418431808795088,1137,0
6851,357.659737693583,5,0,1,1,0,0.737312967876588,1493,1
6852,515.4981957382411,2,0,0,0,0,0.037871350733803766,501,0
6853,1132.455028873265,10,0,0,0,3,0.5941867107778663,12,0
6854,195.23986414590124,7,0,0,0,2,0.760011637811434,1159,0
6855,1121.4067908029622,21,0,0,0,2,0.9697177917448486,794,1
6856,5964.300936295398,17,0,0,0,3,0.13876859059270785,684,0
6857,1275.900382383562,16,1,0,0,1,0.863558234295217,568,1
6858,818.3699868657199,18,0,0,0,0,0.6293823215014869,951,0
6859,591.0139087046344,18,0,1,0,2,0.7274429233306391,231,0
6860,2693.2709610464303,23,1,0,0,0,0.7407005109362541,525,1
6861,480.1829738383489,20,0,0,0,1,0.7240902495910417,511,0
6862,6949.297960640738,16,0,0,0,2,0.9231056605870528,1486,0
6863,7580.691851182615,3,0,0,0,1,0.12308192879594015,921,0
6864,1417.6428388336988,6,1,0,0,2,0.28336234565128837,1873,0
6865,1084.0777580261151,4,0,0,0,1,0.9032981846307317,784,0
6866,3073.7691025277763,15,0,0,0,2,0.45645578881224624,220,0
6867,3277.3763966277565,5,0,0,0,3,0.40587024232396196,1640,0
6868,489.80544877245615,13,1,0,0,3,0.5391629166812261,1961,0
6869,647.7111668810883,19,0,0,1,1,0.3105841136524843,82,0
6870,292.2625567806319,1,0,0,0,0,0.5977095209012427,1156,0
6871,1650.8819484981186,17,0,0,0,0,0.8793644257282129,40,0
6872,2135.8668958402004,17,0,1,0,3,0.3957379550597907,1272,0
6873,284.312607131388,12,1,1,0,1,0.207795690651974,1075,0
6874,695.6183033575071,17,0,1,0,3,0.15618088783919493,977,0
6875,285.0732265183724,16,1,0,0,2,0.6977268755030215,183,0
6876,446.39320525850945,12,0,0,0,2,0.07356325994513035,1185,1
6877,1902.676884580493,11,0,1,1,3,0.07513374802103823,1662,0
6878,526.6403845327085,2,0,1,0,2,0.9612872261802429,295,0
6879,811.7350907122878,21,0,0,0,5,0.6670390593235568,1176,0
6880,215.44125462912322,6,0,0,0,4,0.18923286553957763,339,0
6881,1322.1179135300642,0,0,0,0,4,0.6324501134591358,1343,0
6882,1049.1406507036804,4,0,1,0,0,0.5787824674152402,1258,0
6883,529.027677003415,20,0,0,0,1,0.7791843945104204,1788,0
6884,907.7651523104122,0,0,0,0,3,0.42368297409194966,316,0
6885,1313.2954663810883,3,0,0,0,1,0.016823385762196774,366,0
6886,485.4769700571645,0,0,0,0,2,0.44015981354277156,1664,0
6887,250.56978285411103,12,0,0,0,2,0.6912592611872902,1378,0
6888,6671.329421961919,13,0,0,0,1,0.9572945686807228,1502,0
6889,582.1495044780329,14,0,0,0,4,0.8401480515962876,52,0
6890,995.4947968425678,16,0,0,0,0,0.023226513775984503,1585,0
6891,3013.446547304028,11,0,0,0,3,0.24464426096452685,1503,1
6892,37386.13480661485,6,1,0,0,0,0.5498715868116757,1602,1
6893,315.9277506023681,22,0,0,0,0,0.05533002012225974,809,0
6894,1719.5660023039818,18,0,0,0,1,0.5955739550578618,1679,0
6895,540.4746390521965,22,0,0,0,3,0.4290940616542418,504,0
6896,639.834593582649,2,0,0,0,6,0.6686464742599801,57,1
6897,533.675501412472,17,0,1,0,2,0.2205256117318466,1134,0
6898,355.79155232938757,3,0,0,1,0,0.18716611038025743,817,0
6899,1052.2738132811153,2,0,0,1,1,0.9152344268549822,1723,0
6900,251.01113807593282,11,0,0,0,1,0.3435544320691549,1994,0
6901,2826.53700024795,22,0,0,0,2,0.9710542585139267,262,1
6902,1158.6408730828107,11,0,1,0,2,0.15968016783290062,1505,1
6903,1673.1025110536452,16,0,0,0,2,0.7533437671114224,192,0
6904,688.015514657786,5,1,0,0,1,0.20159811044937725,1943,0
6905,759.6031043776957,14,0,0,0,1,0.7158241892638388,1450,0
6906,1462.0047732296096,1,0,0,0,1,0.26230774841917415,1605,1
6907,342.3896334239572,7,1,0,0,3,0.3316919788003525,1704,0
6908,766.6340474860485,13,0,1,0,3,0.6412600253513351,1823,0
6909,464.2329557867268,4,0,0,0,1,0.033563199202967575,1422,0
6910,450.0826305756081,2,0,0,0,1,0.2465568516540525,710,0
6911,132.97508227777172,9,1,0,0,2,0.8573235854064909,97,0
6912,4185.270387172929,6,0,0,0,4,0.31144075352116085,557,0
6913,551.9520887935256,10,0,0,0,3,0.9558319931728361,1632,0
6914,3510.016632889179,14,1,0,0,1,0.14322927608927005,1036,0
6915,3193.243088126549,1,0,0,0,1,0.7214887210601361,1191,1
6916,303.0810596969273,4,0,0,0,2,0.16317811884910793,493,0
6917,369.29240818170246,10,0,1,0,0,0.7637693457039701,1686,0
6918,14192.982898246164,7,0,0,1,6,0.21318646974204736,1358,1
6919,6316.534144925049,12,1,0,0,2,0.8660773972175849,1315,1
6920,1062.607940472928,10,0,0,0,2,0.6242142647573707,1752,0
6921,1418.5253235269756,16,0,0,0,1,0.8811077916797438,1123,0
6922,583.5636897734955,14,1,0,0,3,0.6280394596083622,975,0
6923,1689.7784661398084,0,0,0,1,4,0.8065967410681671,1805,1
6924,535.2950548562385,18,0,0,0,1,0.8698920740867236,1192,0
6925,143.6882806819155,15,0,0,1,4,0.4689093522975475,494,1
6926,292.4940175051643,18,0,1,0,3,0.6734291112628346,533,0
6927,1120.0098376320252,12,0,0,1,1,0.026587285624730228,954,0
6928,353.8711148508276,22,1,0,0,1,0.49636408998964,1987,0
6929,1025.2815482627386,21,0,0,0,0,0.2125103795035551,1736,0
6930,374.4053224946414,22,1,0,0,2,0.11450723603866408,1678,0
6931,501.5212992054386,3,0,0,0,3,0.9964662795624396,1778,1
6932,2573.8685189519947,10,1,1,0,0,0.9970692260136363,1215,0
6933,1404.56166044253,17,1,0,0,0,0.21291881336119345,236,0
6934,1086.0858823130152,17,0,0,0,2,0.8974210913124802,235,1
6935,2641.1348549457334,9,1,0,1,1,0.8970348064435293,906,0
6936,1773.3196781513616,16,0,1,0,3,0.976449790585136,97,1
6937,4659.0334491057365,12,0,0,1,6,0.392316757138068,1608,0
6938,692.3840157031591,13,0,0,0,3,0.93200705623994,1208,0
6939,713.630285974162,6,0,0,0,0,0.781844179462262,772,1
6940,298.5360612097027,9,0,0,0,4,0.734918208005785,567,0
6941,714.0973393201407,2,0,0,0,2,0.24781613742590125,1139,0
6942,2877.766911168498,1,0,1,0,0,0.49045090842163463,1417,0
6943,4023.8215817373352,18,0,1,0,0,0.7880387860481309,1725,1
6944,2864.9471095450863,6,0,0,0,1,0.8467616918555391,65,0
6945,182.32815873145893,4,1,0,0,0,0.19783529464181926,61,0
6946,3239.4058510369014,2,0,0,0,4,0.3112438632507113,952,0
6947,174.42264997082214,1,0,0,0,1,0.16255227787451387,215,0
6948,2692.208997111476,22,0,0,0,3,0.15128749655940954,1528,0
6949,759.1622126207652,21,1,0,0,2,0.21336605459390845,1101,0
6950,2213.94952284834,5,0,0,0,1,0.9093318918816478,1501,0
6951,289.32529753367726,13,0,0,0,0,0.3625504551887868,1333,0
6952,3537.4720211552362,6,0,0,0,2,0.4976128169857835,44,0
6953,253.41418725158567,21,0,0,1,4,0.011655278405033331,1336,0
6954,562.0243009856343,1,0,0,0,0,0.7529719982998463,350,1
6955,404.1982082910469,10,0,0,0,1,0.28857777596934475,1959,0
6956,189.75146694427968,20,0,0,0,3,0.7042183829684383,23,0
6957,1205.3527812356099,2,1,1,0,1,0.1988631679495293,661,1
6958,6674.763939919021,8,0,0,0,2,0.3770423091325974,359,0
6959,15786.417893338754,7,0,0,0,1,0.5176203026448206,1613,1
6960,1208.5248795763612,10,0,0,0,1,0.6312717421426829,735,0
6961,3349.884930308493,17,0,0,0,0,0.16487435939128725,397,0
6962,1383.116600477813,0,0,0,1,4,0.43232800559848883,315,0
6963,1806.0243103526727,14,0,0,0,3,0.011801388137937519,1790,0
6964,778.8756059715087,3,0,0,0,4,0.1327093594274643,1818,0
6965,1332.8528519124477,3,0,0,0,2,0.3281801142870895,1905,0
6966,1877.0913520963338,9,0,0,0,3,0.9368443180041698,728,1
6967,614.9495741074539,10,0,0,0,4,0.8832890326873796,89,0
6968,1014.8597454517989,17,0,0,0,0,0.5238422662278663,687,1
6969,1034.3928146117644,22,0,0,0,1,0.6044093733093135,250,0
6970,2505.900217764108,14,0,0,0,2,0.288280741648125,1668,0
6971,377.64999532199744,2,0,1,0,2,0.6698574831975295,1109,0
6972,1041.5422135704785,6,0,0,0,0,0.23712510534862075,1863,0
6973,7420.5278248258655,6,0,0,0,5,0.0025098097271585296,70,0
6974,3512.418647732683,16,0,0,0,1,0.9632358462465128,1350,0
6975,4226.709396646587,21,0,0,0,2,0.38162882582031876,171,0
6976,1123.7559046387526,19,0,0,0,1,0.5227207164242743,423,0
6977,1511.7112460790504,23,0,1,0,1,0.10009253755002923,927,0
6978,2987.631364646749,15,0,0,0,0,0.5273165212079682,841,0
6979,5220.014869996346,15,0,0,0,2,0.9023533335845363,1026,0
6980,155.77257439757548,7,0,0,0,2,0.8776489543389049,1493,0
6981,294.28794504516793,2,1,0,0,3,0.5779401227001189,519,0
6982,4062.0542656860066,19,0,0,1,0,0.8567396667377306,1537,0
6983,831.399681916946,14,0,1,0,2,0.3642403824574333,647,1
6984,560.1917919626279,0,0,0,0,2,0.19252769504813083,1033,0
6985,312.88603318464453,9,0,0,0,2,0.42163086952114603,473,0
6986,629.5361626482235,1,0,0,1,3,0.8096322536604532,1584,0
6987,269.7864490424359,6,0,0,0,0,0.7068613462394095,823,0
6988,8875.893388163886,13,1,0,0,3,0.38464126305096047,717,0
6989,1072.3029968610717,15,0,0,0,4,0.3415013519802935,1119,1
6990,1034.8890048287183,14,0,1,0,0,0.9643238096488721,1340,0
6991,1974.5122309618887,6,0,1,1,5,0.26337673701079733,122,0
6992,2870.79757047357,12,1,0,0,1,0.3081415452314218,1350,1
6993,2823.9394482759944,9,0,0,0,1,0.34729291261584094,1518,0
6994,3208.702548464543,8,0,0,0,3,0.7829676223581868,1614,0
6995,583.5641870612009,8,0,0,0,2,0.8501602067172842,1466,1
6996,814.1406949967877,5,0,0,0,0,0.21708708949456368,305,0
6997,2366.178902162122,23,0,0,0,1,0.40737667238619135,670,0
6998,647.1712472358485,11,0,1,0,2,0.8653960150009256,1558,0
6999,1091.0473309410688,22,0,0,1,1,0.31356765409090614,1268,0
7000,1633.963217447958,19,0,0,0,5,0.4038319687767109,260,1
7001,2404.7111762923323,19,1,0,0,2,0.5536623350750115,1117,0
7002,185.36355106926715,21,1,0,0,2,0.6414428809732049,1090,0
7003,2241.1527878214274,13,0,0,0,3,0.30361804654480196,542,0
7004,868.0731125385176,19,0,0,0,3,0.5758683372418976,664,0
7005,2224.8787769898618,6,0,0,1,4,0.7244200241697105,1360,0
7006,2384.945834957316,7,0,0,0,1,0.09008930833715445,537,0
7007,5474.822100618957,7,0,1,0,5,0.9993218880627505,577,1
7008,4244.815553984803,7,0,0,0,1,0.9327483736357287,972,0
7009,4215.703087647974,1,0,1,1,3,0.1529182622677674,1895,1
7010,4645.574473001705,13,0,0,0,2,0.331947350143459,1808,0
7011,1467.593091046843,9,0,0,0,1,0.281485390124123,1847,0
7012,1132.5025251150198,17,0,0,0,1,0.022074498782764795,1179,0
7013,2624.9498843790047,17,0,0,0,4,0.5019760981039518,1373,0
7014,2280.3425489545752,17,0,0,0,7,0.15822818272555672,1148,0
7015,805.0736494726474,15,1,1,0,3,0.1367481969970512,1399,1
7016,1643.8945131522955,19,0,0,0,5,0.21071993061517125,1501,0
7017,1058.8127722358067,4,0,0,0,0,0.7595766914645268,1092,0
7018,466.87758446508343,19,0,1,0,1,0.12918801058203488,956,1
7019,3985.6701346959044,4,0,0,1,2,0.6284705822450181,614,0
7020,1158.8683441398491,19,0,0,0,2,0.2907831634080217,379,0
7021,8507.541272737253,22,0,0,0,2,0.06840429309178675,1466,0
7022,215.83359770657634,9,0,0,0,1,0.9779460007069198,1504,0
7023,628.427851792317,16,1,0,0,0,0.6477383300263974,953,0
7024,1133.0165143463798,12,1,0,0,4,0.2036103851778276,944,0
7025,3419.949615468285,16,0,1,0,0,0.5061794264580805,1389,0
7026,1635.1165621125745,17,0,0,0,1,0.38853964680595654,1388,0
7027,1495.8842075683851,12,0,0,0,3,0.17535891039794937,1577,0
7028,355.21960627674036,16,0,0,0,1,0.9611916755053433,1732,0
7029,344.8324347860942,14,0,0,0,1,0.8593227126671267,162,0
7030,1513.9912586320963,11,0,0,0,1,0.3692366748844609,1186,0
7031,280.30940366519116,9,0,0,0,1,0.8108180873567795,898,0
7032,644.2728069684861,12,0,0,0,2,0.1896033839673722,1244,0
7033,1809.7017453111764,10,0,0,0,2,0.0750499989555864,495,0
7034,410.6230858695974,2,0,0,0,1,0.5266179826325382,1537,0
7035,5460.829402169644,21,0,0,0,1,0.3924554038790833,1530,0
7036,3729.152758105043,9,0,0,1,3,0.06982652185641824,87,0
7037,227.82550378531113,10,0,0,0,1,0.6304869192040929,1766,0
7038,431.65590593461485,5,0,0,0,0,0.8196224454620914,1829,0
7039,111.52209754284685,0,0,0,0,1,0.5273189366267524,851,0
7040,501.4022321012241,5,0,0,0,2,0.053912841363292774,699,0
7041,2359.932926337645,4,0,0,0,2,0.3774317584439585,987,0
7042,724.9517186888055,6,0,0,0,0,0.2508016022734365,427,0
7043,1738.5335397576841,21,0,0,0,2,0.14854773714946112,1651,0
7044,239.287481779617,11,0,0,0,3,0.499238613887373,443,0
7045,2435.6653793168166,11,0,0,0,2,0.06536023550375636,1868,0
7046,629.4779166380329,6,0,0,0,6,0.06315401084321293,321,1
7047,1110.0603722956914,1,0,0,0,2,0.7767172917120938,1037,0
7048,999.3704178948465,0,0,0,0,1,0.42753029808016985,367,0
7049,307.49274058299255,22,0,0,0,2,0.7446622682864331,1281,0
7050,346.1650443992109,17,0,0,0,1,0.326598189972677,1197,0
7051,2886.484108425032,11,0,0,0,0,0.35017128452892277,74,0
7052,1634.3364459544841,6,1,0,0,2,0.42825096488992265,142,0
7053,3133.9486612303026,18,0,0,0,3,0.30449217494603553,1960,0
7054,1517.2552660600372,21,0,0,0,2,0.5590442066332529,1942,0
7055,1265.2065074182292,2,0,0,0,4,0.07289103577357625,1663,0
7056,195.19311099711425,9,0,0,0,1,0.5573671756306023,1454,0
7057,836.8403430403539,10,0,0,1,1,0.7137326488235197,101,1
7058,1067.0100600376586,4,0,0,1,4,0.9922192771919724,1236,0
7059,7731.879056571642,1,0,0,1,3,0.6374894475675457,1784,0
7060,2179.7307349985285,7,1,1,0,0,0.7089548076217037,250,1
7061,5095.235578134578,13,0,1,0,0,0.5951996152995725,47,0
7062,1993.2818015849791,7,0,0,0,3,0.9509560219388579,699,0
7063,538.4511475865861,22,0,0,0,2,0.809773724693724,860,0
7064,1232.899777184592,5,0,0,0,8,0.6151487507650419,1420,0
7065,1388.839306871231,0,0,0,0,4,0.3326784770320479,1849,0
7066,428.7373227998783,23,0,0,0,2,0.32443400785302245,1488,0
7067,746.6620128766597,0,0,0,0,1,0.753273397148654,1089,1
7068,892.6843137361752,7,0,0,0,3,0.9285996199450289,914,0
7069,5462.2705424628775,10,0,0,0,5,0.9856209310853095,708,0
7070,136.9011968281028,17,0,0,0,1,0.2623352481589659,1606,0
7071,3662.196638132811,23,0,1,0,4,0.5919494703964684,570,0
7072,429.75048165446873,9,0,0,0,0,0.7020010716337445,691,1
7073,278.08332881920995,11,0,0,0,1,0.4130408527402095,830,0
7074,3568.648137316859,19,0,0,1,2,0.1092240995737126,1982,1
7075,2279.925553027294,22,0,0,0,3,0.28598735261963204,1905,1
7076,3844.960859796576,15,0,0,0,1,0.5154888637742175,1132,0
7077,2442.3157536124763,4,1,0,0,0,0.11500834497559353,931,0
7078,8602.817128971055,15,0,0,1,1,0.3129775284510805,716,1
7079,1917.3970401149525,23,0,0,0,2,0.2577430609713611,795,0
7080,937.7867932631816,11,0,1,0,2,0.3544095121118538,1720,0
7081,1545.2274221802684,5,0,0,0,2,0.6868892531704008,1565,0
7082,3802.709539541296,4,0,0,0,1,0.4761957746084202,1067,1
7083,503.01735613342396,0,0,0,1,5,0.3761819674411022,373,1
7084,571.4125296091222,18,0,0,0,0,0.27477945876617027,1041,0
7085,805.1591706608775,9,0,0,0,5,0.6886558468722974,1957,0
7086,133.67576467664014,13,0,0,0,4,0.6744306341774001,1018,0
7087,1259.006766354041,20,0,0,0,2,0.44648162072104736,40,0
7088,166.31295691279922,2,0,0,0,2,0.2787855065154575,254,0
7089,1156.391098981107,5,0,0,0,2,0.8089211270968902,1115,1
7090,2605.265207573069,4,0,0,0,3,0.8521297861737097,697,1
7091,680.7012653559434,16,0,0,1,1,0.8461582717563881,902,1
7092,5867.100685982297,17,0,0,0,5,0.39266865210311663,356,0
7093,254.5504633407744,11,0,0,0,0,0.2541677858045155,187,0
7094,3609.2695193167765,4,0,0,0,5,0.8460337077996358,955,1
7095,2154.118901261092,8,0,0,0,2,0.979737202340503,621,0
7096,197.15037288309546,11,0,0,0,5,0.1936338004887196,885,0
7097,16494.698397915,19,0,0,0,4,0.6364702418060668,1779,0
7098,1028.9094300292852,8,0,0,0,3,0.3296270021705283,967,0
7099,456.01056488085663,2,0,0,0,1,0.4858283323072856,1579,0
7100,268.5166183194657,0,0,0,0,3,0.5722441842651258,634,0
7101,880.0528586713635,21,0,0,0,3,0.5386738826335218,1408,0
7102,965.4488547080941,14,0,0,0,2,0.7616664460224192,84,1
7103,1215.1776128902613,9,0,0,0,1,0.9716766443207786,1482,0
7104,814.1982150371275,13,0,0,0,2,0.08605354586609792,911,0
7105,2065.7018159801573,6,0,0,0,1,0.6834406048909296,15,0
7106,744.2449148852381,3,1,0,0,2,0.5233036070796907,87,0
7107,158.38612530296305,4,0,0,0,2,0.396667526356289,10,1
7108,944.4837711820335,19,0,0,0,2,0.6621475327239933,1860,0
7109,102.77296649780935,15,0,0,0,1,0.8861422132545747,1825,1
7110,1562.0754471901803,2,0,0,0,3,0.6106103721190029,1484,0
7111,411.8667067582016,16,0,1,0,1,0.8205167592864261,1801,0
7112,1291.2426844205443,12,0,0,0,1,0.2953016739726635,1435,0
7113,4080.9087748304364,5,0,0,0,0,0.437662785456408,446,0
7114,424.644056855054,4,0,0,0,1,0.17431448872774036,890,0
7115,3169.269055785474,15,1,0,0,2,0.5725657220136128,1035,0
7116,710.9559218623999,10,0,0,0,2,0.7394628101437791,224,0
7117,6330.881747656751,16,0,0,0,3,0.579320756785114,1423,1
7118,761.1628934547517,4,0,0,0,3,0.9120321666787137,199,0
7119,473.19473917575505,5,0,0,0,3,0.8593717689046163,1626,1
7120,2180.3451095682663,9,0,0,0,1,0.42438128564649646,1288,0
7121,709.2515580022521,20,0,0,0,4,0.5722518414144543,325,0
7122,472.74233126885366,0,0,0,0,3,0.6470188573130417,194,0
7123,680.0458003080521,20,0,0,0,3,0.8074725544956628,1154,0
7124,1048.791122331016,9,0,0,0,3,0.0747460613809563,458,0
7125,4197.230286941195,16,0,0,0,2,0.807414296717721,913,0
7126,158.5249912738851,2,0,0,0,2,0.06663803961616843,333,0
7127,1122.238532109477,1,0,0,0,0,0.7195315622326075,521,0
7128,2048.5829611509453,16,0,0,0,4,0.46531559867095407,1488,0
7129,1330.6842664845153,3,0,0,0,1,0.23724749238275822,1863,0
7130,4063.765027025193,1,0,0,1,3,0.7069849658743792,1100,1
7131,1018.0605454477613,4,0,0,0,5,0.8703792562383805,4,1
7132,911.8254304882787,9,0,0,0,1,0.8287168413212601,1781,0
7133,1982.9274601995203,0,0,0,0,1,0.19412682104270895,31,0
7134,1211.1357260686525,0,0,0,0,2,0.6041032297834869,224,0
7135,742.1795994980226,3,0,0,0,1,0.6631209299173332,1764,1
7136,1837.4684108891574,6,0,0,0,1,0.05235112100866668,899,0
7137,571.0471078028164,13,0,1,0,3,0.32824291915085135,1065,0
7138,595.1555785853864,13,0,0,0,0,0.10428630701040176,647,0
7139,646.7798528375201,17,0,0,0,0,0.4168252246828058,1218,0
7140,4243.18378937299,1,0,0,0,0,0.7272741575850395,1611,0
7141,43.77153166215702,0,0,0,0,2,0.8052721445263809,178,1
7142,1628.8000136928956,20,0,0,0,2,0.7632451712772937,1596,0
7143,1134.8682163143828,21,0,0,0,1,0.27167078154542335,967,0
7144,204.20605156306317,15,0,0,0,0,0.14868569261149,303,0
7145,1494.768731390129,21,0,0,0,2,0.8724984759342597,1593,0
7146,1764.728250571389,17,0,1,0,2,0.7425131140338904,340,1
7147,1977.5999289923516,15,1,0,0,1,0.755271061036017,406,1
7148,77.33695679088247,22,0,0,0,4,0.2708499738924356,1302,0
7149,4300.082174528156,21,0,0,0,1,0.5721468305129945,1881,0
7150,524.4044801915301,23,0,0,0,3,0.897909360340344,1810,0
7151,2178.8832344594985,5,0,0,0,1,0.8341605905321617,714,0
7152,2300.9417639155254,9,0,0,0,3,0.2673878569167444,702,0
7153,456.36955748899163,1,0,1,0,0,0.950840622982097,882,0
7154,2122.7335603670103,6,0,0,0,0,0.37870520036386246,485,0
7155,745.8367623895773,20,0,0,0,2,0.5726880872586562,1804,0
7156,138.18907010139964,16,0,0,0,0,0.7313221905485415,1053,0
7157,3525.374411124771,2,0,0,0,2,0.2508861411445985,259,0
7158,505.2003266156564,19,1,0,1,1,0.3934664525309468,1973,1
7159,466.61594757550006,11,0,0,0,1,0.9292836763060296,1911,0
7160,732.8449356502217,1,0,0,0,1,0.07575847789725765,1562,0
7161,1439.7672179876918,6,1,0,0,1,0.02042468563768629,465,0
7162,1035.5931042737716,16,1,0,0,3,0.9647125174413091,724,1
7163,1897.0720015691738,18,0,0,0,1,0.8752325829927651,180,0
7164,287.2953077070744,11,0,0,0,2,0.8004361333867478,995,0
7165,521.9718345203067,8,0,0,0,1,0.33352090439044835,724,0
7166,976.5275155813883,13,0,0,0,1,0.37660272033389364,1511,0
7167,7316.49957656653,1,0,1,0,2,0.8972846103153552,590,0
7168,978.6631048353347,20,0,0,0,2,0.9750307367322559,874,0
7169,3246.1412546690767,3,0,0,0,0,0.06135939097847776,1705,0
7170,1139.739684956729,18,0,0,0,2,0.46824791560910983,1274,0
7171,676.1002491197727,20,0,0,0,1,0.4006447807168775,1677,0
7172,856.8608835882003,15,0,0,0,1,0.7369739367223272,1912,0
7173,926.6540362439558,21,0,0,0,2,0.4934160032930367,1704,0
7174,2005.4940913055939,16,0,0,0,1,0.0785807203047072,1628,0
7175,4335.582569340369,1,0,0,0,0,0.16727607230055364,997,0
7176,1571.334987725632,16,0,0,0,0,0.3074348742145989,51,0
7177,3594.203467124537,18,1,0,0,3,0.7872556740134549,864,0
7178,417.8866662425039,7,0,1,1,3,0.7736825934711385,1922,0
7179,724.4186645344558,23,1,0,0,0,0.7716104582256635,164,1
7180,531.4969534562223,19,0,0,0,1,0.7768742915808229,270,0
7181,1501.8374301418182,5,1,1,0,5,0.4164452611828925,768,0
7182,765.892342497349,11,0,0,0,0,0.6147482444624123,1019,0
7183,2275.08555446046,22,0,0,0,0,0.14481087449692465,666,0
7184,432.2474773117092,17,0,0,0,1,0.22438498391624173,1730,0
7185,1144.8523701643146,1,0,0,0,0,0.3235660950427208,1931,0
7186,2179.5155602335803,18,0,0,0,1,0.5133267188828324,713,0
7187,139.03104102966418,23,0,1,0,1,0.18385203907579795,1074,0
7188,9151.117732168395,9,0,0,0,4,0.8744518783274978,484,1
7189,826.2092866702856,2,1,0,0,2,0.6213196214050064,1405,0
7190,144.74304780574587,11,0,0,0,2,0.5370089918064412,1351,0
7191,1284.4602864774204,15,0,0,0,1,0.01606888280086105,419,0
7192,1133.9285417508459,11,0,0,0,3,0.562370396535533,977,0
7193,1010.4040915131787,7,0,0,0,4,0.915791334218546,730,0
7194,2954.814381850552,4,0,1,0,1,0.22390984192510033,925,1
7195,2315.6483021187114,10,0,1,0,1,0.22071474239672761,1574,0
7196,1477.159389442954,9,0,0,0,1,0.9146548218600248,289,1
7197,1720.13083529521,2,0,0,0,0,0.8326956733888978,1355,0
7198,987.9593474166528,22,0,0,0,3,0.6805394989447431,226,0
7199,6473.620730226397,8,0,0,0,2,0.7332214440700535,390,0
7200,249.8358198788353,11,0,0,0,4,0.05921118221391064,1170,0
7201,1260.9890775817853,5,0,0,0,3,0.7613166426276463,159,0
7202,1170.3107972470402,18,0,0,0,1,0.7445895760206522,1871,0
7203,2473.2303423439857,15,1,0,0,1,0.04997793805531214,734,0
7204,471.6070523175747,20,0,0,0,2,0.7897312856389409,747,0
7205,191.77587981932854,22,0,0,0,2,0.6408856654653647,1869,1
7206,1282.8289252586553,23,0,0,0,0,0.5713526255280486,1157,0
7207,1452.7745535178813,13,0,0,0,1,0.5144743971091423,1748,0
7208,4863.917243643226,3,0,0,0,2,0.5135069552855354,296,0
7209,307.85778941704694,17,0,0,0,0,0.23437454928588253,1536,0
7210,3479.6735702505193,9,0,0,1,4,0.0030929428006973847,431,0
7211,11700.821874788142,17,0,0,0,1,0.9597726611485093,831,1
7212,751.6231834131045,11,1,0,1,1,0.4614043396876314,850,0
7213,301.5867734329211,18,0,0,1,3,0.04347655974640707,555,1
7214,729.9862027538485,7,0,0,0,1,0.33114879310148504,1538,0
7215,1112.0995201807605,0,0,0,0,2,0.373069893631948,332,0
7216,1927.1314385862784,13,0,0,1,1,0.8711301110431824,1428,0
7217,607.0464245904228,22,0,0,0,0,0.34229354498227593,369,0
7218,5193.683912774952,5,0,0,0,1,0.8792795899944613,762,0
7219,359.77098814821,13,0,0,0,1,0.44254744249881317,755,0
7220,192.6345456117661,1,0,0,0,0,0.16693956981743396,280,0
7221,3316.6496946726747,8,0,0,0,2,0.2858758555978872,1097,0
7222,112.77322781111268,11,0,0,0,0,0.8478395292559973,366,0
7223,894.1470357127876,4,0,0,0,2,0.1603091068502459,1699,0
7224,24777.248929060373,1,0,0,0,1,0.6150504339517536,695,0
7225,1083.5050123515637,18,0,1,0,0,0.7255124307929595,948,0
7226,357.53467459463167,6,0,0,0,2,0.3121654054418799,1503,0
7227,1035.4615374578138,6,1,0,0,1,0.8036726727661855,45,0
7228,1042.3147201266013,9,0,0,1,1,0.3129689017494146,1327,0
7229,1287.7476201209818,16,0,0,0,2,0.27205893477141574,349,0
7230,2126.5643647403767,13,0,1,0,2,0.07509680924490592,1403,0
7231,387.9547975327625,10,0,0,0,0,0.5854910291860224,51,0
7232,5928.627738844947,19,0,0,1,2,0.5324634775933309,1909,0
7233,1401.242026890914,5,0,0,0,4,0.6624755198684416,1913,0
7234,2268.3184077136,7,0,0,0,2,0.4680034307255797,285,0
7235,585.1396871870179,18,0,0,0,0,0.20565993037742625,964,0
7236,3969.4472688388787,18,0,0,0,0,0.10359081046749563,1384,0
7237,848.0567800758321,23,1,0,0,0,0.49924271834819367,1714,0
7238,1447.4410938057677,23,0,0,0,4,0.5372697997818475,123,0
7239,431.338827010878,23,0,0,0,0,0.9322547478651436,1273,0
7240,404.66856481941807,16,0,0,0,3,0.494626438813488,1038,0
7241,2182.4542088785206,23,1,0,0,4,0.9327161146357754,1692,1
7242,703.728881017758,23,0,0,0,3,0.6353379028378138,1082,0
7243,466.92886022311916,17,1,0,0,0,0.1502639304624297,1057,0
7244,576.4085272368334,11,0,0,0,2,0.08603413009913397,360,0
7245,2206.0372197341476,8,0,0,0,1,0.9615804605707972,1096,0
7246,584.6200440089234,22,0,0,0,0,0.2037874164985659,1587,0
7247,974.9099116272529,23,0,0,0,0,0.34772426384510313,1409,0
7248,1113.237538444191,15,0,0,0,2,0.03540662765573743,1348,0
7249,161.20085176969872,17,0,1,0,1,0.27485692715700083,1565,0
7250,251.86005466591212,15,0,0,0,0,0.9564238996042627,1315,1
7251,1534.9880719086623,15,0,0,0,1,0.09129909154313764,914,1
7252,524.7755455286828,3,0,0,0,4,0.8986470820148047,1126,0
7253,3154.9404856039405,22,0,0,0,1,0.06551319529796451,1663,0
7254,2883.6355022946873,21,0,0,0,1,0.6509324361970833,1964,0
7255,2251.087397781653,6,0,0,0,0,0.495370582727352,1335,0
7256,6766.7201976456745,0,1,0,0,3,0.7306353074669435,882,0
7257,1009.1974320836886,23,0,0,0,1,0.7777100373260424,164,0
7258,2098.2982245099165,22,0,1,0,2,0.6778111668433833,1384,1
7259,611.306838265794,19,0,0,0,4,0.19639260262363634,640,0
7260,12738.31822389367,0,0,0,0,1,0.6344861922546614,659,0
7261,7971.5453785991795,7,0,0,0,0,0.6179274023305581,689,0
7262,1109.739336245583,22,0,0,0,2,0.8504245122842109,636,0
7263,1614.1862357993678,7,0,1,0,4,0.11419561329473771,1813,0
7264,4269.694676633409,9,0,0,0,2,0.6033358883430764,247,0
7265,946.5847387668546,0,0,0,0,0,0.20587500803453906,181,0
7266,568.713009097335,20,0,0,1,2,0.6635637194698283,123,0
7267,2628.02988421537,20,0,0,0,1,0.5182926018631021,1104,0
7268,1186.1158381564985,13,0,1,1,2,0.18994118978696606,70,1
7269,1316.845588039647,13,0,0,0,2,0.12319022105715638,1370,0
7270,476.1479650782744,9,0,0,0,2,0.6985565531468396,513,0
7271,196.82752775429861,18,0,0,0,3,0.817939251759912,1106,0
7272,1388.7264871690065,15,0,0,0,1,0.37004385108335036,1020,0
7273,2710.6996161426678,8,0,0,0,1,0.6221023956564709,1259,0
7274,874.9731944061535,19,0,0,0,2,0.8058446444287037,1793,0
7275,4612.058287607984,15,0,1,0,1,0.7235863039600627,539,0
7276,542.4433600816004,19,1,0,0,2,0.7294260040323879,1171,0
7277,381.95222870259363,7,0,0,0,0,0.5577662106051212,1507,0
7278,1025.3298993403043,6,0,0,0,2,0.13678667812725398,1114,0
7279,1009.6988778588509,10,0,0,0,1,0.9467723222266015,380,0
7280,2368.3972305784496,20,1,0,0,1,0.30699047179271177,308,0
7281,505.2418249454548,5,0,1,0,2,0.11439495982958536,1231,0
7282,4307.419314443879,14,0,0,0,3,0.8637032563559316,1734,0
7283,7839.39516077642,18,1,0,0,1,0.8825875119732436,63,1
7284,1054.5358252560225,13,0,0,0,3,0.8761929381041738,863,0
7285,3826.5175787301378,14,0,0,0,2,0.51647736488745,226,0
7286,381.268148485945,5,0,0,0,1,0.3091387616107083,1277,0
7287,3213.839287576904,23,0,1,0,3,0.8117513737359832,241,1
7288,3125.2714067506777,9,0,0,0,2,0.9275747378233901,1390,0
7289,2600.4434838871775,13,0,0,0,3,0.010260885144124599,977,0
7290,1079.698280445897,15,0,0,0,2,0.9057198101499517,378,0
7291,57.15409600253051,12,1,0,0,1,0.23627811867175108,323,0
7292,577.2485038353215,10,0,0,0,2,0.7947366674484947,1771,0
7293,586.4479880975174,2,0,0,0,2,0.810359432994064,340,0
7294,412.29745291192313,7,0,0,1,5,0.5617906063135184,1154,0
7295,1239.2269100708902,2,0,0,0,2,0.43759945459631056,37,0
7296,721.2865947418084,1,0,0,0,5,0.22463796190282181,181,0
7297,480.7695216183898,20,0,0,0,1,0.24005470146842267,1737,0
7298,380.39106872404017,13,0,0,0,2,0.497564477469124,1495,0
7299,536.1891628173806,19,0,0,0,3,0.14258867373279804,1249,0
7300,3366.0634062730214,20,1,1,0,2,0.6766894486098077,1007,1
7301,566.2156118749726,21,0,1,0,3,0.03172602343960507,1575,0
7302,655.279127403116,14,0,0,1,1,0.026814313284682978,1659,0
7303,694.5765539412622,2,0,0,0,4,0.5101697310377039,384,0
7304,1539.1621883202113,0,1,0,0,0,0.2659428105603068,671,0
7305,1730.645066026676,14,0,0,0,5,0.47745208117215965,1043,1
7306,52.213624195970134,19,1,0,0,1,0.5577210218749677,1834,1
7307,3046.154376326529,21,0,0,0,2,0.311279889370886,1715,0
7308,4611.774722468486,1,1,0,0,2,0.8790795726919182,123,1
7309,383.6817614018728,17,0,0,1,1,0.49614524017402806,1476,0
7310,414.7607115525339,0,0,1,0,3,0.8222602271108073,1391,0
7311,699.067016333931,8,0,0,0,2,0.892918918633384,1570,0
7312,514.9119836601202,2,0,0,0,0,0.8892806069123127,1401,0
7313,1371.865640665888,1,1,0,0,3,0.06574319147188756,1974,0
7314,156.5655408430732,3,0,1,0,2,0.044942974104014044,1338,0
7315,358.5515315978843,15,0,1,0,2,0.5920337449500633,1807,0
7316,5111.23941203643,21,0,0,0,1,0.41009858718654835,1565,0
7317,433.4515532003496,0,0,0,0,3,0.7717393802642013,185,1
7318,3802.5542011052275,8,0,0,0,0,0.9536369191242744,242,1
7319,1564.5260217332395,7,0,0,0,2,0.06739416846117285,134,0
7320,179.60002326603973,5,1,0,0,3,0.6304964259860331,1070,0
7321,2070.0523902035266,19,1,0,0,3,0.6045726810465274,873,0
7322,974.8978514903735,17,0,0,1,4,0.8688256358056952,1095,1
7323,695.4317973192847,15,0,0,0,2,0.31372880149213855,27,0
7324,1401.021781285145,7,0,0,0,2,0.5156735847437923,1753,0
7325,1762.7554944432738,22,0,0,0,5,0.9406996454683202,1665,0
7326,2225.1771779617857,3,0,0,0,3,0.9955702973665316,1609,0
7327,3562.6247715194518,2,0,0,0,2,0.5675157419077698,1686,0
7328,1649.3489491865469,14,0,0,0,1,0.20788957021347088,1174,0
7329,277.09652500620723,5,0,0,0,0,0.7934714556844128,949,0
7330,682.9041700608395,0,0,0,1,4,0.3751185605335646,636,0
7331,20807.074650116065,17,0,0,0,3,0.912338014000883,1474,0
7332,2263.1005128072634,22,0,0,1,1,0.7954935105972456,1222,0
7333,11722.757309914256,10,0,0,0,1,0.9397512374864065,1905,0
7334,4426.808091350309,2,0,0,0,2,0.21484582038713707,1373,0
7335,1396.6084929512738,12,0,0,0,4,0.4154604551358567,961,0
7336,1482.3842789496578,16,0,1,0,1,0.2497032916882016,311,0
7337,1057.2431107388668,17,0,1,0,0,0.9405444321777242,1233,0
7338,192.90452630534944,13,0,1,0,2,0.734588203903703,111,0
7339,1116.6040416437017,6,0,0,0,1,0.02460491437315815,224,0
7340,3680.0239987537866,6,0,0,0,3,0.27941745527604755,1324,0
7341,602.0617442079098,13,0,0,0,2,0.7375763073490273,37,0
7342,1655.656687368841,23,0,0,0,2,0.6811619044965352,806,0
7343,2569.8197670902264,14,0,0,0,1,0.037782194097459865,452,0
7344,441.5624946167695,11,0,0,0,3,0.38527862799305523,1541,0
7345,698.3337467245872,11,0,0,0,1,0.7936983317628904,1778,1
7346,396.2671121607836,7,0,0,0,3,0.33899856613052337,279,0
7347,481.9471175045227,15,0,0,0,3,0.24007583242347796,700,0
7348,302.5948301209498,8,0,0,0,2,0.7102279732489929,298,0
7349,445.6578649207645,1,0,0,0,0,0.653065013237478,721,0
7350,4534.434603505454,13,0,0,0,3,0.025269422335711944,610,0
7351,439.0103420111788,23,0,1,0,5,0.9058802432381554,152,0
7352,1244.462786587807,23,0,0,0,3,0.4864796347531737,1450,0
7353,663.2362399013887,15,0,0,0,2,0.8574419360327914,754,0
7354,3564.8096490141716,4,0,0,0,3,0.3907081721737091,1777,0
7355,4069.039667254586,4,0,0,0,4,0.37536972416194203,501,0
7356,2602.0893101517136,19,0,0,0,1,0.12210525060356614,816,0
7357,1489.4088170152556,20,0,1,0,2,0.7978726922724255,994,1
7358,870.3891958418367,17,0,0,0,1,0.0041218502500065535,1658,0
7359,332.9942743900498,17,0,0,0,3,0.2895908731151836,995,0
7360,7658.174214474212,4,0,0,0,2,0.0726340224813995,1798,0
7361,513.0262339910944,10,0,0,0,2,0.7120326111765358,742,0
7362,2129.5082149232016,12,0,0,0,0,0.7166968537124132,1219,0
7363,3163.9153443127766,2,0,0,0,3,0.31354140766362526,1262,0
7364,629.3701158309497,16,1,0,0,2,0.7022064542857568,784,0
7365,3096.45295504042,17,0,0,0,1,0.24839209391373818,1437,0
7366,2354.8050067451686,13,0,0,0,1,0.31395243296653785,1226,0
7367,6173.145764695077,11,0,0,0,3,0.8070791497268047,1082,0
7368,685.8462886348711,13,0,0,0,0,0.7392018842953925,477,0
7369,303.1221873248249,17,0,0,0,1,0.7739114921193984,1759,0
7370,661.500172651839,19,0,0,0,5,0.11274661867691815,387,0
7371,1351.3421226913406,1,0,0,0,3,0.1326698588383033,1895,0
7372,1162.3658431790645,6,0,0,0,3,0.30324045352066964,622,0
7373,739.9348218407223,14,0,0,0,3,0.10344397163060659,1046,0
7374,162.52023888884872,9,0,0,0,2,0.5212830033437409,1519,0
7375,1755.4543585072784,14,0,0,0,2,0.5309637051622822,1857,0
7376,7882.059283324332,16,0,0,0,2,0.34758715656815453,1183,0
7377,1744.5488074248292,10,0,0,0,2,0.4146689287012604,773,0
7378,2016.5340886965218,1,0,0,0,1,0.09938695281523102,1499,0
7379,1943.8878755195274,20,0,0,0,1,0.6788562612195735,887,0
7380,1631.1599555463933,17,1,0,0,1,0.2648764748564656,1830,0
7381,2784.0610967023695,3,0,0,0,3,0.7772067398164322,404,0
7382,1628.4333248253486,8,0,0,0,1,0.7709826947592504,961,0
7383,802.1718248328417,16,0,0,0,3,0.5912035080040352,1003,0
7384,494.729471026288,16,0,0,0,1,0.43896995391928295,343,0
7385,854.9357712066917,16,0,0,0,1,0.20676764521874813,381,0
7386,1501.3642840883012,15,0,0,0,4,0.9375650054334502,1600,0
7387,799.4444419595939,19,0,0,0,6,0.896162317769124,1476,0
7388,1501.6783823509497,7,0,0,0,2,0.7521747389146881,798,0
7389,1701.3037258720492,22,0,0,1,3,0.9182357492565812,196,0
7390,2522.938143431563,14,0,0,0,2,0.8992352992555759,885,1
7391,3955.2337024647386,0,1,0,0,1,0.522183200547729,1415,0
7392,1185.6037511696827,18,0,0,0,1,0.20975894882559698,1981,0
7393,296.5522527706795,14,0,0,0,1,0.20387848761545957,1884,0
7394,776.5770796751648,8,0,0,0,3,0.4971683574476249,1001,0
7395,1146.0340024756003,4,0,0,0,2,0.7249751702033665,1716,1
7396,174.9029491533959,15,1,0,0,3,0.4045347975782252,125,0
7397,4396.941744188512,12,0,0,0,4,0.4037885241501723,1183,0
7398,1264.431524627475,15,0,0,0,4,0.07286233140283527,273,0
7399,1605.7606275990252,21,0,0,0,1,0.7787847801035889,1230,0
7400,4296.3730221400165,10,0,0,0,2,0.17167199920219667,787,0
7401,583.9744137856928,12,0,0,0,1,0.8985543661859278,391,1
7402,1946.9940139807368,5,1,0,0,1,0.17423623016926415,634,0
7403,982.5349119447037,19,0,0,0,1,0.7422618806162768,1018,0
7404,912.2491403576036,16,0,0,0,2,0.7456446337697883,879,1
7405,506.6435059545701,4,0,0,0,1,0.8616811416152277,535,0
7406,5799.9420997707,16,1,0,0,2,0.5212813740448139,1602,0
7407,753.327424455583,0,0,0,0,1,0.4026450792352544,1147,0
7408,2207.1651794711884,4,0,0,0,3,0.09707917111081588,1846,0
7409,168.17289927468258,4,0,0,0,2,0.8347753708344685,251,0
7410,3568.8137251877047,6,0,0,0,2,0.4170763576226072,1100,0
7411,3140.731947248686,15,0,0,0,1,0.9891247603617048,496,0
7412,1208.8612869142985,17,0,0,0,0,0.29886593456761246,43,0
7413,873.9800365005184,5,1,0,0,0,0.43807369320267897,907,0
7414,1635.9844391796346,1,0,0,0,2,0.41646242166043124,285,1
7415,10816.095858279816,12,0,0,0,3,0.4776902060950722,1443,0
7416,188.0604213014325,9,0,0,0,0,0.2226071714631207,1853,0
7417,2397.1298085907047,20,0,1,0,1,0.27375011122098725,1180,0
7418,440.7080763413907,19,0,0,0,3,0.46051690370244214,442,0
7419,1075.0060878911318,10,1,0,0,0,0.7709980245926364,736,1
7420,855.8711857845384,20,0,0,0,1,0.7445257255529116,647,0
7421,714.5705566661901,1,0,0,0,1,0.18449380085932587,127,0
7422,1085.216593011193,7,0,0,0,2,0.5314442406835077,1809,0
7423,352.77443371839945,23,1,1,0,3,0.5223020542993783,1346,0
7424,3069.2252161120105,21,0,0,0,2,0.5708065875501878,662,0
7425,182.33697548670867,18,0,0,0,2,0.3146388512312701,1180,0
7426,1881.3869305061253,19,0,0,0,0,0.7181849280430466,1849,0
7427,791.1314590635516,16,0,0,1,0,0.2803845661306962,514,0
7428,340.04402896855805,15,0,0,0,3,0.3288857259232496,604,0
7429,1342.6269316097744,9,0,0,0,5,0.1916949375319703,1236,0
7430,231.14585386710928,4,0,0,0,2,0.16055764077009627,1725,0
7431,1141.0610130206999,13,1,0,0,3,0.8812829199442698,1483,0
7432,264.31011510737306,23,0,1,0,2,0.3939825240011968,1197,0
7433,1739.3592622717297,18,0,0,0,2,0.7555072181244636,533,0
7434,435.1290554874682,3,1,0,0,5,0.7585353937786461,1234,0
7435,698.5494585360786,19,0,0,0,0,0.5708359269710818,184,0
7436,1471.3702492475452,15,0,0,1,3,0.8259004597067059,444,1
7437,506.46635152130153,23,0,0,0,0,0.0008604501179327873,1887,0
7438,1034.8750774839166,14,0,0,0,1,0.16174343684665304,707,0
7439,241.33101534685824,8,0,0,0,5,0.8540084759958217,676,0
7440,2060.853720987747,2,0,0,0,0,0.9367983579387331,425,0
7441,6405.509802051307,22,0,0,0,1,0.5109869511725149,1002,0
7442,17893.78756015757,8,0,0,0,1,0.6932727480744834,1269,0
7443,1201.3102879041055,17,0,0,0,4,0.15614173670296627,531,0
7444,2411.982110142012,3,0,0,0,6,0.6714298902702835,48,0
7445,184.81851195227054,18,0,0,0,3,0.6493547899080078,647,0
7446,4928.225811515951,23,0,0,0,2,0.10961779004550554,1118,0
7447,2383.2693600535185,3,0,0,0,3,0.7830842933578811,459,1
7448,675.9144772182508,8,0,0,1,1,0.03357995583453666,907,0
7449,3778.871882506245,0,0,0,0,2,0.9799982805151666,209,1
7450,850.2444729400822,0,0,0,0,5,0.9660716221581909,1981,1
7451,693.6550681435986,19,1,0,0,0,0.786909151775725,1120,1
7452,1763.9923951667638,18,0,0,0,3,0.48695226472078224,883,0
7453,378.6625731342614,2,0,0,0,4,0.2980995755225856,1284,0
7454,3046.1225459230404,9,1,0,1,1,0.3390589064329055,184,0
7455,381.4615991313071,11,1,0,0,3,0.10313191340223893,390,0
7456,383.7323138595065,17,0,0,0,2,0.7251979192633368,702,1
7457,441.558366425977,13,0,1,0,1,0.960849102932729,627,0
7458,2343.7325339652384,9,1,0,0,5,0.23884336330037326,1694,0
7459,591.8330816652926,9,0,0,0,1,0.977774091147001,955,0
7460,284.86181858804883,17,0,0,0,1,0.45299178106114923,299,0
7461,598.4362482227422,23,0,0,0,2,0.1401723158607222,1641,0
7462,1062.0514312690564,0,0,0,0,0,0.7721130037055162,189,0
7463,336.6445131022815,14,0,0,0,2,0.8300732101300888,1788,1
7464,346.6511320141699,7,0,0,0,2,0.33777509517946924,238,0
7465,9057.028219161992,2,0,0,0,3,0.9669510698854928,1848,0
7466,463.79126736115165,17,0,0,1,3,0.5363570176410953,570,0
7467,793.9000972495212,8,0,1,0,1,0.03212950931670411,955,0
7468,759.5779873104206,15,1,0,0,4,0.34467548047950514,1997,0
7469,719.5623588187392,20,0,1,0,1,0.7659337916174535,1985,1
7470,2041.3093924298644,14,0,0,0,2,0.1987878284177459,1980,0
7471,2830.3140337546324,4,0,0,0,1,0.1316656998799699,309,0
7472,807.582783790714,12,0,0,0,0,0.6138387550315476,1547,0
7473,318.4679090457406,21,0,0,0,4,0.29892418970359347,1616,0
7474,3922.3264067069936,19,0,0,0,1,0.6135975829692485,1133,0
7475,996.9084186314044,6,0,0,0,4,0.31543537832862345,49,0
7476,6187.719090756385,15,0,0,0,2,0.7712635679564123,1578,0
7477,116.09561309705097,6,1,0,0,4,0.42160061960440576,217,0
7478,1333.287827242439,21,0,0,1,3,0.9861884453316212,110,1
7479,7469.671743660143,15,0,0,0,1,0.3747487049980205,1854,0
7480,770.2659652027268,12,0,0,0,2,0.14653302931005308,1218,0
7481,875.2473889848676,16,0,1,0,0,0.6351247084286908,603,1
7482,1473.6707729446478,8,0,0,0,2,0.7286384184648356,1264,0
7483,627.1615613937746,11,0,0,0,1,0.34453915156788073,532,0
7484,802.6574763357769,12,0,0,0,3,0.7458863899873223,734,0
7485,782.2582318631393,8,1,0,0,1,0.34148212892376784,1809,0
7486,585.5662135684717,4,0,0,0,2,0.09715385860644765,1396,1
7487,3747.5461703231285,6,0,0,0,0,0.08319893484772145,985,0
7488,1739.0217688376533,0,1,0,0,0,0.4765662265496934,1196,0
7489,1408.989742805647,3,0,0,1,1,0.9836113508763905,1296,0
7490,2461.6102966045664,3,0,0,0,0,0.5319109268015795,570,0
7491,841.8856242196462,15,0,0,0,1,0.532177957910667,383,0
7492,505.625451945192,4,0,1,0,3,0.8628509583979027,1429,0
7493,600.2676837960026,21,0,1,0,2,0.9473274912640203,309,1
7494,1098.5902446907362,3,0,0,0,0,0.17592964702511082,1618,0
7495,380.2345471394468,5,0,0,0,3,0.13201349215919922,138,0
7496,664.968042701614,22,0,0,0,0,0.6824836863046889,123,0
7497,654.5077053289573,2,0,0,0,3,0.6117529342944142,1518,0
7498,9177.923225196851,7,1,1,0,2,0.34572256787090194,262,0
7499,68.4555794726834,16,0,0,0,2,0.8955311308635873,529,0
7500,916.3334058127649,17,0,0,0,0,0.542635708265577,1292,0
7501,6159.148354406378,17,0,0,0,3,0.17318508804642407,298,0
7502,1238.7331264672487,11,0,0,0,0,0.3894621798057122,572,1
7503,2329.5198990565914,0,0,0,0,1,0.8778458774966769,417,0
7504,1211.7565923914692,22,0,0,0,1,0.018626285381735053,292,0
7505,562.6549814930668,11,0,0,0,0,0.8379365859429604,478,0
7506,116.52246248977113,10,0,0,0,2,0.9516450323859303,535,0
7507,1346.7582495096112,12,1,0,0,2,0.3663595836840563,1269,0
7508,504.91666476849315,2,0,0,0,5,0.28478737865805004,1539,0
7509,492.5837977402949,7,0,0,1,1,0.16576866548175195,1657,0
7510,665.8155924728579,2,0,0,0,2,0.04000692185259713,457,0
7511,6278.34322275495,16,0,1,0,1,0.6765092653486919,1603,0
7512,12147.000456164818,12,0,0,0,2,0.17095605540383485,830,0
7513,1362.6790592401583,9,0,0,0,0,0.894841066977116,174,0
7514,688.9941470212693,16,0,1,1,1,0.4557536572713832,1289,1
7515,337.9079707591755,2,0,0,0,2,0.9729129872750442,1619,0
7516,1752.04711200055,12,1,0,0,0,0.9798319163696102,534,0
7517,6521.799410599673,21,0,1,0,3,0.8005366271064823,1102,1
7518,856.333251581822,5,1,0,0,2,0.43975358110291385,1458,0
7519,101.59597916836783,13,0,0,0,0,0.46236690439269057,351,0
7520,2143.187898637804,9,0,0,0,4,0.950575637628345,1136,0
7521,2937.7513226811034,19,0,0,0,1,0.7276896302700449,1408,0
7522,224.56256618765423,15,0,0,0,4,0.4006598602217313,1762,0
7523,1308.3004188472387,17,0,0,0,1,0.8625052303850199,54,0
7524,1721.9730184489695,12,0,0,0,7,0.2718187422063384,1020,0
7525,1019.3217131730212,9,0,0,0,1,0.9368268494448835,1077,0
7526,497.31771175135486,5,0,0,0,4,0.2424875767659156,1269,0
7527,3028.8467744481886,9,0,0,0,1,0.7330227873289754,727,0
7528,732.6149478933013,4,0,0,0,0,0.6473176425038366,801,0
7529,248.34374060257701,5,0,1,0,2,0.5862628287093998,1782,0
7530,141.24917288532907,6,0,0,0,0,0.4681198126959454,1705,0
7531,3869.3798201833206,10,0,0,1,3,0.557546318101054,860,0
7532,2031.7727696202958,15,0,1,0,1,0.6924752517966911,1813,0
7533,1197.4787060576352,11,0,0,0,1,0.6333853896345316,1562,0
7534,706.0777529943249,11,0,0,0,2,0.27655641095109174,1802,0
7535,646.1305581725044,22,0,0,0,2,0.27169139625034056,320,0
7536,374.0028252604735,19,0,0,0,3,0.6491233523930888,1559,0
7537,712.3321856150104,4,0,0,0,4,0.15245680458382538,1603,0
7538,131.6191842022691,15,1,1,0,0,0.9750368816260305,1802,0
7539,525.2825700848218,5,0,1,0,2,0.8467812664327291,877,1
7540,803.5685402448686,8,0,0,0,2,0.4530149198420177,1768,0
7541,2018.0360141080712,4,0,0,0,0,0.5249989474166741,1147,0
7542,1053.7110407487326,20,0,0,0,3,0.3542660890033724,513,0
7543,2428.242719129406,22,0,0,0,1,0.1524240251000336,1052,0
7544,4226.523663159648,15,0,1,0,2,0.5914710645380462,1485,1
7545,3159.5032467373308,17,0,0,0,1,0.9887973845467122,762,0
7546,1755.501495282994,18,0,0,0,2,0.16293679129548377,807,0
7547,1109.7196326245999,11,0,0,0,3,0.5361135961102921,239,0
7548,411.25439608319175,1,0,0,0,0,0.9601763191176566,374,0
7549,2298.3437903601434,9,0,0,0,1,0.982313342465875,107,0
7550,5882.560364289439,11,0,0,0,6,0.48592455736826845,590,0
7551,1543.9603337069702,13,0,0,0,1,0.07309668220867871,1722,0
7552,7459.615485913168,17,0,0,0,3,0.25002058457195575,1062,0
7553,238.5140675289678,18,1,0,0,1,0.7037527450542784,1857,0
7554,345.7917154129063,5,0,0,0,0,0.06967309515715547,514,0
7555,2579.1147728685646,4,0,0,0,2,0.6378292086751944,1350,0
7556,1428.371424333874,15,0,0,0,3,0.450400013173314,1682,0
7557,4079.7140394500116,13,0,0,0,0,0.18069089395438176,820,0
7558,1079.7970213640099,12,0,0,0,0,0.09957646782705831,1846,0
7559,460.36726701092357,20,0,0,0,2,0.6829736261901251,402,0
7560,885.7252117910976,1,0,0,1,4,0.17608398979563278,1942,0
7561,236.82371103955396,1,0,0,0,4,0.5227250900488969,687,0
7562,354.7485848564055,11,0,0,0,1,0.4930251755882995,332,0
7563,2899.9361483389357,0,0,0,0,1,0.673639281066248,1099,0
7564,2624.8720066607375,18,0,0,0,1,0.43131728148841175,457,0
7565,1576.5659082544098,15,0,0,0,3,0.9154036403672805,894,0
7566,196.15839665192937,6,0,0,0,3,0.8524284584383494,623,0
7567,766.3173848703899,20,0,0,0,0,0.8175048923759454,1910,0
7568,322.14447058602343,6,0,0,0,1,0.277289430530929,1180,0
7569,3556.5037685198818,15,0,0,0,2,0.9849486554342944,554,0
7570,611.7219605397293,5,0,0,0,1,0.5241613137935505,1831,1
7571,370.27733881440116,17,0,0,0,3,0.9766290845335933,659,1
7572,1129.8002940081888,0,0,1,0,3,0.8409696396215297,276,1
7573,578.1570491891237,0,0,0,0,5,0.8649223544489786,68,0
7574,4835.519801638808,13,1,0,0,2,0.7057975350723945,1947,1
7575,525.9410333024284,5,0,0,0,0,0.1738256524939672,833,0
7576,270.6351870630172,5,1,0,0,2,0.9580214399067675,1627,1
7577,127.36875784806773,3,0,0,0,1,0.400213951201258,1070,0
7578,1063.3860658467765,11,0,0,0,3,0.9435817313069439,745,0
7579,625.1989294051559,17,0,0,0,2,0.8776499256989003,704,0
7580,262.72172534680965,9,1,0,0,1,0.8224091289789138,1791,1
7581,3601.9349323303304,2,0,0,0,2,0.008129995638217813,704,0
7582,2137.1856965069346,2,1,0,0,1,0.5766249944936712,697,0
7583,1066.1210152836975,7,0,0,0,2,0.24400748433955433,1911,0
7584,4291.219529653988,21,0,0,0,1,0.8805297334245737,1330,0
7585,2127.145105057292,22,1,0,0,3,0.7015278045841482,1628,0
7586,481.61454670060505,0,1,0,0,1,0.6487007215430869,611,0
7587,387.91251446227585,17,0,0,0,4,0.9045121081403421,1511,0
7588,2484.884713393312,14,1,0,0,1,0.29567343808982527,769,0
7589,1630.0516109635312,20,0,0,0,4,0.10786903362101663,1519,0
7590,1299.5167817072652,19,1,0,0,1,0.3053699682048172,259,0
7591,470.36180532787023,16,1,0,0,0,0.18350354498311328,1540,0
7592,2014.1399652299701,10,1,0,0,1,0.2526432486736663,1179,0
7593,515.1721501102676,12,1,1,0,2,0.5662764971565651,1061,0
7594,990.3053653401723,19,0,1,0,1,0.45536409121103805,535,0
7595,4660.808203862596,9,0,0,0,3,0.9809841299935409,1179,0
7596,566.3236667775211,12,0,0,0,2,0.4184759934515634,857,0
7597,227.46826699532713,16,0,0,0,1,0.1518026893185791,850,0
7598,382.777089550976,20,0,1,0,1,0.8748781815303832,1021,1
7599,2964.011382587013,0,0,0,1,0,0.2763629232132254,514,0
7600,1414.782569840531,19,0,0,0,3,0.10785271958250076,266,0
7601,964.0301994124973,15,0,0,0,3,0.6588372487091143,940,0
7602,659.1203840568759,15,0,0,0,2,0.2563474420403199,610,0
7603,1781.76532520271,20,0,0,0,6,0.015989281904058794,346,0
7604,469.13714653279334,2,0,1,0,3,0.6636351001679868,1563,0
7605,1488.7104711947186,1,0,0,0,1,0.07239770293009495,501,0
7606,527.81478236379,5,0,0,1,3,0.0022562938063990234,293,0
7607,446.9025736086685,10,0,0,0,5,0.6822331033346266,1995,0
7608,579.7010648109238,2,0,0,0,3,0.45316667685293077,1969,1
7609,753.3971809769247,0,0,0,0,2,0.8044336788099309,1309,1
7610,1044.3710989707251,10,0,0,0,2,0.16431058001784893,205,0
7611,1387.7732943298097,12,0,0,1,4,0.5107055601885688,136,0
7612,27.42992878144512,4,0,0,0,1,0.11603731401681927,1917,1
7613,488.99361995024054,17,0,0,0,2,0.4097141384225518,1880,0
7614,741.318251758115,14,0,0,0,2,0.356371880213205,316,0
7615,4939.710664899714,17,0,0,0,0,0.6382034714750247,1152,0
7616,372.41074248538865,14,0,0,0,2,0.6234230713439948,349,0
7617,1290.514968520485,19,0,0,0,5,0.25821403781362484,449,0
7618,4890.404553068789,19,0,0,1,3,0.05068133739452341,1869,0
7619,295.01655400975665,19,0,0,0,2,0.10477897658469926,694,0
7620,1626.1576251799413,6,0,0,0,1,0.9129283132814391,1561,1
7621,491.63086773351876,16,0,0,0,2,0.7265734769185199,229,0
7622,662.0666679309603,7,0,0,0,4,0.942413860234436,1671,0
7623,491.2185624125226,12,0,0,0,2,0.6177265917363047,1814,0
7624,527.496743348431,15,0,0,0,1,0.8792898824689881,353,0
7625,16679.10717675159,9,0,1,0,5,0.7728349422129938,879,0
7626,2551.5489167237356,13,0,0,1,4,0.24475338975357652,1039,0
7627,3300.198383257181,5,0,0,0,2,0.7497749406805251,899,0
7628,1793.6240963144235,19,0,0,0,3,0.6093833541219772,1207,0
7629,220.02544782573582,21,0,0,0,1,0.16980948478202829,637,0
7630,1627.7565080933728,6,0,0,1,4,0.09411317127575536,1160,0
7631,3206.481838173878,5,1,0,1,1,0.3666626152786069,255,1
7632,467.12669947635817,16,0,0,0,5,0.5856974036607812,743,1
7633,2879.369619809179,20,1,0,0,2,0.556691013556183,1328,0
7634,2217.944643722069,23,1,0,0,0,0.48119223135134037,449,0
7635,6988.631558973028,7,0,0,0,0,0.4787986027748973,460,0
7636,722.1385279723203,11,0,0,0,2,0.016491905517293404,607,0
7637,365.91059138459184,3,0,0,0,2,0.021582978752098803,604,0
7638,763.8503481749193,9,1,0,0,2,0.40777598323033415,851,0
7639,4608.100413044658,5,0,0,0,1,0.5151746523557594,1874,0
7640,176.19549033429098,6,1,0,0,1,0.6755453222844137,1716,0
7641,138.60446268874867,20,0,0,0,3,0.665220935737345,1485,0
7642,1199.182410435157,7,1,0,0,2,0.9851206131212095,1017,1
7643,704.4453159348969,2,0,0,0,1,0.3917987248191619,374,0
7644,1105.1406524932138,7,1,0,0,1,0.12674844217192904,1830,0
7645,2822.3122400314196,14,0,0,0,3,0.30097608860711267,406,0
7646,631.078748248946,20,0,0,0,3,0.7665546307977342,441,0
7647,168.50984393570332,0,0,0,0,0,0.24385803978313314,1663,0
7648,8471.658330441069,12,0,0,0,4,0.8174846469636186,233,1
7649,404.54853322870747,21,0,0,0,3,0.8060565614853756,617,0
7650,380.30093670047137,17,0,0,0,2,0.4692108502739516,1549,0
7651,3306.746365276763,14,0,0,0,1,0.7300721138978122,1700,0
7652,746.5860480264383,6,0,0,0,4,0.8012045903749888,1334,0
7653,1029.2752038777305,14,0,0,1,1,0.726312644439077,1129,0
7654,1777.1924522450768,2,0,0,0,2,0.31274016614433875,943,0
7655,3240.8246665405577,13,0,0,0,0,0.16988600905528195,303,0
7656,785.671924797874,19,0,0,1,2,0.11923581521253501,1350,0
7657,5013.813117643879,3,0,0,0,5,0.9634272039336825,1352,1
7658,129.56726294357264,3,0,0,0,1,0.09448348258254824,1112,1
7659,2344.4057492982715,2,1,0,0,2,0.4408701377978176,869,0
7660,473.6517949762387,4,0,0,0,0,0.10162719227543626,720,0
7661,4325.44937891591,10,0,0,0,0,0.7947970202573571,1747,1
7662,1264.009990851895,7,0,0,0,1,0.5531362190302695,1536,0
7663,559.5286136951565,1,0,0,0,3,0.17571297645049355,294,0
7664,2127.7941101287365,15,0,0,0,2,0.9596991756816223,1653,0
7665,2678.971810806529,9,0,0,0,3,0.848358807183209,366,0
7666,2083.6868399809696,17,0,0,0,2,0.12696322301099783,1712,0
7667,391.62461272010785,6,0,0,0,0,0.8132793429396434,1731,0
7668,675.8579199595385,4,0,0,0,2,0.8444190943159648,1302,0
7669,1092.1758333332778,6,1,0,0,0,0.7717991701578318,996,1
7670,1052.3071805021175,20,0,0,0,3,0.35114781920020155,1942,0
7671,2320.981592602429,5,1,0,0,2,0.25652024790792294,1982,1
7672,146.2180158999202,23,0,0,0,0,0.5249192186383973,87,0
7673,1531.996482919582,0,0,0,0,0,0.47424742984579527,1025,0
7674,820.585939595117,10,0,0,0,2,0.5836643032694151,1238,0
7675,474.13845756864777,12,0,0,0,2,0.4179879621467839,1215,0
7676,521.9194273485167,11,0,0,0,6,0.21074467756468673,976,0
7677,884.8891080176409,0,0,0,0,0,0.5702112995328357,120,0
7678,29.931603503071322,20,0,1,0,2,0.5375832796199026,810,0
7679,543.8700987117414,14,0,1,0,0,0.9084035996577198,622,1
7680,456.7723722065528,0,0,0,0,2,0.6352176815761319,1219,0
7681,1868.2981389066472,2,0,0,0,4,0.7694838332378856,642,0
7682,490.0332850590096,14,1,0,0,2,0.4271616796715979,1213,1
7683,884.3794386874138,8,0,0,0,2,0.8224349940074639,1895,0
7684,5127.003362685564,13,0,0,0,4,0.30966989596841266,384,0
7685,2964.167569732557,22,0,0,0,4,0.9779032373526508,1597,0
7686,2703.415898454845,21,0,1,0,2,0.8156847027518843,650,1
7687,665.2264903017024,23,0,0,1,0,0.004372114764657042,548,0
7688,1887.544919573716,7,0,0,1,2,0.8179355227598709,1895,0
7689,867.9223043586155,21,0,0,0,2,0.5380360190290051,569,0
7690,901.3618527177762,3,0,0,0,1,0.5800493786282647,1512,0
7691,1651.9064823746721,19,0,0,0,1,0.9983289781012807,272,0
7692,603.657154381871,19,0,0,0,4,0.717581685477497,141,0
7693,4880.500740997511,5,0,0,0,3,0.13030043314747308,674,0
7694,934.3675286019976,0,0,0,0,3,0.7540626802354155,1770,0
7695,2035.222780352823,17,0,0,1,2,0.19951201152675835,1302,1
7696,4701.328838144807,5,0,0,0,4,0.9349363852734591,403,0
7697,3076.825844430608,13,0,1,0,2,0.2637459939958563,402,0
7698,268.02517088399577,10,1,0,0,1,0.4617437045654271,512,0
7699,1711.1071480871997,16,1,0,0,3,0.8128181431222656,1072,0
7700,2567.580755969233,8,0,0,0,2,0.9642277142430801,1674,0
7701,2675.4236541166138,21,0,0,0,1,0.15710914275368382,1563,0
7702,360.21647345498195,6,0,0,0,3,0.06904229611042645,1517,0
7703,568.4792215865307,13,0,0,0,3,0.7900764584356943,910,0
7704,2964.7803737131285,16,0,0,0,1,0.8627329629345704,1164,0
7705,511.95648403961866,7,0,0,0,3,0.60206047388075,1261,0
7706,812.6527880334326,15,0,0,0,1,0.17085413045491504,460,0
7707,5302.193116423083,11,0,0,0,1,0.1571773472574849,86,0
7708,1045.447967540308,11,0,0,0,3,0.460595538689784,393,0
7709,530.1849257329096,4,0,0,1,1,0.19390077648291826,675,1
7710,455.9497668990053,4,0,0,0,2,0.34680644390334325,493,1
7711,1529.5354327985904,13,0,0,0,1,0.7943150696607646,782,0
7712,289.1229388268918,5,0,0,0,2,0.10575911082844802,243,0
7713,856.3370392624138,6,0,0,0,1,0.3036850970410103,280,0
7714,1530.3175394702685,22,0,0,0,4,0.3966123564991747,1219,0
7715,4020.452834019985,20,0,0,0,0,0.22746379993297217,868,0
7716,2137.833218527839,16,0,0,0,0,0.7084070675400751,1264,0
7717,536.9660559651646,8,0,0,0,4,0.4688006913171673,602,0
7718,3563.217891088103,21,1,0,0,3,0.9466223364368729,1518,0
7719,812.7999070386916,12,0,0,0,2,0.3398557162274517,302,0
7720,318.7149016536228,8,0,0,1,1,0.925523840622834,1306,0
7721,923.304092033992,15,1,0,0,3,0.5682690122900675,232,0
7722,4620.0887837160935,3,0,0,0,2,0.5387398841152129,1454,0
7723,1293.6721096048448,1,0,0,0,2,0.23485293067980773,483,0
7724,1110.4513844794621,12,0,0,0,3,0.9477714367651939,839,0
7725,5637.588288969538,12,0,0,1,1,0.3183323542836962,1821,0
7726,262.07878192860056,18,0,0,1,1,0.5466220736047332,389,0
7727,303.20249600695,11,0,0,0,1,0.9394304411765136,1566,0
7728,217.92555835410027,3,0,0,0,0,0.8506436554507666,780,1
7729,1591.843705233187,9,1,0,0,0,0.3087850012386073,729,0
7730,1295.2941965235689,15,0,0,1,2,0.805141612376921,1597,0
7731,5129.360991161524,23,1,0,0,1,0.6807886361122621,910,0
7732,1398.9469823619581,18,0,0,0,3,0.03337420810873004,799,0
7733,732.0456244632638,7,0,0,0,2,0.4928600951949298,1451,0
7734,1098.6032430385749,5,0,0,0,2,0.42243040863671044,240,0
7735,1233.6190168947533,3,0,0,0,1,0.6589177890389731,239,0
7736,206.07470046454668,6,0,0,0,3,0.7028275653084207,1868,0
7737,16487.068813150836,13,0,0,0,2,0.7045699269443316,1982,1
7738,1844.3293936053028,12,0,0,1,2,0.4599337491028356,1204,1
7739,1352.9035072804652,20,1,0,0,1,0.9472988451010019,891,0
7740,2028.7274109069997,4,0,1,1,0,0.07105466984800257,1987,0
7741,2229.2288123537137,8,0,0,0,2,0.6488351370084467,729,0
7742,952.8395386440833,2,0,0,0,2,0.4391106252794723,1197,0
7743,583.3333832140809,9,0,0,0,1,0.2325163662392148,23,0
7744,1997.0985601851564,14,0,0,0,0,0.13666699226375545,862,0
7745,1612.7738126216277,19,1,0,0,3,0.462455051421799,133,0
7746,487.89972389200386,20,0,0,0,4,0.30531775208007295,1082,0
7747,4532.530226156937,16,0,0,1,5,0.2192450885467574,1633,0
7748,1470.4915863067672,22,0,0,0,2,0.03631629500885736,168,0
7749,2275.1911782901975,23,0,0,0,4,0.31280381532783186,12,0
7750,4411.283140480189,5,0,0,0,2,0.9319324565463307,753,0
7751,1120.9018025630924,2,0,1,0,0,0.5384087614201472,1374,0
7752,1505.6078865838124,17,0,0,0,3,0.2414142656528666,273,0
7753,2465.1975826705075,4,0,0,0,2,0.9757455466590951,271,1
7754,531.2001689416658,12,0,0,1,0,0.6511722170993667,1195,0
7755,1157.5392131593014,0,0,1,0,2,0.5070871155362804,1091,0
7756,1243.3300542715274,16,0,0,0,5,0.9334841614636432,1771,0
7757,421.5512873937118,2,1,0,0,1,0.7810384873259087,512,1
7758,11132.641956734145,18,0,0,0,1,0.5324150346176583,640,1
7759,268.46124282451564,20,0,0,1,1,0.007050759817309293,459,1
7760,299.43461992501193,19,0,0,0,1,0.4140438538754364,1166,0
7761,4081.5274637392627,21,0,0,0,3,0.7996698273281933,443,1
7762,2237.8396797300024,11,0,0,0,3,0.28490148276272576,337,0
7763,393.0886592645225,7,0,0,1,1,0.054414802512221194,608,1
7764,2012.8139861817585,7,0,0,0,2,0.6081624675032732,1059,0
7765,4759.27414474266,14,0,0,0,4,0.8995744263092423,1054,1
7766,1063.942835477183,10,0,1,0,2,0.9887834643163899,837,0
7767,14747.412167062004,19,1,0,0,4,0.11459135405678444,1805,0
7768,195.5738757522387,0,1,0,0,1,0.9620340128726587,1301,1
7769,2194.7500659583493,15,0,0,1,0,0.38365918275279864,1242,1
7770,3521.0986494711383,13,1,0,0,2,0.7455579991068189,1318,0
7771,2674.0351471355248,6,1,0,0,2,0.20416369194873485,1397,0
7772,893.9450190644,5,0,0,0,0,0.6725819695815919,568,0
7773,820.2084522298874,20,0,0,0,0,0.671479087408647,1094,0
7774,1709.8230610746803,3,0,0,0,3,0.28221478776845166,324,0
7775,2479.3568891825503,21,1,0,0,0,0.445522374814742,466,0
7776,2003.1444227413608,7,0,1,0,2,0.41460954205000944,607,0
7777,3102.792808266112,21,0,0,0,2,0.6550152253946413,536,0
7778,395.88748533210764,18,0,0,0,2,0.9771673407432516,1737,1
7779,873.2562325729057,2,0,0,0,2,0.5701045495765069,1563,0
7780,428.3686119831812,3,0,0,1,2,0.5443682260453938,776,1
7781,745.3748333867833,12,0,0,0,3,0.33803720297282935,474,0
7782,3026.677892252367,20,1,0,0,3,0.67780613293878,1357,0
7783,1221.68205374391,1,0,0,0,1,0.8460949629166653,320,0
7784,14866.403734296366,10,0,0,0,2,0.09866981855936552,1337,0
7785,1330.628102411655,15,0,0,0,4,0.2413538880091045,1265,0
7786,1164.0864328725224,9,0,0,0,4,0.5930523888703344,1925,0
7787,1219.4837829337112,14,0,0,0,4,0.08401650051065057,1171,0
7788,579.51486109732,9,1,1,0,3,0.34765761908698234,1151,1
7789,1035.006915813345,1,0,0,0,3,0.47951080426735593,948,1
7790,3387.298659500201,5,0,0,0,1,0.8058065822327465,879,0
7791,1229.01789260262,13,1,0,0,5,0.5266016034951374,1870,1
7792,495.9823146375361,1,1,0,0,1,0.38007522992985654,685,0
7793,434.81270690014406,9,0,0,0,0,0.1473907895252331,1829,0
7794,699.1030164945253,16,0,0,0,0,0.2024244562531351,1504,0
7795,1180.7007940184383,7,0,0,0,1,0.5181253730773389,1423,0
7796,3617.673922622033,15,0,0,0,3,0.8046595237396378,1210,1
7797,287.0083641266981,13,0,0,0,1,0.39907349439275563,539,0
7798,796.4574622701698,9,0,1,0,1,0.22780715779369753,1105,1
7799,1266.876903137559,12,0,0,0,1,0.3789814700821029,738,0
7800,175.26414437715405,0,1,0,0,4,0.055295164926906115,1115,0
7801,476.4685491500789,9,0,0,0,3,0.5308175003240747,475,0
7802,555.6349202148874,21,0,0,0,1,0.07426938800867366,136,0
7803,494.73864149504897,11,0,0,0,1,0.8499326143673294,560,0
7804,1328.611306155773,16,0,0,0,2,0.7632496905592828,1562,0
7805,933.9663320264127,23,0,0,0,1,0.7033319179814089,1254,0
7806,629.366587783482,13,0,0,0,1,0.9450748414660092,78,0
7807,1682.3764502057804,4,0,0,1,1,0.8891597204557752,1289,0
7808,6143.038187969608,18,0,1,0,1,0.0027253843926463572,1484,0
7809,5649.12823045913,4,0,0,0,1,0.7792004688539363,911,0
7810,160.32904391288065,14,0,0,0,6,0.5852866609571715,1378,0
7811,1952.9028464444443,12,0,0,0,2,0.43551789223964676,365,0
7812,917.7974374834256,16,0,0,0,0,0.2871792702273781,470,0
7813,1280.6913686660516,0,1,1,0,2,0.19614688053411644,140,0
7814,736.3584071660096,13,0,0,0,3,0.8823526532717628,1881,0
7815,1233.4724857544638,3,0,0,0,0,0.363067211276331,1569,0
7816,1275.9003893336985,8,0,0,1,2,0.448182308978615,1402,0
7817,614.6470758327696,16,0,0,0,1,0.7130134421933711,1392,0
7818,447.480272155669,2,0,0,0,3,0.7858356589798008,106,1
7819,700.1568051961193,12,1,1,1,2,0.625365066193059,492,1
7820,1386.1137740732788,11,0,0,1,4,0.41954629313747804,1256,1
7821,1996.191395262262,15,0,0,0,1,0.06408692811400174,388,0
7822,2574.34130718613,3,0,0,0,2,0.6116921382721112,1541,0
7823,669.0173385671299,17,0,0,0,6,0.8462766612739689,1040,1
7824,1456.577183295568,22,0,1,0,5,0.045565113131379564,1973,1
7825,2871.249534713948,2,0,0,0,2,0.35320164729389003,1262,0
7826,3517.813444866993,16,0,0,0,0,0.24764995685341173,1325,0
7827,1033.9763121586423,0,1,0,0,4,0.5403164704251779,836,0
7828,879.2491240091967,18,0,0,0,0,0.01083621012388769,1555,1
7829,1327.5948940477033,21,0,0,0,3,0.8825692635879229,492,0
7830,347.3359708042144,3,0,0,0,0,0.7916718853868588,1549,1
7831,903.6033472755131,16,0,0,0,1,0.10418074437809166,1155,0
7832,2309.0383045926465,6,1,0,0,2,0.8924471375912609,1797,1
7833,2083.797292032014,1,0,0,0,4,0.7673646697569195,271,0
7834,836.9232716648171,11,0,0,0,1,0.956648214607967,1243,1
7835,1363.3745621361832,4,0,1,0,1,0.2586491676012175,545,0
7836,480.751093823078,15,0,0,1,3,0.8552061355186333,1535,0
7837,2216.073351606972,7,0,0,0,1,0.145604751244646,809,0
7838,1014.527802345278,22,0,0,0,6,0.696285225201308,1826,0
7839,832.1798208551837,7,0,0,0,4,0.07181646850164303,1809,0
7840,763.7772307855745,12,0,0,0,1,0.714192980399699,809,1
7841,1029.7858357010577,13,0,1,0,4,0.15175890076778653,1338,0
7842,700.7297941812866,10,1,0,1,1,0.7350107002478055,1287,0
7843,2117.8210574032373,5,0,0,0,2,0.4397303376185788,44,0
7844,738.5704193413352,15,0,0,0,4,0.13462557122995733,1573,0
7845,5393.5770855957335,22,1,0,0,4,0.5713463874100644,1964,0
7846,4746.7265091416775,21,1,0,0,3,0.02470173256053887,1768,0
7847,449.6441580884618,14,0,0,0,2,0.2372047084597283,1400,0
7848,1175.8002627456212,15,0,0,0,2,0.2922595158814726,1829,0
7849,572.1169214746766,12,1,0,1,2,0.9920656791281831,15,0
7850,791.043086187015,11,1,0,0,2,0.7944838705546804,994,0
7851,8122.7777950750515,17,0,0,0,2,0.3120534720511342,515,0
7852,806.2779892725316,17,1,0,0,1,0.3649608876939675,1730,0
7853,1572.1918964583667,13,0,0,0,1,0.438321601321947,508,0
7854,1884.3181192894863,1,0,0,0,1,0.7888558057994912,107,1
7855,403.1749663954377,21,0,0,0,1,0.6808347857997888,614,0
7856,466.33512386717075,1,0,0,0,4,0.541698222025933,354,1
7857,328.31635108805887,2,0,1,0,5,0.447025481589684,1084,0
7858,452.15691022315326,23,0,0,0,1,0.25427717760320945,355,0
7859,63.43209037244163,7,0,1,0,1,0.4534959050576528,1855,1
7860,1890.473112484326,10,0,0,0,3,0.7763953374463028,1392,0
7861,8554.338338512684,11,1,0,0,4,0.44769756261073623,596,0
7862,1271.332369083651,3,0,0,0,3,0.5238987353622042,1010,0
7863,266.0624726144601,8,0,0,0,5,0.3385692280238698,1937,0
7864,576.643149685556,23,0,0,0,2,0.4854958954883536,607,0
7865,693.0645599660949,16,0,0,0,3,0.7599232961086593,1745,0
7866,396.3965990337153,23,1,0,0,2,0.9220972429388931,202,0
7867,2591.9937297599768,15,0,0,0,1,0.49585330495626134,1495,0
7868,2465.7715619468154,16,0,0,0,1,0.1480752572585019,30,0
7869,345.34648112499275,14,0,0,0,3,0.7742656035640679,805,1
7870,2264.436099997919,19,0,0,0,3,0.7588045154974691,1708,0
7871,5048.329439979585,21,0,0,0,3,0.6758379806163626,638,0
7872,7350.754244413672,6,0,0,0,1,0.5832653338982787,834,0
7873,19248.954433269217,9,1,0,0,1,0.32049280972599326,1961,0
7874,444.97021643054234,3,0,0,0,3,0.7481202793957294,1852,1
7875,18475.862443822887,23,0,0,0,1,0.9840588574536365,1023,1
7876,769.5405215612349,23,0,0,0,1,0.4692310280587233,966,0
7877,606.3967923291425,13,0,0,0,3,0.16280062535897688,103,0
7878,1520.922556634442,13,0,0,0,3,0.22496158930703747,1165,0
7879,612.7387521571045,13,0,0,0,0,0.25719023347088144,745,0
7880,1634.4214061108848,13,0,0,0,4,0.6360808648218474,312,0
7881,292.92681869157707,21,0,0,0,1,0.766908592707222,280,1
7882,863.7189252997277,19,0,0,0,2,0.3493542208616237,259,0
7883,3966.273367089013,17,0,1,0,2,0.7317194682007178,704,0
7884,1035.809689518304,14,0,1,0,1,0.087999238002331,1565,0
7885,1263.4429667856011,22,0,0,0,1,0.8971235163127378,912,0
7886,1763.857771151778,18,0,0,0,3,0.06769549996675317,88,0
7887,3535.6825011156366,12,0,0,0,1,0.8023529998989438,1924,0
7888,209.51079967828537,11,0,0,0,3,0.7102623507806656,967,0
7889,1967.5099782918148,18,0,0,0,0,0.6453633010736052,1590,0
7890,838.7065307876398,18,0,0,0,2,0.06080621764318217,241,0
7891,1295.4817275025468,19,0,0,1,1,0.519316575430904,1684,1
7892,3165.132411127381,1,0,0,0,2,0.12267264709509818,591,1
7893,332.2252984613016,20,0,0,0,0,0.4394190732377419,713,0
7894,398.3597767166818,2,0,0,0,2,0.1696616780033381,1849,0
7895,158.31235950156554,9,0,0,0,1,0.15461936479563587,1639,0
7896,633.2346561295951,4,0,0,0,1,0.5722653731814181,739,0
7897,4148.210620169025,11,0,0,0,4,0.2838117882904101,1347,0
7898,972.0554124476766,6,0,0,1,1,0.7707572476846843,127,1
7899,287.1127811778333,8,0,1,0,1,0.252762251729611,824,0
7900,674.7358327784659,1,0,0,0,2,0.3357998603068594,1113,0
7901,247.6801748888949,9,0,0,0,0,0.5917370897262415,64,0
7902,355.9584100299628,5,0,0,0,6,0.00832673419011487,1219,1
7903,1617.7942239463898,11,0,0,0,0,0.8415806585992371,271,0
7904,339.042908695624,5,0,0,0,1,0.09163829987329863,203,0
7905,3336.3554421278554,2,0,0,0,1,0.026928389219641136,600,1
7906,1021.349130394973,9,0,1,0,1,0.7731418699780009,710,1
7907,1194.6334775169723,8,0,0,0,3,0.7997467494548468,1941,0
7908,830.1671220521242,19,0,0,0,1,0.6370140416037426,1870,0
7909,2375.22592567317,4,0,0,0,2,0.8315489831362064,1435,0
7910,2399.8460963931975,2,0,0,0,2,0.9172659046490967,77,0
7911,1533.1111051968853,4,0,0,0,1,0.22448169008938612,87,0
7912,1929.0619083941097,7,0,0,0,1,0.4492818031161474,578,0
7913,887.0579653659186,7,0,0,0,4,0.40487318894995883,1773,0
7914,1885.9802795508087,13,0,0,0,0,0.16838399300110718,1759,0
7915,782.2092004506873,23,0,0,1,2,0.26533760409395646,1357,1
7916,1099.0831620132014,21,0,0,0,1,0.4090458846249013,1808,0
7917,833.2687762053031,16,1,0,0,2,0.10158545259053309,1662,1
7918,694.2148263634394,10,0,0,0,1,0.7567534946528416,1409,0
7919,550.5337170190767,15,0,0,1,1,0.6088527367783223,322,1
7920,1750.5584037182903,5,0,0,0,4,0.9227977817459638,864,0
7921,4066.776349237351,10,0,0,0,3,0.031210692085482883,1090,0
7922,3537.2397547009364,9,0,0,0,3,0.6504699063216371,1796,0
7923,312.1346496354363,22,0,0,0,3,0.7852182431221512,1474,0
7924,3980.6605482595037,8,0,0,0,7,0.5104354480403653,244,1
7925,797.786883406834,23,0,0,0,1,0.9658119533413525,516,0
7926,1999.6611399168,23,0,0,0,2,0.0383290863007566,1357,0
7927,443.09521000293944,14,0,0,0,0,0.5243150357203483,1453,0
7928,1263.9283827363097,6,0,0,0,4,0.31291367437016204,257,0
7929,1500.7543833444067,17,0,0,0,2,0.9735464236699043,1209,0
7930,248.48816237405995,0,0,0,0,0,0.9569881065933586,1603,0
7931,2014.783785907226,14,0,0,0,0,0.09690431327022264,1908,0
7932,4213.019994352672,1,0,0,0,2,0.39315932736913917,1935,0
7933,920.9005540053649,21,0,0,0,4,0.22065700490150775,1091,0
7934,4273.413198498012,1,0,0,0,1,0.8299397211610684,609,1
7935,907.1488113906363,9,0,0,0,2,0.9117626423398765,14,0
7936,2564.668555294273,19,0,1,0,1,0.8854550223136931,1034,0
7937,119.27479516286463,14,0,0,0,1,0.3569729748946078,855,0
7938,12317.518290212001,9,0,0,1,4,0.30218867443630604,1963,1
7939,4892.497778672068,18,1,1,0,1,0.6762803857599206,1672,0
7940,824.9926652972081,21,0,0,0,0,0.9310512269117074,1025,0
7941,152.61386502742948,12,0,0,0,0,0.06173728025654712,1069,0
7942,1462.6839782752331,23,0,0,1,2,0.057460062527862066,1372,1
7943,258.80488885568576,10,0,0,1,1,0.4035537922240081,971,0
7944,1711.0346714826042,21,0,0,0,0,0.41847731271308597,841,0
7945,1655.0156089630186,1,0,0,0,2,0.49285841989614443,427,0
7946,427.77477523849325,20,0,0,0,4,0.49929681507219503,523,0
7947,3364.2725035190465,12,0,0,0,3,0.4642115865432327,425,0
7948,2454.2456025611114,21,0,0,0,4,0.7826490794804316,1601,0
7949,2909.7525939457396,21,0,0,0,1,0.7647917812500616,1448,0
7950,1106.389957604995,20,0,0,0,1,0.7506952393464845,1716,0
7951,266.26070774199314,0,0,1,1,0,0.3265691686707709,67,1
7952,2915.720599591245,4,0,0,0,3,0.01841411562063,1239,0
7953,836.8364079128149,20,0,0,0,3,0.8224462560096809,370,0
7954,273.20429722683775,21,1,0,0,2,0.9271504878265825,979,1
7955,4238.816432476098,6,0,0,0,2,0.5741129667394017,301,1
7956,8949.988447648253,12,0,0,0,2,0.12048334399244243,137,0
7957,1052.3193070135774,12,0,0,0,5,0.15794989555947136,229,1
7958,9500.70375770507,19,0,0,0,0,0.8567708949508063,1534,0
7959,1201.486391209014,22,0,1,1,3,0.6629249395940139,1990,0
7960,749.6032719432544,20,0,0,0,2,0.24605863802101868,1232,0
7961,583.7901265044072,5,0,0,1,1,0.1864968611229446,557,0
7962,5636.859752683945,19,0,0,0,3,0.29209138354057373,1619,0
7963,502.6309075847736,11,0,1,0,2,0.3079888675153861,1043,0
7964,2287.6247014867836,7,0,0,0,5,0.8173914033686112,1515,1
7965,626.9307982602004,8,1,1,0,2,0.8971709968063312,1768,1
7966,692.0742429935036,17,0,0,0,2,0.25166739575842034,131,0
7967,3072.508764409013,10,1,0,0,0,0.19194588699739046,940,0
7968,749.9174649269097,19,0,0,0,0,0.5529770025955197,1165,0
7969,731.5785674064333,10,0,0,0,2,0.5675019623625064,1562,0
7970,3404.3343146830025,23,0,0,0,2,0.22688035830860442,916,0
7971,5417.540955431495,23,0,0,0,0,0.8180897684632981,1728,0
7972,2089.5203129562274,14,1,0,0,3,0.9200602477254958,1175,1
7973,569.7685492255291,8,0,0,0,6,0.08137289087528499,381,1
7974,658.1227741027217,2,0,1,0,1,0.7594297806185781,105,1
7975,1187.8678587647069,16,1,0,1,3,0.501504245992554,1775,1
7976,1511.6092063527442,16,1,0,0,5,0.195620129897779,768,1
7977,408.3538548650396,2,0,0,0,4,0.4292458385729778,723,0
7978,2259.8143425548174,18,0,0,0,4,0.5061563718063838,1951,0
7979,1194.536269003289,8,0,0,0,1,0.5859258963346208,1222,0
7980,197.21444329782705,16,0,0,0,3,0.0337572385055146,1251,0
7981,433.14542128353185,22,1,0,0,3,0.6965859264475865,1843,0
7982,662.4011414998579,17,0,1,0,3,0.5086480225594909,1661,0
7983,1019.5761810528836,22,0,1,0,4,0.6398180354544436,518,0
7984,7253.785833607546,14,1,0,0,2,0.8498735564143256,1041,0
7985,1391.5469293705264,0,0,0,0,3,0.5655405919155524,1601,0
7986,473.06278148740387,9,1,0,0,1,0.8955268403050857,988,1
7987,1367.3513198232224,7,0,0,0,2,0.7930605256514,172,0
7988,771.1726300191261,9,0,0,0,1,0.6296815775365265,317,0
7989,1517.4070052898755,1,0,0,0,2,0.5814472388852627,1119,0
7990,1959.7411693212985,18,0,0,0,4,0.43217605692844374,236,0
7991,3674.714226857115,13,0,0,0,2,0.8796976994855418,1040,1
7992,1070.3205952742712,7,0,0,0,3,0.41347752855777675,708,0
7993,5647.456397276042,18,0,0,0,2,0.02077391588058153,963,0
7994,2719.008749494293,0,0,0,0,1,0.033754488613667144,1671,0
7995,540.5355758584257,15,0,1,0,1,0.9255575911153512,444,1
7996,9995.154112233673,23,0,0,0,2,0.1188039865468582,535,0
7997,1520.8041397690458,14,0,0,0,0,0.7869280380275012,68,0
7998,475.7419074906816,19,0,0,0,4,0.849948388877697,1172,0
7999,5726.8049350390975,23,0,0,0,1,0.5512850972242499,461,0
8000,8758.479407098057,4,0,0,0,2,0.8399534100501937,1864,0
8001,1061.0080611547335,2,0,0,0,6,0.10636113183259965,1188,0
8002,662.7181188170665,16,0,0,0,3,0.9990390359577196,1378,0
8003,922.9961308322474,9,0,0,0,1,0.5972333766653869,634,0
8004,2241.1215858775013,4,0,0,0,1,0.8529708519923137,1092,1
8005,3935.74966599564,10,0,0,0,1,0.27323336421860367,282,0
8006,1940.0855147687087,5,0,0,0,2,0.31125104254472147,35,0
8007,1214.0573468931564,3,0,0,0,1,0.15357731903089566,1589,0
8008,4905.006858690647,6,0,0,0,3,0.7166299486334429,404,1
8009,802.044046313215,18,0,0,0,0,0.023606414318399938,266,0
8010,3074.566941735422,6,0,0,0,2,0.10813893335366287,70,0
8011,822.1617909393087,13,0,0,0,0,0.17295979680309115,478,0
8012,1687.5329660803511,16,0,1,0,4,0.6910204010053813,1779,0
8013,978.9077753769636,22,0,0,0,2,0.6544203071673669,771,0
8014,1037.0628535597455,16,0,0,0,2,0.6215065497290689,340,0
8015,751.9076289317512,12,1,1,0,3,0.4124817773877578,1326,0
8016,4208.468278673116,0,0,0,0,2,0.934529500838915,963,0
8017,526.9332930576974,1,1,0,0,4,0.9629637186418357,1872,0
8018,523.0974352860768,17,0,0,0,2,0.3696612756426375,499,0
8019,9145.283545304856,3,0,0,0,1,0.5262496425082125,1540,1
8020,2915.6485601488607,12,0,1,0,5,0.6943951333224617,808,0
8021,100.97634700109414,0,0,0,0,3,0.2679292212783658,1575,0
8022,623.1213360815678,3,0,0,0,2,0.7629182846980228,1681,0
8023,179.11188428307292,1,0,0,0,4,0.7695138553955402,112,1
8024,423.8201991074301,3,0,0,0,1,0.5008757531069488,541,0
8025,47.53590564330644,15,1,1,0,0,0.4156753695076455,260,1
8026,956.2414293277385,3,0,0,0,2,0.6409028748604424,1398,0
8027,350.0437619599724,8,0,0,0,1,0.01632149136056782,375,0
8028,1164.3348477334519,16,1,0,0,2,0.8558267736860526,970,0
8029,215.91368927050047,20,1,0,0,4,0.8645799897649007,1771,0
8030,1191.4327496264457,22,0,0,0,4,0.505186030718005,1225,0
8031,724.2116774919039,19,1,0,0,2,0.01666220530089646,1227,1
8032,4924.376591502329,20,0,0,0,2,0.37141921202673245,1345,0
8033,4497.859346259375,1,0,0,0,2,0.4551260826254174,1503,0
8034,2405.097213196052,2,0,0,0,1,0.8405480824141643,657,0
8035,791.069810073146,22,0,0,0,0,0.034264303995282686,498,0
8036,7985.481786404326,14,0,0,1,5,0.5078752553053993,704,0
8037,232.05275131086873,6,0,0,0,1,0.45953255736995835,100,0
8038,269.4657703074957,3,0,0,0,1,0.22169743869524283,1327,0
8039,1008.4975218328054,11,0,0,0,2,0.24341907471035307,18,0
8040,10446.665430608957,0,0,0,0,1,0.5809139947965272,1863,0
8041,895.7497643683797,16,0,0,0,4,0.968701103284533,1020,0
8042,913.0172341293767,3,0,0,0,3,0.7929320034754058,1178,0
8043,259.3269559844193,3,0,0,0,4,0.5001371704698533,792,0
8044,2824.056442884112,21,0,0,0,1,0.5740849569159455,289,0
8045,2844.5957763217875,22,0,1,0,0,0.5741494507593186,602,1
8046,2414.0840080399535,8,1,0,0,2,0.701497864219898,1821,1
8047,584.5131784261424,20,0,0,0,3,0.3373184059579657,1368,0
8048,540.9318127517543,9,0,0,0,0,0.6760708858000455,1198,0
8049,300.930021074588,18,1,0,0,4,0.25434251861041446,972,0
8050,1192.5778477465203,18,0,1,0,2,0.8029520724029315,860,0
8051,372.26005057201263,14,0,0,0,2,0.9403559336620928,1946,1
8052,337.8437446815511,21,0,0,0,2,0.5609545491474197,1961,0
8053,717.884923904297,16,0,1,0,1,0.07146056181191174,537,0
8054,672.393560645196,6,0,0,0,0,0.7118193511906299,399,1
8055,640.3542066688916,2,0,0,0,2,0.9274611310822096,1003,0
8056,1748.379428186293,4,0,0,0,1,0.9442312804900136,735,1
8057,1186.837875823428,15,0,0,0,2,0.9107752621922846,1186,0
8058,822.0851425929029,22,0,0,1,3,0.5633909424357265,1459,0
8059,1316.8699218145603,6,0,0,0,1,0.9180893669304062,1129,0
8060,406.86155134856733,15,0,0,0,0,0.26802727288291006,1352,0
8061,1218.3815076656551,8,0,0,0,5,0.14385793953764658,795,0
8062,1274.8738261899193,0,0,0,0,1,0.4765978500406527,1668,0
8063,243.94752498872052,2,0,0,0,3,0.030886863265564557,76,0
8064,2968.148849178982,7,0,0,0,2,0.07725934224511066,1749,0
8065,454.2130198757296,17,0,0,0,0,0.6013742628619098,532,0
8066,1200.2795886821166,23,0,0,0,0,0.704019109520219,1328,1
8067,3513.6537889198903,23,0,0,1,1,0.13869939219102345,1205,0
8068,2767.4366059663394,17,1,0,0,3,0.3413424021842051,319,0
8069,1134.9380972596766,23,1,0,1,1,0.807801085878642,401,1
8070,763.1854054536243,18,0,0,0,0,0.2009500008088635,223,0
8071,2828.528550435772,6,1,0,0,3,0.8905881030182651,1231,1
8072,2153.1668218591167,19,0,0,0,1,0.5615743269514671,416,0
8073,590.8930165512129,5,1,1,0,0,0.5933377178285243,1136,1
8074,495.2716267617703,10,0,0,0,5,0.15003335117911698,882,0
8075,138.0539869316089,4,0,0,0,2,0.06164788494860507,1986,0
8076,1279.2533183767396,11,0,0,0,1,0.3627391170873243,1884,0
8077,1009.5926937477584,0,1,0,1,1,0.09481541114680925,341,0
8078,3415.883242207043,18,0,0,0,1,0.0997814443130548,946,0
8079,1570.3520258264446,10,0,1,0,1,0.9489105738692618,1421,0
8080,4163.990691129536,14,1,0,0,4,0.0679983155622591,609,0
8081,546.009170878071,15,0,0,0,1,0.4394092982435557,1435,0
8082,3422.58136681486,2,0,0,0,1,0.7560424802189285,1434,1
8083,646.18356573068,10,0,0,1,5,0.28460325904969574,309,1
8084,2386.5308465383446,10,1,1,0,4,0.4978153709903329,1698,1
8085,254.99440595063493,9,1,0,0,1,0.36002401490311264,1746,1
8086,1387.3285901607583,1,1,0,0,1,0.7133638042887837,74,0
8087,150.70315763837198,19,0,0,0,1,0.6098033715908848,851,0
8088,839.5470448335019,4,0,0,0,0,0.30887651538443583,1266,1
8089,1703.3530910044792,22,0,0,0,1,0.6316654780587688,120,0
8090,651.3397847140145,22,0,0,0,2,0.0030866431556579865,1081,0
8091,383.58543430739434,7,0,0,0,2,0.671016405166497,1036,0
8092,2555.79464335891,12,0,0,0,3,0.7817238779515773,632,0
8093,988.84461907369,14,0,0,0,2,0.006883291882905818,374,0
8094,672.1149301907988,1,1,0,0,3,0.6606673624421573,1880,1
8095,1143.553640203222,11,0,0,0,2,0.5497564797090086,449,0
8096,15316.242444219015,23,0,0,0,4,0.28287763426202295,521,0
8097,3475.5320346687436,7,0,0,0,1,0.19797149588135643,477,0
8098,3507.201370874254,20,0,1,0,2,0.9574424674788297,1709,1
8099,1695.1835770468351,18,0,0,0,6,0.4816044299626475,1656,0
8100,1295.284022626066,22,0,0,0,1,0.45794846526726896,220,0
8101,99.87483097000964,0,1,1,0,4,0.8466069632412938,739,1
8102,556.139773329101,7,0,0,0,1,0.3827138955802709,1490,0
8103,678.1887128832058,9,0,0,0,2,0.8056970964521128,812,0
8104,168.19229466766893,12,0,0,0,2,0.5675358167914417,1072,0
8105,344.6688874936107,4,0,0,1,3,0.21078943570896047,1776,1
8106,151.2847055963081,21,0,0,0,3,0.3507551134430682,531,0
8107,1055.401101132175,8,1,0,0,5,0.02300829802590998,1366,0
8108,2486.834687256413,9,0,0,0,1,0.4399296932280957,1234,0
8109,3316.8622799486366,13,1,0,0,0,0.9366413746581107,869,1
8110,1660.3512611683,23,0,0,0,1,0.6319560569946691,182,0
8111,418.4693538950285,10,0,0,0,1,0.5779186423233954,588,0
8112,158.84594632116688,13,0,0,0,1,0.8696611088132827,841,0
8113,189.2618111357204,2,0,0,0,4,0.12219958655181618,1444,0
8114,308.28276276709204,20,0,0,0,3,0.7964121074960173,911,1
8115,450.8525301855997,15,0,0,0,1,0.6975730763429976,1402,0
8116,934.7241901806556,19,0,0,0,3,0.5294656147564791,521,0
8117,397.7548186332682,16,0,0,0,0,0.38513978047690334,1911,0
8118,1539.1350683041185,4,1,0,0,0,0.035461276232155114,393,0
8119,869.333214080015,6,1,0,0,2,0.6180207189832395,46,0
8120,1108.2591299295116,16,0,0,0,1,0.5693055243833317,243,0
8121,3429.7771001564106,19,0,0,0,0,0.2847250361936777,752,0
8122,336.8939747278017,21,1,0,0,2,0.2745560023372392,1257,0
8123,1666.872805320627,10,0,0,0,1,0.35761811879384786,1567,0
8124,1081.4162152560802,11,0,0,0,0,0.4333926214809992,375,0
8125,785.6518214484863,23,0,0,0,0,0.7381003040565958,1207,1
8126,2657.8061899398285,1,0,0,0,1,0.5123192947585218,894,0
8127,2641.2673943439045,18,0,0,0,2,0.15024224024644206,1990,0
8128,425.60394362111964,4,0,0,0,4,0.8914080195715012,1646,0
8129,914.0080840805145,10,1,0,0,4,0.4792169752805642,1210,0
8130,1452.747227616458,22,0,0,0,3,0.897276957790742,754,1
8131,834.6339554068542,18,1,0,0,2,0.6130039553904384,871,1
8132,1968.4886258508966,6,0,0,0,3,0.5691689838019405,1935,0
8133,1452.7186600970144,20,0,0,0,1,0.33420543278553116,1576,0
8134,6853.818631313383,21,0,0,0,3,0.9712533832832554,650,0
8135,237.3939183396893,5,1,0,0,1,0.9832793817500077,257,1
8136,970.2599354143497,10,0,0,0,1,0.36284337573301606,456,0
8137,442.08292981210786,13,0,0,0,0,0.7895534711753025,1816,1
8138,2006.4202747753254,3,0,1,0,2,0.2699359438599165,469,0
8139,217.6369069955845,7,0,0,0,3,0.6137968061847716,1088,0
8140,1550.4689464076118,8,0,0,0,3,0.6708689070367364,816,0
8141,584.0295428681029,1,0,0,0,4,0.9844080478765186,1508,0
8142,526.2824963526565,10,1,0,0,2,0.2882275552516206,94,0
8143,258.13992850872313,19,0,0,1,2,0.7059353171260635,306,0
8144,688.78147200135,21,0,0,0,3,0.24547919652918437,259,0
8145,3243.7992514521598,6,1,0,0,2,0.03611872186444465,1779,0
8146,1069.3554004864695,3,0,0,0,3,0.28501831344097883,454,0
8147,2054.2794192546885,23,1,0,0,2,0.7864152948476888,358,1
8148,5794.368762967237,13,0,0,0,4,0.9369146676441673,448,0
8149,1427.6079848840307,23,1,0,0,2,0.02612933529556527,25,0
8150,627.1592075496035,0,0,0,0,3,0.11206631387283783,56,0
8151,1749.7920218236814,23,0,0,0,3,0.3698226075993746,1065,0
8152,636.3214458646997,11,0,0,0,5,0.45251468741495937,1723,0
8153,662.2064178017882,18,0,0,0,2,0.9281379747922974,1441,0
8154,239.87242041087003,4,0,0,0,3,0.020842609048845828,1739,0
8155,2769.044215505303,7,0,0,0,2,0.8490021619317247,1932,0
8156,745.4569785450624,10,0,0,0,0,0.5144608369019419,1277,0
8157,1315.665954655852,21,1,0,0,5,0.21474588530769567,1130,0
8158,389.1784860395638,3,0,0,0,2,0.1961114807783788,1772,0
8159,1695.8640089171129,14,0,0,0,3,0.04998356639111978,897,0
8160,511.8638961479121,19,0,0,0,0,0.2461614094982162,1151,0
8161,951.7394194879147,11,0,0,0,0,0.974581944405469,452,0
8162,2638.1311064812376,19,0,0,0,3,0.7979697188931527,325,0
8163,2418.1530184392723,21,0,0,0,0,0.9623959059401231,1783,0
8164,1072.7384182366768,22,0,0,0,1,0.15523226272726676,1891,0
8165,187.14223960115473,20,0,0,0,4,0.5491562438297021,827,0
8166,21868.675951327274,9,0,0,0,1,0.9321132623679206,1867,0
8167,6284.609394666971,23,0,0,0,2,0.6601468055810754,670,1
8168,2258.99391972963,15,0,0,0,3,0.020026755727077905,289,0
8169,516.3558803778598,22,0,0,0,1,0.06967493390285073,808,0
8170,978.8788031589029,7,0,0,0,1,0.421854551658019,1621,0
8171,636.8789271403436,19,0,0,0,0,0.38434266864508904,1269,0
8172,3881.0303019086496,7,0,0,0,1,0.8896929043365912,534,0
8173,1425.8207486325384,5,0,0,0,1,0.7802576103546474,665,1
8174,500.6143987859049,2,0,0,0,0,0.13215265245332553,610,1
8175,684.8808632513679,7,0,0,0,3,0.08949816125388954,1515,0
8176,3365.0164901928765,22,0,0,0,1,0.8669237198223919,260,0
8177,5432.19108798612,9,0,0,0,4,0.44975853796125487,780,0
8178,5056.003173447693,4,0,0,0,2,0.16930275376765092,1668,0
8179,2337.955398450783,10,0,1,0,2,0.8985896566940947,663,0
8180,851.8199099573712,3,0,0,0,2,0.7203696555485547,1734,1
8181,42.88345875059524,16,0,0,0,4,0.16393127416781716,1338,0
8182,1476.1018750397573,2,0,0,0,3,0.6062750280789132,1006,0
8183,1094.6295134913576,17,0,0,1,2,0.46928446066754503,993,0
8184,1261.4058050919575,7,0,1,0,2,0.2562548450053991,361,0
8185,1157.3606003365278,23,0,0,0,0,0.5910716615967694,1655,0
8186,291.1206651362886,11,0,0,0,2,0.4402036833627472,1059,0
8187,1914.8767837419834,20,1,0,0,4,0.5616516520198892,1850,0
8188,2063.6185821028353,15,0,0,1,2,0.2930324501156626,1524,0
8189,2169.6882704823493,13,0,0,0,4,0.7252130477581068,242,0
8190,2825.8853806939865,20,1,0,0,1,0.4266329171853841,1798,0
8191,2006.3082985463811,15,0,0,0,2,0.81312206907087,391,0
8192,727.7594650582308,3,0,1,0,2,0.6080901487731698,1429,1
8193,1021.6386656003679,0,0,0,0,1,0.24345190136438177,399,0
8194,1201.2582970250148,0,0,0,0,2,0.34080911239804823,450,1
8195,1221.3345692997295,21,1,0,0,0,0.28663126930610483,87,0
8196,2975.6496264426846,14,1,0,0,1,0.3593034882122491,1271,0
8197,2087.387896531202,19,1,0,0,3,0.17149795742590523,1731,0
8198,8754.677776841527,19,1,0,0,3,0.4756023527916369,1420,0
8199,9961.36092085676,2,0,0,0,4,0.049107764487499206,49,0
8200,1187.552306614299,13,0,0,0,2,0.3479538571508177,719,0
8201,23.649558614772474,8,0,0,1,1,0.42690916580213456,1470,0
8202,3777.5558015680026,18,0,0,0,0,0.7640218720766208,1313,0
8203,638.8205982286196,7,0,0,0,0,0.8624312753544168,750,0
8204,492.01838228832327,1,0,1,0,2,0.7729317546734863,1597,0
8205,736.2389490034486,3,1,0,0,4,0.08193925507982314,781,0
8206,701.5954481233641,0,0,0,0,4,0.6618825285180373,653,0
8207,2022.8644087970515,10,0,0,0,3,0.8523330107020765,187,0
8208,230.57224043772914,4,0,1,0,2,0.528903089586866,540,0
8209,373.2615029170272,1,0,0,0,1,0.9354947699459794,1101,0
8210,1545.5862299077912,12,0,0,0,3,0.8836368066214332,1944,0
8211,2044.572561836929,16,0,0,0,3,0.8781137697133118,1383,0
8212,2082.9525157963435,16,0,0,0,2,0.9640518579664128,158,1
8213,499.17848694609876,17,0,1,0,3,0.7653660736295288,228,0
8214,412.2930367327207,20,0,0,0,2,0.6859035401142419,260,0
8215,660.7431366454616,8,0,0,0,1,0.7527750801573855,1037,0
8216,1393.9165868798782,5,0,0,0,4,0.3579577734705359,1740,0
8217,4843.909246570456,19,0,0,0,3,0.008345288844198384,385,0
8218,141.53723314390515,2,1,0,0,3,0.04393018179719854,1964,0
8219,879.4276015409088,7,1,0,0,2,0.8526816296128616,1404,1
8220,289.2587334284604,2,0,0,0,0,0.41001167397775784,1585,0
8221,210.13650064880576,0,1,0,0,3,0.36241349260420586,977,0
8222,2884.0667565474946,19,0,0,0,3,0.6127122983437181,536,0
8223,1890.5528424222678,12,1,0,0,3,0.13997577912510872,1570,0
8224,1718.8891462347135,20,0,0,0,2,0.5439490074500226,1191,0
8225,2754.595370203776,4,0,0,0,0,0.8356705908074115,1962,1
8226,678.7691627308062,15,0,0,0,0,0.4254459382384409,647,0
8227,711.4907976156769,20,0,0,0,3,0.5179874929227282,1687,0
8228,9756.905958727097,23,0,0,0,4,0.16447865922490013,789,0
8229,856.9923102957471,15,0,0,0,0,0.7369228079261814,502,0
8230,2287.3108679505635,23,0,0,0,2,0.5619380250599366,1067,0
8231,1103.653745105881,11,0,0,0,1,0.5518896670975962,1212,0
8232,172.73203619061883,12,0,0,0,4,0.22562528775148483,664,0
8233,141.9352540460284,3,0,0,0,1,0.9173052511691719,1636,0
8234,614.627123120009,8,0,0,0,1,0.3444121752436925,451,0
8235,3152.973490081347,15,0,0,1,3,0.9612002987527165,1117,0
8236,2412.1932060165736,0,0,0,0,1,0.34170992074544426,156,0
8237,2735.520928625037,4,0,0,0,2,0.9003116489520214,1858,0
8238,408.68873249799486,20,0,0,1,1,0.5585200551365307,1668,0
8239,5518.561404191005,4,0,0,0,3,0.06408914460835613,1745,0
8240,417.84339107182,23,0,0,0,1,0.9543237825061439,1876,0
8241,1356.71877574367,18,0,0,0,1,0.3325794065274741,1956,0
8242,1085.3390548327936,8,0,0,0,1,0.8139897045197694,639,0
8243,921.6137224900358,7,0,0,0,2,0.5657043238703985,313,0
8244,4182.197638909992,18,0,1,1,2,0.24425176390588843,1882,0
8245,541.7959637042086,17,0,0,0,2,0.1402635268197383,1337,0
8246,284.40371040869917,14,0,0,0,5,0.23447241086423642,1811,0
8247,1118.7815677860306,3,0,0,1,0,0.5449667732556532,1567,0
8248,735.222567069194,14,0,0,0,1,0.5080964654396836,1962,0
8249,32124.778238200048,12,0,0,0,1,0.2699465518279718,700,0
8250,2157.072972653942,17,0,0,0,5,0.15712970708463891,1241,0
8251,728.2609449091341,19,0,0,0,1,0.35066493772979446,1182,0
8252,381.415156239546,4,1,0,0,2,0.15897164478065862,688,0
8253,167.2871152908378,17,0,1,0,3,0.5061844264716737,1526,0
8254,393.3819072842736,7,0,0,0,3,0.4335066887157041,895,0
8255,1230.2119760366731,0,0,0,0,1,0.44883443226705944,1609,0
8256,4570.274974691011,18,0,0,0,2,0.26123384664962934,1002,0
8257,3366.702785223557,22,0,0,0,3,0.09335563229580501,414,0
8258,1378.9737356135122,16,0,1,0,1,0.5862530439210613,553,0
8259,793.8006302366092,1,0,0,0,1,0.9739963014229878,160,1
8260,1434.8453558267402,18,0,0,0,3,0.6688424447631691,751,0
8261,652.8595373342433,15,0,0,0,1,0.8879770784166744,1979,1
8262,6114.168096427017,17,0,0,0,3,0.09637223075778689,1901,0
8263,907.6055053542332,1,0,0,0,2,0.060776696712631195,48,0
8264,1005.9243426852381,5,0,0,0,1,0.7660750985434438,1871,1
8265,119.60295815873349,6,0,0,0,3,0.4546828698261357,1507,0
8266,901.9554724390766,5,0,1,0,2,0.8269105779063087,1473,0
8267,2531.289505805705,5,0,0,0,0,0.4807829956371369,1429,0
8268,377.01215298444635,8,0,0,0,4,0.07465076843290419,420,0
8269,517.6398165244588,7,0,1,0,1,0.4537671447166136,1859,0
8270,2422.877149544703,23,0,0,0,3,0.6660757725920612,1871,0
8271,250.4709076067221,21,0,1,1,1,0.5165489754771303,1880,0
8272,3158.337332605141,20,1,0,0,2,0.21712873098884622,1808,0
8273,644.1013630935599,8,1,0,0,3,0.9241265069419956,1920,1
8274,743.5468520941287,11,0,0,0,0,0.6653994476742113,698,0
8275,356.42420012416693,17,0,0,0,4,0.5264897089905627,1415,0
8276,1600.459829583374,22,0,0,0,1,0.47491358065927713,720,0
8277,12834.241367700277,5,0,0,0,3,0.6125293023218088,1536,0
8278,2395.8593115504364,22,0,0,0,2,0.46458319009074245,156,0
8279,462.06923449086923,3,0,0,0,1,0.3084352055022177,1714,0
8280,3413.9340494530425,6,0,1,0,1,0.3885863906298276,268,0
8281,798.9676477862837,17,0,0,0,0,0.19236949443481866,665,0
8282,4335.0350798849295,19,0,1,0,1,0.7613553509509339,798,0
8283,2456.950933323243,4,0,0,0,5,0.8061827996899004,1352,1
8284,57.792466772481674,17,0,0,0,2,0.7344726444385254,1931,0
8285,401.78630474545565,9,0,0,0,4,0.46321588373046574,188,0
8286,2819.6984422318565,7,0,1,0,5,0.21485376894995933,1578,0
8287,1276.2192461482086,0,0,0,0,1,0.9626114387936598,1636,0
8288,393.9579005890696,14,0,0,0,0,0.7707633815097568,740,0
8289,581.9651024491995,2,0,0,0,2,0.7759255571973894,367,0
8290,163.0021482080844,14,0,0,0,1,0.6244631881087472,439,0
8291,1003.8789371703125,13,0,0,0,1,0.2821609641781073,1783,0
8292,10003.494150708118,0,0,1,0,5,0.1829891299486861,1444,1
8293,2452.6721698086394,20,1,1,0,1,0.11192030659869434,1841,0
8294,9802.73788036885,7,0,0,0,1,0.6233241861900287,430,0
8295,2650.217761592438,6,0,0,0,0,0.179167826860689,94,0
8296,3064.008617488249,8,0,0,0,3,0.3750672631914195,710,0
8297,7895.74027823554,17,1,0,0,2,0.8196761212145056,502,1
8298,1599.2071582847532,11,0,0,0,4,0.28989262556834106,291,0
8299,909.3887572502464,7,0,0,0,1,0.26568863326153613,1118,0
8300,3079.915734368262,7,0,0,0,1,0.7173343819860432,1550,0
8301,4693.060640181577,5,0,0,0,1,0.5207057918346951,421,0
8302,678.6023784548653,2,0,1,0,4,0.5623563411138248,220,0
8303,532.9517622153187,1,0,0,1,3,0.12889916663034573,1576,0
8304,1259.986181007329,13,0,0,0,4,0.2857474089914639,1460,0
8305,2518.7017443271216,7,0,0,0,2,0.3694167312042902,1065,0
8306,2435.9474312774237,5,0,1,0,4,0.9699716647834744,890,1
8307,263.9691921175727,3,0,0,0,1,0.04146134747861885,1157,1
8308,7417.564643040147,4,0,0,0,2,0.8552650639087647,1301,0
8309,577.5731324198741,20,0,0,1,0,0.12521610635542424,765,0
8310,841.2888011555658,12,0,0,0,3,0.9877397442455936,439,0
8311,444.675872342321,8,0,0,1,2,0.1929445756197219,1457,0
8312,16290.360572405325,12,0,1,0,4,0.28910442291223937,1341,0
8313,1396.9836706057517,8,1,0,0,0,0.8294462615155227,134,1
8314,468.26057226515155,23,0,0,0,2,0.3580092342854896,882,0
8315,2601.708308446714,23,0,0,0,3,0.6482677741743329,1203,0
8316,2366.4252906884617,15,0,0,0,2,0.5840850389103129,957,0
8317,908.9344473223421,11,1,1,0,1,0.6862898475668564,1086,0
8318,2541.7464761916995,1,0,0,0,1,0.8233780247722545,1304,0
8319,480.4427329824717,18,0,0,0,4,0.2993562687317213,1588,0
8320,669.8687013528994,15,0,0,0,0,0.8738224221297233,1808,0
8321,146.90459249691355,23,0,0,0,3,0.9750646691313127,1415,1
8322,291.7942456707919,12,1,0,1,0,0.6727204885532846,1834,0
8323,6685.062278650178,4,1,0,0,0,0.5661042814767125,218,0
8324,5661.41210005345,22,0,0,0,1,0.983443862958276,1557,0
8325,1171.2052767854584,23,0,0,0,3,0.0916361379743783,944,0
8326,5784.466691330412,5,0,0,0,2,0.3846119016598445,1084,0
8327,934.4195303953943,20,0,0,0,3,0.23605146564444313,210,0
8328,859.7053355311382,23,0,1,0,2,0.08172969426050025,913,0
8329,1160.3890879030314,16,1,0,0,2,0.8646886209608252,149,1
8330,967.8512466737541,16,0,0,0,4,0.34300591858413276,180,0
8331,884.3064597096384,16,0,0,1,2,0.138050511425437,1158,0
8332,3440.589517837951,2,0,1,0,2,0.3829624993890792,403,1
8333,1274.2788044104716,12,1,0,0,0,0.37980814212517267,1730,0
8334,2236.0848134435937,11,0,1,0,3,0.1261609823123896,147,0
8335,3075.9852187844413,5,0,0,1,3,0.5322421238146371,1012,1
8336,1616.770298954024,21,0,0,0,1,0.10215046773917857,1942,0
8337,415.60225042468886,20,0,0,0,2,0.20249813784743076,1488,0
8338,283.47788442327465,12,0,0,0,3,0.7231059753353782,281,0
8339,1272.5533015381895,13,1,0,0,0,0.3036899948476315,940,0
8340,924.0292206068711,6,0,0,0,3,0.6451342964411041,907,0
8341,1196.7818347483103,4,0,0,0,1,0.2106731910690679,588,1
8342,1079.1683322664444,13,0,0,1,0,0.5291612276992186,156,0
8343,14524.231334774431,17,0,0,0,1,0.10302946709659322,66,0
8344,289.968919865254,3,0,0,0,1,0.04321076580461691,1446,1
8345,149.91279077372045,0,0,0,0,1,0.5501015802160563,844,0
8346,1529.011662630426,6,1,0,0,3,0.7782989874449472,1817,1
8347,752.6327894284746,19,0,0,0,2,0.7036292599728426,770,0
8348,1504.277310853583,12,0,0,0,1,0.7729469621138256,1057,0
8349,1966.2491504061977,3,0,0,0,4,0.4846812081778358,251,0
8350,3960.4173700773918,12,0,0,0,4,0.6965260125456497,1022,0
8351,242.93020494022403,3,0,0,0,3,0.08159545279981884,1020,0
8352,628.4661084935514,2,0,1,0,3,0.8351029057734274,382,0
8353,1683.7205870911403,7,0,0,0,2,0.33893653781387745,653,0
8354,2369.569555986352,19,0,1,0,0,0.8739039960072584,1976,0
8355,9832.510284627526,7,1,0,0,2,0.5779191866959434,820,0
8356,2851.7952040345795,16,1,0,0,6,0.10001644945610488,1325,0
8357,1036.092188722364,14,0,0,0,2,0.4188322612955677,1842,0
8358,450.1425214963815,3,0,0,0,1,0.8045534606883697,1211,0
8359,623.7253624958548,5,0,0,0,4,0.2425728906224428,192,0
8360,606.2528704739611,23,1,0,0,0,0.18222598403030632,1272,0
8361,2111.6684075816206,21,0,1,0,1,0.017298986038203124,1653,0
8362,1417.992539203776,5,0,1,0,1,0.6884261624921612,1112,0
8363,291.8822388041923,9,0,0,0,1,0.37544626469353615,1748,0
8364,709.1723110389254,3,0,0,0,2,0.17508737885634462,767,0
8365,2637.3965478509067,8,0,0,0,0,0.6008772813722137,1108,0
8366,1558.7856302832502,15,0,0,0,4,0.1437592261791346,687,0
8367,1936.5137822317909,6,0,0,0,2,0.7246422869562799,1676,0
8368,1608.2818432891602,13,0,0,0,2,0.583235468053418,363,0
8369,5577.136405157178,5,0,0,0,1,0.24719370278868058,1965,0
8370,1388.5885295242929,0,0,0,0,1,0.8743850858244978,1445,0
8371,745.4419039015255,17,0,0,0,2,0.5590402791166246,619,0
8372,438.88830881311566,11,0,1,0,3,0.1289164684773102,1137,0
8373,1407.555031786496,21,0,0,0,0,0.7187698499144689,1658,1
8374,95.51621132979936,14,1,0,0,0,0.31450871522820323,1907,0
8375,912.0647616800507,0,0,0,0,5,0.7748553685533223,136,0
8376,892.6192695527936,14,0,0,0,1,0.40148823229519925,612,0
8377,280.2071486880335,14,0,0,0,2,0.07554098864950698,1648,0
8378,433.43167066668167,15,0,0,0,0,0.6301856384047344,1262,0
8379,2464.2863469764875,20,0,0,0,3,0.3103250919216076,865,0
8380,1381.2052258617498,0,1,0,0,0,0.9419006415797082,1567,0
8381,1214.136415238498,2,0,0,0,3,0.8299153545000723,614,1
8382,1489.7260663230322,11,0,0,0,3,0.3538646652446247,1181,0
8383,1203.0648097307148,6,0,0,0,2,0.025957143753834733,1042,0
8384,3800.4036465832987,4,0,0,0,4,0.5376269345313183,1976,1
8385,1240.6977248744442,0,1,0,0,0,0.6457965783065442,1044,0
8386,255.13348688735533,0,0,0,0,2,0.6827752240038075,1788,0
8387,5597.8057236560835,14,0,0,1,1,0.34931289225779183,1900,0
8388,1588.1740948710087,7,0,0,0,1,0.14155117339136924,584,0
8389,608.3475027110222,10,0,0,0,3,0.5594102631271818,616,0
8390,313.1236879669938,13,0,0,0,3,0.4874654266493509,115,0
8391,1629.3137957474228,22,0,0,0,1,0.9941179251063736,1582,1
8392,975.3808352849073,12,0,0,0,2,0.5746577884689481,613,1
8393,5293.03342103072,18,0,0,0,1,0.18166543832124926,600,0
8394,775.9535959278791,11,0,0,0,2,0.36150892545221325,897,0
8395,474.6697078722559,21,0,0,0,2,0.5312586912849675,1850,0
8396,2685.96734153482,18,0,0,0,3,0.837609573511161,372,1
8397,2766.344057837823,3,0,0,0,2,0.4809479661807544,835,1
8398,1298.0927718244934,3,0,0,0,4,0.8004579204772294,870,1
8399,2156.748511235286,2,0,0,0,3,0.1557234828530234,843,1
8400,1056.0733047752785,5,0,0,0,3,0.3820056826245951,1066,0
8401,1385.567526351952,4,1,0,0,1,0.5190926292972415,744,0
8402,3515.6892828663463,10,1,0,0,2,0.023648237600430444,873,1
8403,2049.4327653638916,8,0,0,1,0,0.7592599094139901,487,0
8404,925.8623390551121,2,0,0,0,4,0.8322432403820251,1451,1
8405,4240.186554352572,8,0,0,0,2,0.32413112351268536,387,0
8406,103.04281971297624,11,1,0,0,0,0.9581387897577938,1429,1
8407,8536.2178281861,2,0,0,0,2,0.730673123021456,1477,0
8408,199.14653392032574,19,0,0,0,4,0.8294997335699617,1089,0
8409,585.7582578678712,16,0,0,0,4,0.6548398284249864,1774,0
8410,1052.66725474691,20,0,0,0,1,0.8193041276825929,462,0
8411,947.2085865415137,11,0,0,0,0,0.9830225488085707,498,0
8412,3000.1304199637357,17,1,0,0,4,0.8495365423349232,887,1
8413,380.7577634248652,3,0,0,1,1,0.4736556591022594,1348,1
8414,1423.3475666360675,9,0,1,0,2,0.6362178233329899,531,1
8415,615.1018733304522,17,0,0,0,4,0.5796769730995488,1711,0
8416,1473.1245663813315,7,0,0,0,1,0.5084092462395501,1172,1
8417,1027.8533088913357,8,0,0,0,1,0.7698045581584867,112,0
8418,1203.4354886649965,18,0,0,0,2,0.4387097606552166,1671,0
8419,632.7498532718861,12,0,0,0,2,0.30970587843649344,572,0
8420,658.4812519293952,5,0,0,0,0,0.04222105829281331,1840,0
8421,1461.578820054701,21,0,0,0,2,0.08795406743580969,756,0
8422,2817.8106742322843,6,0,0,0,2,0.22160061217932614,1417,0
8423,602.8815034967,20,0,0,0,1,0.15391046262641495,487,0
8424,460.0027443424032,5,0,0,0,3,0.028621377935303616,418,0
8425,2025.27377042024,10,0,0,0,0,0.6961018639657353,170,0
8426,1061.5613838604067,16,0,0,0,1,0.7603789649772925,1293,0
8427,2516.182457288173,18,0,0,0,2,0.35438295418062316,1988,0
8428,443.2805151225815,11,0,0,0,4,0.9862503712398685,1700,0
8429,185.03797505422224,20,0,0,0,3,0.5879917765322268,1939,0
8430,643.5475507037374,20,0,0,0,4,0.10001551337937498,721,0
8431,509.61084770414914,23,0,0,0,2,0.36487289069857276,1852,0
8432,1013.5472646890814,12,0,0,0,6,0.5824958524525267,1369,0
8433,580.0734803239305,17,1,0,1,3,0.9555801462449084,270,1
8434,2300.8110066157337,6,0,0,0,0,0.6826968943084554,5,0
8435,822.089884466519,22,0,0,0,2,0.008841031105609742,489,0
8436,1274.7106603415884,4,0,0,0,0,0.6694713307324983,888,0
8437,1283.8704178004964,15,0,0,0,0,0.6550287759957976,1274,0
8438,1332.6904763286136,21,0,0,0,1,0.8617843959609923,1646,0
8439,1070.4890611680062,3,0,0,0,1,0.13162175894230255,1799,0
8440,1827.3108613203206,22,0,0,0,1,0.8071717013478079,718,0
8441,494.8946275018341,0,0,1,0,4,0.8756406254642652,1249,0
8442,4444.47898188543,3,0,0,1,4,0.802032180345895,1100,0
8443,865.634372394007,2,0,0,0,2,0.41042782924026344,1972,0
8444,295.4355954824354,3,0,0,0,5,0.6910678415652989,1924,1
8445,1323.5507377746492,0,0,0,0,1,0.8174631627984573,692,0
8446,468.1644005939511,11,0,0,0,2,0.9466687241421341,184,1
8447,2133.10626025475,12,0,0,0,1,0.33406537696299576,6,0
8448,9992.654739626172,1,0,0,0,2,0.20730841250568344,321,0
8449,499.4102530851314,8,0,0,0,3,0.7566233660381635,1876,0
8450,1529.0047816414133,6,0,0,0,3,0.09734634321055524,858,0
8451,189.51997184582862,12,0,0,0,3,0.562765487079051,1515,0
8452,1726.5927373139696,21,0,0,0,1,0.860435671041027,1751,1
8453,452.27309967695237,1,0,0,0,1,0.22287467713393094,1868,0
8454,587.0825155389942,0,1,0,0,1,0.3880317144276325,1037,0
8455,364.5681528210101,17,0,0,1,3,0.8242093159244607,1595,0
8456,2280.5028047954725,6,0,0,0,2,0.5021999302584632,313,0
8457,3002.8116862429556,17,1,1,0,3,0.17781416615460133,850,0
8458,1122.5803683117078,18,0,0,0,3,0.08393094751391272,863,0
8459,462.0038824714475,7,0,0,0,2,0.5572360724385955,1326,0
8460,5375.049359432132,22,1,0,0,2,0.021746097800700137,114,0
8461,517.8004167918377,11,0,0,0,2,0.3399253295414857,1333,0
8462,126.21258907350891,10,0,0,0,1,0.6120573909907611,924,0
8463,1734.3517821159069,8,0,0,0,4,0.005463040073835135,1733,0
8464,363.29868744718215,3,0,0,0,3,0.8681012929275131,167,0
8465,2947.193950696034,6,0,0,0,2,0.9569596810077771,1044,1
8466,749.0923722327576,16,0,0,0,2,0.4107127912013243,404,0
8467,2005.6294699014559,10,1,0,0,2,0.04067623359311334,98,0
8468,4453.743896728201,1,0,0,0,0,0.27998382532690735,690,0
8469,327.3864035051207,22,0,0,0,1,0.6630365947950876,142,0
8470,622.698759102852,17,0,0,0,0,0.04272937925160647,271,0
8471,1016.7117531827874,21,0,1,0,4,0.8541615860822023,1956,1
8472,5102.833838668093,11,0,1,0,1,0.8033130421026818,1822,0
8473,567.7137225437568,8,0,0,0,3,0.4627107600725806,1426,0
8474,605.1620685459301,10,0,0,1,0,0.7704364651263235,1762,0
8475,1768.9484899395186,4,0,0,0,2,0.17005742660276302,1306,0
8476,615.7070451089098,6,0,0,0,1,0.9566267536021408,1636,0
8477,1277.328265491421,0,0,0,0,0,0.4978206712379514,1664,0
8478,232.4005935629348,23,0,0,0,2,0.9851388538695537,620,0
8479,10039.97539511134,4,0,0,0,2,0.5264559205625957,1363,0
8480,284.94345859464653,5,0,0,0,2,0.7095605677956668,1280,0
8481,794.9246227512313,12,0,0,1,3,0.7997044307643891,1472,0
8482,1061.5856484751346,10,0,0,0,1,0.7911184273945466,874,0
8483,7425.595291204902,7,1,0,0,1,0.7367311844062634,1220,0
8484,291.5332950714951,19,0,0,0,3,0.13670258369037724,106,0
8485,7972.107257173962,1,0,0,0,3,0.4088224604112922,1499,1
8486,2338.2938561310757,14,0,0,0,0,0.5417748614322478,1591,0
8487,1664.1925410006165,9,0,0,0,4,0.7083223587658638,835,0
8488,409.6758810274191,7,0,0,0,5,0.39590231510912033,1393,0
8489,1941.3545732468408,1,0,0,1,1,0.5571263283904463,300,0
8490,531.9307850458488,20,0,0,0,0,0.42381780136679215,699,0
8491,3891.9330966767147,14,0,0,0,2,0.7135238384474075,1407,0
8492,415.27376228098865,5,0,0,0,0,0.07923622362058202,1164,0
8493,979.3034028943637,4,1,0,0,5,0.7142013357555846,676,1
8494,629.3747787835387,21,0,0,0,0,0.838691780579237,615,0
8495,408.49392290220305,21,0,0,0,3,0.012671662060397604,386,0
8496,2301.507948590624,2,0,0,0,2,0.5345536924316675,255,0
8497,1873.303534812945,10,0,1,0,3,0.25058279345505685,124,0
8498,3673.9042315528536,10,0,0,0,1,0.43246714580424594,42,0
8499,184.95728227466114,15,0,1,0,3,0.7455921269746857,1530,0
8500,3178.5191853713227,2,0,0,0,2,0.7753842102821281,162,0
8501,13432.721406416671,8,0,0,0,1,0.4016182012615206,1894,1
8502,698.0975928483294,2,0,0,0,1,0.09154364211894594,1823,0
8503,7296.489434684187,18,0,0,0,1,0.609487524546834,1349,0
8504,842.8919089884088,10,0,0,0,0,0.27910791565501614,404,0
8505,277.99142348425823,13,0,0,0,4,0.11620904076527849,1318,0
8506,807.84285853284,1,0,0,0,3,0.314840395424972,1536,0
8507,3128.1716255876745,6,0,0,0,3,0.5803534096082396,587,0
8508,474.29216689817616,9,0,0,0,3,0.9084735229435836,607,0
8509,601.6412521383817,9,0,0,0,1,0.2155091492031076,892,0
8510,1985.3280268569192,19,1,0,0,5,0.7639372592209068,89,0
8511,1099.9941237630178,0,0,0,0,2,0.8622790609734401,388,1
8512,1967.704575928941,5,0,0,1,2,0.14796771593938152,597,0
8513,1391.071428063194,20,0,0,1,4,0.005558844951435105,1342,0
8514,1771.5768763463932,13,0,0,0,3,0.9453516362175958,1385,0
8515,711.7301339342499,1,1,0,0,2,0.09828188736998333,1665,0
8516,1382.6136581081448,5,0,1,0,1,0.16135408201748147,938,1
8517,433.81882555479166,0,0,0,0,3,0.4078069859740815,691,1
8518,3977.598890993553,2,0,0,0,1,0.29503592580326565,625,0
8519,581.5664757761283,3,1,0,0,3,0.9813907758291996,1317,1
8520,3390.889270139868,12,0,0,0,1,0.8256532871623731,427,0
8521,868.1747671335387,2,0,1,0,1,0.6489895566940478,1500,1
8522,1342.1109788974195,14,0,0,0,1,0.026443244665219967,757,0
8523,668.4993666415411,12,1,1,0,1,0.24209262831386402,1470,0
8524,397.027111319158,21,0,0,0,3,0.19319780241567241,307,0
8525,191.5673822746948,10,1,0,0,0,0.2608461411039492,1589,1
8526,381.715604847205,3,1,0,0,2,0.9493369607648036,513,0
8527,793.212493108192,16,0,0,0,1,0.4066454019724042,448,0
8528,1355.4369841209357,4,0,0,1,5,0.8739858191206626,1936,1
8529,3012.0594103687113,20,0,0,0,4,0.47305313196153587,1282,0
8530,702.2170471433262,23,0,0,0,0,0.6636497176788254,130,0
8531,453.97368587455196,7,0,0,0,3,0.9414344903450581,491,0
8532,259.11842951321677,20,0,0,1,3,0.5822741702649327,1594,0
8533,1772.3535257623246,23,0,0,0,1,0.3566415987729874,17,0
8534,4372.956112426747,9,1,0,0,0,0.4727834177676722,214,1
8535,3890.6451374178914,6,0,0,0,2,0.46873619010494183,208,0
8536,2230.3922551301825,16,0,0,0,5,0.8000220136868235,1741,1
8537,2076.7164951247028,6,0,0,0,1,0.3357299263715462,519,0
8538,5988.664909522048,23,0,0,0,2,0.042950090480022185,1394,0
8539,1528.560101932929,18,0,0,0,2,0.6731225861126203,318,0
8540,2092.531123366142,8,0,0,0,1,0.8550861285354244,913,0
8541,795.6951524229883,23,0,0,0,2,0.5012837378404051,1557,0
8542,280.8881729643342,1,0,0,0,1,0.13996770110241896,1503,0
8543,553.438757147588,21,0,0,0,1,0.14497228801619144,1785,0
8544,1086.6349101370345,19,0,0,0,1,0.8920994656523364,975,1
8545,1165.360048200002,18,0,0,0,0,0.07316703134261127,576,0
8546,7527.256071547355,5,1,0,0,3,0.5028983978419671,43,0
8547,1189.4867226943652,9,0,1,0,1,0.3306778994023254,855,0
8548,3564.729466612246,12,0,0,0,0,0.27520244077174594,1717,0
8549,709.7570713245868,1,0,0,0,0,0.17220163168020752,1193,0
8550,802.9754288072053,9,0,0,0,2,0.2997320452280622,494,0
8551,290.32249672549847,9,0,1,0,2,0.7157439206295035,1818,0
8552,522.0022964087435,4,0,0,0,6,0.5976120089805492,734,1
8553,1857.489996965625,21,1,0,0,1,0.08264425634595829,971,0
8554,1104.9553218219744,3,0,0,0,1,0.7538491665500859,102,0
8555,2815.622407093627,22,0,0,0,2,0.35450192089072374,282,0
8556,1314.5556100144477,1,0,1,0,0,0.21722656628246872,1276,0
8557,770.8904446743489,6,0,0,0,1,0.8174500957366737,1606,1
8558,9398.419950781705,17,0,0,0,1,0.6359171156106304,1518,0
8559,998.3425274321728,16,0,0,0,0,0.7223917362658172,579,1
8560,3508.700323571659,10,1,0,0,1,0.3057009325542658,627,0
8561,734.2068445325418,20,0,0,1,2,0.7488965629885804,217,0
8562,2229.6490589097352,17,1,0,0,1,0.2754103609941252,1769,0
8563,2773.916942903589,7,0,0,1,2,0.6800536724187016,207,1
8564,1350.8536035958214,11,0,0,0,4,0.21809228381815882,763,0
8565,104.11718850403199,23,1,0,0,2,0.6338657552872135,1851,1
8566,1116.833201670973,0,0,0,0,0,0.4564930708710391,533,0
8567,3753.56017189086,19,0,0,1,2,0.1564275520107521,42,0
8568,1858.4179365670905,20,0,0,0,2,0.5938216779422381,1094,0
8569,1712.7214492884852,11,0,0,0,1,0.011472342554186166,1559,0
8570,195.92718126545566,5,0,0,0,2,0.6900773614640772,1465,0
8571,533.5458075205577,2,1,0,0,5,0.9450773596913637,1911,1
8572,1654.6712558828422,4,0,0,0,3,0.8960820212736933,309,0
8573,1653.0598049124121,13,1,0,0,2,0.9752875002462492,766,0
8574,3694.7448570527913,11,1,0,0,1,0.4382237909117934,1918,0
8575,948.7385355109502,12,0,0,0,4,0.82950025354278,460,0
8576,1645.5403453414822,12,1,0,0,2,0.1416587092004894,667,0
8577,1114.7375131127644,16,0,0,0,0,0.01702150578804329,958,0
8578,408.7310104421718,23,0,0,0,1,0.15866325559135774,207,0
8579,114.91683225020533,14,0,0,0,2,0.4434600981214333,200,1
8580,1687.510579617637,5,0,0,0,3,0.16272096696455873,1817,0
8581,1304.9854997766618,11,0,0,0,0,0.45418599837800233,1707,0
8582,591.0052838554165,1,0,0,0,2,0.23574354348867654,1712,0
8583,217.20181480575158,3,0,0,0,5,0.21616404754144147,1853,0
8584,2058.513736825521,19,0,0,0,5,0.9194930866664139,1427,0
8585,840.5697416626268,20,1,0,0,5,0.520176662950124,1059,0
8586,1913.8548292855837,11,0,0,0,1,0.6745701520490143,1045,0
8587,7073.060356824328,2,0,0,0,1,0.39877316257888995,1554,0
8588,128.8397159361097,16,0,1,0,2,0.16511300666852946,1501,0
8589,544.7893418889348,5,0,0,0,1,0.7142135622705706,859,0
8590,889.4687609369322,23,0,0,0,3,0.44355655645741787,296,0
8591,4697.689984172016,16,0,0,0,0,0.8414044633702047,1098,0
8592,213.49149179418757,16,1,0,0,1,0.08169303321906862,1205,0
8593,7599.677002350834,10,0,0,0,3,0.38356477163991687,1285,0
8594,1256.2117223427915,22,0,0,0,1,0.161259962055879,406,0
8595,996.2511040067225,6,0,1,0,1,0.6941106848109019,120,0
8596,899.591019064491,1,1,0,0,1,0.3373823129532256,184,0
8597,708.9159468557959,18,0,0,0,3,0.4162777925730379,910,0
8598,3127.8988346211386,1,0,0,0,1,0.34950347211499855,1704,0
8599,376.71135060141336,21,0,0,0,2,0.8407382210298783,1281,0
8600,1549.0764314461949,12,0,0,0,2,0.5635956487930472,1485,0
8601,746.8156251801505,23,0,0,0,1,0.7085308346463923,1435,0
8602,511.76552004918597,23,0,0,0,2,0.7409617810739405,1457,1
8603,14559.153417880609,15,0,0,0,2,0.7072613464884194,624,0
8604,1667.4499039894606,16,0,0,0,3,0.9445467063943823,314,0
8605,2024.8796479456119,10,0,0,0,3,0.6523229605548438,1617,0
8606,3421.3030992855565,8,0,0,0,6,0.6488992696400906,456,0
8607,264.71401503120353,23,0,0,0,2,0.8094237350931874,604,0
8608,6325.168218940845,8,0,1,0,2,0.0163684504088899,282,0
8609,89.21443211456744,13,1,0,0,3,0.058270052292737295,788,0
8610,508.38223205900886,12,1,0,0,1,0.2483743297446026,339,0
8611,692.9572623662981,10,1,0,0,2,0.1815587192369844,1166,0
8612,1962.0073081598878,11,0,0,0,0,0.15321641860392066,754,0
8613,1364.7387073950326,21,0,0,0,1,0.5525670898055925,634,0
8614,928.1424835435184,2,1,0,0,0,0.19602449418246193,1689,1
8615,1083.5550804678965,0,0,0,0,2,0.9665244355785217,1188,1
8616,412.39308177362926,7,0,0,0,2,0.18386418713531805,156,1
8617,245.370080996855,18,0,0,0,1,0.16652425089287903,520,0
8618,2267.677870462317,12,0,0,0,5,0.5730590821249104,1329,0
8619,2194.492546191288,6,0,0,0,0,0.18117689661630987,1249,0
8620,5348.087905452028,12,0,0,0,0,0.6652614102917497,1798,0
8621,497.6927422532239,5,0,1,0,2,0.858435547258171,1753,0
8622,2192.5383385098708,2,0,0,1,3,0.43577917850949976,257,0
8623,825.7509969817298,5,0,0,0,0,0.34987101828398093,126,0
8624,3606.4348428538324,2,0,1,0,4,0.6895793670892276,862,1
8625,3047.1523467773013,12,1,0,0,0,0.8056604416519973,1157,0
8626,1354.5294440337323,12,1,0,0,3,0.30285643188522005,585,0
8627,780.9177599493518,12,0,0,0,2,0.8114952015912866,392,0
8628,2866.744024810097,0,1,0,0,0,0.7667144449264104,344,0
8629,2094.153143643589,7,0,0,0,2,0.48288827918532395,985,0
8630,553.1114940425107,4,0,0,0,2,0.45801167910850393,1399,0
8631,290.6736983503516,19,0,0,0,3,0.10465276759011466,1193,0
8632,821.7753815984079,16,1,0,0,1,0.08767790523409036,72,0
8633,4991.111030415072,8,0,0,0,2,0.7478824121269291,358,0
8634,3451.2341087168707,12,0,0,0,4,0.5850364398613997,1749,0
8635,360.5651026621262,12,0,1,0,0,0.4891485564477992,1683,1
8636,341.12281853701677,4,0,0,0,1,0.046015448210185994,1027,0
8637,3923.2820874539657,13,0,0,0,3,0.05588169970435386,295,0
8638,352.2580822799474,10,0,0,0,1,0.9208149224099971,1552,0
8639,1824.9271066221618,13,0,0,0,2,0.660860476362475,1089,0
8640,592.2499654272779,6,0,0,0,1,0.3859682212459079,1866,0
8641,5525.035349812987,23,0,0,1,3,0.7000499823395115,198,0
8642,507.53983521099707,16,0,0,0,1,0.25795137382453415,1349,0
8643,3440.4636738902855,3,0,0,0,3,0.40926784618272494,1297,1
8644,1319.3027470105765,9,0,1,0,3,0.46176918345930473,277,0
8645,1411.1988272675474,9,1,0,0,2,0.030783715975893133,1373,0
8646,152.8858277004625,14,1,0,0,2,0.9927516533061714,830,0
8647,121.15692992146336,19,0,0,0,2,0.3816598695784581,927,0
8648,879.5707986901382,11,0,0,0,2,0.9671734079303508,131,1
8649,1403.754993658539,8,0,0,0,3,0.6478574653904208,1318,0
8650,355.9542360837828,2,0,0,0,2,0.929170727501935,1468,0
8651,369.18821786962275,14,1,0,0,3,0.05430209581674672,1116,0
8652,1922.6748178859154,11,0,0,0,1,0.9607875722572861,988,0
8653,1925.3335038265716,14,0,0,0,0,0.40705337024619237,705,0
8654,955.5231003820184,0,0,1,0,4,0.1367334255037752,1356,0
8655,2392.757441727417,14,0,0,0,0,0.6711682797213109,656,0
8656,338.93139229233833,10,0,0,0,2,0.7626149084671335,1369,0
8657,768.2114977363843,4,1,0,0,3,0.6496348887925986,1874,0
8658,5698.040403098964,6,0,0,0,0,0.5400711790825959,136,0
8659,1174.1762653247706,11,0,0,0,3,0.8163904639998846,838,0
8660,1244.280231720808,19,0,0,0,4,0.686103914761787,947,0
8661,11003.25685810643,5,0,0,0,2,0.6185407659014409,1458,0
8662,270.60436167812645,21,0,0,0,6,0.31684982475526513,1481,0
8663,2431.9054543261323,2,0,0,0,1,0.8773891014182449,914,0
8664,5790.571554714133,9,0,0,0,1,0.6918381028066877,222,0
8665,792.4600334496995,20,0,0,0,4,0.8994872963616383,1620,0
8666,2590.5637286381866,21,0,1,0,0,0.6061308363579396,210,0
8667,410.7482526205249,3,0,1,0,1,0.7998549752561006,1765,0
8668,551.8452178065818,12,0,0,0,3,0.8844370703309817,1309,1
8669,1611.573671071452,18,0,0,0,2,0.5416367392666296,715,0
8670,2437.1063030043056,4,0,0,0,2,0.7150556047499854,1490,1
8671,3364.169857066419,22,0,0,0,3,0.5764944068440476,1825,0
8672,5269.172387271417,21,0,0,1,1,0.720614065409908,259,0
8673,1025.1081943289655,17,0,0,0,1,0.5228596058849568,1396,0
8674,3617.7651604102575,0,1,1,0,1,0.8000371149019445,348,0
8675,778.7539610823791,20,1,0,0,1,0.8073180708286497,1413,0
8676,2702.9290885680257,20,0,0,1,2,0.04651213646937369,1595,0
8677,1349.4991435996405,15,0,0,0,3,0.20364079455777873,260,0
8678,1712.4457778776673,15,0,0,0,1,0.19351291699602013,1682,0
8679,1674.8985479253279,15,0,0,0,4,0.3224167599333837,155,0
8680,220.36714365761244,21,0,0,0,4,0.4763640808240712,658,0
8681,356.33743788306276,18,0,0,0,3,0.7350301728207235,706,0
8682,1215.0511331880296,15,0,0,0,2,0.30054761904436234,134,0
8683,202.90155696461466,0,0,0,0,0,0.6512204020196941,1264,0
8684,2517.977057587896,19,0,0,1,1,0.8612098651692242,762,1
8685,2621.641602247603,19,0,0,0,3,0.44750545603590064,867,0
8686,1521.0718850993885,9,0,0,1,1,0.6573118393266533,1491,0
8687,357.4037114455572,1,1,0,0,1,0.8476678125703968,1757,1
8688,4359.614604045159,13,0,0,0,1,0.7249038371054275,1291,0
8689,8410.284992407682,7,0,0,0,0,0.10342580906234755,1446,0
8690,1270.3869618921274,5,0,0,0,1,0.15170910723988795,1217,0
8691,1827.1915199653754,2,0,0,0,2,0.08219266194375174,1211,1
8692,1341.761597787069,15,1,0,0,1,0.28225670514800383,1846,0
8693,1863.7934685987775,16,0,0,0,5,0.003974074331950184,533,0
8694,973.055619425155,11,1,0,0,3,0.6096625151355493,1251,0
8695,1059.3764509076261,18,0,0,1,2,0.026531483814978385,633,0
8696,2712.7484835651676,23,0,0,0,1,0.44877683462886875,1288,0
8697,11448.61638447056,19,0,0,0,3,0.49367381579747127,1603,0
8698,270.4071444489068,2,0,0,0,3,0.6454597994103881,1679,1
8699,988.4988859476459,12,0,0,1,3,0.23935039923395895,117,1
8700,336.81691869716434,15,0,0,0,1,0.8677847958872099,1617,0
8701,5388.513829814209,10,0,0,0,4,0.5042284952204543,1781,0
8702,609.2703116215624,19,0,0,0,3,0.6901426203893296,1918,0
8703,258.9925265371249,15,1,0,0,2,0.34612058662593836,860,0
8704,2075.9766546036262,19,0,0,0,0,0.26698965740761915,498,0
8705,6274.88925189043,1,0,0,1,2,0.5840247766320619,189,0
8706,2129.4049821209683,3,1,1,0,1,0.8952438230028962,996,1
8707,1345.8726301127583,3,0,0,0,0,0.7172493916223333,307,1
8708,1651.0073946075947,16,0,0,0,2,0.6988038014444641,425,0
8709,4513.556320198614,0,1,0,0,0,0.4939086534822308,206,0
8710,457.5109093412181,0,1,0,0,1,0.006924745712715508,1904,0
8711,980.5884943901406,4,0,0,0,2,0.8786721357286258,760,0
8712,697.3656310562991,21,0,0,0,2,0.24113388834722416,145,0
8713,341.08601630671126,11,0,0,0,3,0.47408878621025907,1654,0
8714,789.6775839568611,5,0,0,0,1,0.19287950008546717,423,0
8715,3320.00343312053,5,0,1,0,1,0.8139593043015235,1556,0
8716,1932.5625520392787,16,0,0,0,0,0.03367087653779677,1319,0
8717,2088.7279015567174,21,0,0,0,2,0.6563679582617059,1222,0
8718,1269.623414739156,12,0,0,0,4,0.04860130829024634,1478,0
8719,1850.7084352227544,7,0,0,0,3,0.9182296641664403,77,1
8720,492.4582363129447,23,0,1,0,3,0.054950848577589695,1699,0
8721,804.7165584184338,11,0,0,0,3,0.8897887634754442,1379,1
8722,1328.7636959120932,14,1,0,0,1,0.2520864719313134,1390,0
8723,1447.3880393869501,18,0,0,0,0,0.6531758572291204,155,0
8724,1510.487695660833,20,1,0,0,3,0.6369302440392014,800,0
8725,954.9554765531669,19,1,1,0,2,0.8517069067544357,610,0
8726,751.8798963317522,16,0,0,1,0,0.4028361027476679,771,0
8727,25790.752670699098,8,0,0,0,4,0.5291947471892556,1952,0
8728,2715.6517883569386,20,0,0,0,0,0.3853410261151372,1735,0
8729,1657.6355126162593,17,1,0,0,2,0.6554570153294663,1826,1
8730,868.5207713920444,1,0,0,0,1,0.31065427915832666,661,0
8731,698.3924353428306,10,0,0,0,3,0.6401883163471095,157,0
8732,962.1779437495991,22,0,0,0,2,0.7533131999624668,1284,1
8733,1469.7224370142276,19,0,0,0,2,0.12993395478387548,1476,0
8734,167.26250356366336,16,0,1,1,1,0.37971777816526664,1895,0
8735,228.28855129082052,20,0,0,0,1,0.03503065609198819,641,0
8736,580.0519166853672,17,0,0,0,0,0.09092873509571675,159,0
8737,1349.0277634757194,14,0,0,0,2,0.04785410105838539,429,0
8738,863.2694376548328,6,0,0,0,0,0.7054729403163503,337,0
8739,4808.40749471171,15,1,0,0,3,0.9798793279896297,327,0
8740,249.0374316315676,0,0,0,0,1,0.611557149021038,1972,0
8741,517.316322824697,17,0,0,0,2,0.33939544103092134,1905,0
8742,5014.513772156819,21,1,1,0,2,0.7723595133935122,1024,1
8743,1250.275648361841,7,0,0,0,2,0.5080853583924358,556,0
8744,2656.7067817993648,6,0,0,0,2,0.13850660257840286,1970,0
8745,8529.166683452306,1,0,0,0,0,0.8962719214303488,1316,0
8746,547.9563234829269,11,0,0,0,1,0.12599435367509149,1557,0
8747,992.9553141811351,15,0,0,0,4,0.9765309038585333,279,0
8748,835.1180558170857,8,1,0,0,3,0.36196176770851896,717,0
8749,155.30749579162367,19,0,0,0,2,0.7269981983149579,1002,0
8750,804.0031573665113,10,0,0,0,2,0.9593657709726281,34,0
8751,2646.6823397638386,14,0,1,1,3,0.5934654241137616,1380,0
8752,1882.9397697343252,2,0,0,0,6,0.9758229233605782,709,0
8753,2036.6939701799554,22,0,0,0,0,0.17925837594111604,100,0
8754,753.3206893136937,20,0,0,0,0,0.057030570279449466,799,0
8755,569.0127058367669,12,1,0,0,0,0.6445314911337565,1292,0
8756,3902.0435103347127,20,0,0,1,2,0.10429457203036241,1006,0
8757,666.9285065855526,12,0,0,0,0,0.5054646444378577,746,0
8758,1471.5654407077193,1,0,0,0,2,0.7771607224871462,924,0
8759,1291.209533173778,5,0,0,0,0,0.8257174119257011,432,0
8760,4730.172812624307,5,1,0,0,2,0.5633303574510377,796,0
8761,2896.946000142302,11,0,0,0,1,0.46510225580898334,1799,0
8762,300.2878093718264,3,0,1,0,0,0.09178861026218077,1698,1
8763,334.43643553844635,4,0,0,0,3,0.6799720309723967,214,0
8764,1956.4948669698563,22,0,0,0,2,0.7455155208009822,1658,1
8765,1028.3001237926112,7,0,0,0,0,0.39024009396322257,819,0
8766,695.6371693816221,5,0,0,0,3,0.5381206805116674,372,0
8767,3027.909977193855,20,1,0,1,1,0.2536383144016816,600,0
8768,1322.7383602542156,2,0,0,0,2,0.38801641907738316,206,0
8769,1155.6952465094068,22,0,0,0,2,0.5944017087675318,1616,0
8770,2391.864917251777,7,1,0,0,2,0.7586462806755045,523,0
8771,753.6220670832511,18,0,1,0,3,0.059763979433366865,1502,0
8772,5263.3289484046645,20,0,0,0,4,0.4937799891480422,294,0
8773,498.6739008269445,10,0,0,1,1,0.0712028258089551,170,0
8774,2115.2516468020413,17,0,0,1,5,0.90102107947591,1159,0
8775,4600.097779479433,9,0,0,0,0,0.6408627238689099,814,0
8776,276.63653892132436,19,0,0,0,0,0.4800104621284562,557,0
8777,777.9519988568575,11,0,0,0,3,0.04187885704209082,1155,0
8778,3436.495196889432,19,0,0,0,0,0.5281745787528543,335,0
8779,3488.560785380596,7,1,0,0,3,0.6291158936394272,697,1
8780,923.8081309679563,18,1,0,0,2,0.4209876008166201,369,0
8781,526.0145670276421,20,0,1,0,5,0.2900040692976147,1182,1
8782,2852.456472878,15,0,0,0,3,0.9582962505458129,1787,0
8783,3581.543395604706,20,1,0,1,3,0.20670181974112312,255,1
8784,342.1799100378453,17,1,0,0,2,0.9702284208762343,1633,0
8785,329.0094096228118,8,0,0,0,2,0.012766404415315069,1253,0
8786,1373.691172154722,3,0,0,0,5,0.5197273796684689,1332,0
8787,2057.73395285587,8,1,0,0,2,0.3488921701746882,1233,0
8788,813.1624578750204,1,1,0,0,2,0.2780439448044384,822,0
8789,2163.091700229112,8,0,1,0,3,0.3527054473734049,816,1
8790,539.0796820839489,8,1,0,0,3,0.6157602211223341,1876,0
8791,132.3310054658589,17,0,0,0,1,0.41163076642458907,1697,0
8792,717.7339288001157,10,1,0,0,3,0.17916742891866133,603,0
8793,1168.214912059407,12,0,0,0,1,0.6260563460608157,1172,0
8794,832.2726072534346,5,0,1,0,5,0.9489417033460406,1634,1
8795,344.2598452541855,8,0,0,0,1,0.9794089112311841,1285,0
8796,178.45759752504372,15,1,0,0,1,0.8214809597102638,1536,0
8797,655.8362872189942,3,0,0,0,2,0.1802861741554742,210,0
8798,2690.966688109542,1,0,0,0,1,0.20106738224669385,211,0
8799,3851.4209588670387,6,0,0,0,2,0.01088528992535176,1664,0
8800,3596.489048066525,14,0,0,0,1,0.8011724376480845,1254,1
8801,484.9716641760564,5,0,0,0,3,0.16967289550271658,401,0
8802,345.94979949602316,10,0,0,0,1,0.9518139833885091,983,0
8803,1801.9678829007412,19,0,0,0,2,0.45158691276074436,363,0
8804,2069.5780224674427,16,0,0,0,1,0.045808021144799316,1903,0
8805,1636.2619249948193,3,0,0,0,1,0.6432644109989506,514,0
8806,146.34059184498847,18,0,0,0,3,0.11042463869420116,1900,0
8807,460.86972695753093,6,0,0,0,3,0.656923132778905,1944,0
8808,1064.5539985370658,10,0,1,0,1,0.682112855014481,179,0
8809,1785.0794350112194,12,0,0,0,4,0.04994404754638693,1273,0
8810,2362.102432347329,20,0,0,0,3,0.8778478039862995,1916,0
8811,1266.8053302211326,2,0,0,0,1,0.38659082270469014,1840,0
8812,1526.5778448803903,13,0,0,0,5,0.3221594325756545,1580,0
8813,1193.7626139050014,1,0,0,0,4,0.6560977303522948,385,0
8814,2176.8178209891425,17,0,1,0,5,0.9357739708126048,1844,0
8815,1499.4679909677652,4,0,0,0,0,0.9703382513030383,1814,0
8816,1171.1455601885664,12,0,1,0,1,0.831650828032,654,0
8817,838.5139356498618,12,0,0,0,1,0.7692619349852965,872,0
8818,1189.5036818644166,23,1,0,0,1,0.5446990232660592,1613,0
8819,1780.396513441777,23,0,0,0,1,0.5395077614194331,1612,0
8820,1432.9282960071623,13,0,1,0,2,0.6106449599288184,1735,0
8821,1604.915551585465,11,0,0,0,1,0.9832174635181783,834,0
8822,4199.504668945817,20,1,0,0,2,0.03370854136942536,885,0
8823,1429.619955784678,12,0,0,0,1,0.4713028105395678,1347,0
8824,573.0663359308778,17,1,0,0,4,0.21130442377024572,808,0
8825,2653.425659858894,12,0,0,0,2,0.6068506561646939,1188,0
8826,279.7235131641196,3,0,0,0,1,0.5839697658898886,1785,0
8827,371.8857261307405,22,0,0,0,1,0.9353509337639462,717,0
8828,1534.3272106972242,21,0,0,0,2,0.34757318493417644,764,0
8829,1837.9326658662035,9,0,0,0,2,0.7775250766200705,314,0
8830,315.7493733206734,22,0,0,0,1,0.7248857559354633,1063,1
8831,747.8351148728716,4,0,0,0,4,0.439540235800279,1758,0
8832,598.1946291359552,17,1,0,0,4,0.5270235354698725,108,1
8833,674.0630665733125,7,0,0,0,2,0.4615467212833628,1508,1
8834,2817.4789543651254,13,0,0,0,1,0.9351958658177856,1445,0
8835,2222.7611505556,1,1,0,1,3,0.11218195377139861,1422,0
8836,1075.8623662641107,7,0,0,0,1,0.5916934623112515,1344,0
8837,635.2623561676858,15,0,0,0,3,0.3836196950581233,1562,0
8838,284.3910790382779,6,0,0,0,1,0.09504402977827131,1903,0
8839,4537.742582181813,2,0,0,0,1,0.244147968392465,1960,0
8840,1982.4998944832544,3,1,0,0,1,0.6135816024548747,775,0
8841,540.9521869534442,6,0,0,0,1,0.7484936820189647,604,1
8842,2252.0574455713468,3,0,0,0,3,0.5114549654636582,1416,0
8843,1022.2653544949546,8,0,0,0,0,0.5077648669189321,1487,0
8844,822.9459261175595,22,0,0,0,3,0.6444240496371905,517,0
8845,1694.6161403373333,16,1,0,0,0,0.14869806596009183,225,0
8846,522.4356143320665,16,0,0,0,1,0.17915772474253666,1772,0
8847,777.6242827615713,19,0,0,0,2,0.95925292976241,1963,0
8848,1238.2582873021395,13,1,1,0,1,0.962658929319017,1273,1
8849,665.5067676899986,13,0,0,1,3,0.7760750027251145,36,0
8850,2141.1218727808273,12,0,0,0,0,0.790508094696658,1137,0
8851,7108.641983771383,3,0,0,0,3,0.09314206315657536,1467,0
8852,515.7911148776752,12,0,0,0,4,0.37066057062495983,633,0
8853,207.44675486783004,20,0,1,0,1,0.45436022868368053,1508,0
8854,148.1551199308599,16,0,0,0,2,0.1432936571731992,1278,0
8855,943.4391402655051,14,0,0,0,2,0.024359927108979607,387,0
8856,565.0054685074317,17,0,1,0,5,0.22142367996002976,574,0
8857,1350.0008500069848,10,0,0,0,2,0.9665282579765873,1942,0
8858,1252.125356973592,3,0,0,0,2,0.9267308046197653,1942,0
8859,220.695330064601,19,0,0,0,2,0.23302495822584857,736,0
8860,178.5941959651185,10,1,0,1,2,0.9399190185892323,1446,0
8861,1474.2921279818963,9,1,0,0,3,0.3404168803509553,1586,0
8862,1255.6753505056706,21,0,0,0,0,0.7570372057700447,1495,0
8863,716.3594037988281,12,1,0,0,0,0.3775910649493671,693,0
8864,209.1091605440158,21,0,0,0,1,0.047515046449664755,120,0
8865,1757.0495034307248,7,0,0,0,3,0.9654220108929558,1668,0
8866,3912.3736696663586,12,0,0,0,0,0.2712921340530603,207,0
8867,1448.0635212049224,8,0,0,0,4,0.053350159686200715,749,0
8868,469.9029149520064,0,0,0,0,2,0.993459803201389,1045,0
8869,1146.5952359979665,0,0,0,0,3,0.640479071276847,1044,0
8870,279.7470827470407,14,0,0,0,3,0.44564756424020413,1236,0
8871,3158.841779245389,21,0,0,0,0,0.8246809080673642,761,0
8872,1190.1615515894553,3,0,0,0,2,0.7195787253143755,1397,1
8873,187.13739660109778,19,0,0,0,0,0.42724566373569506,1014,0
8874,811.8581554989679,0,0,0,0,2,0.14826800439951038,1817,0
8875,1742.8927472968153,11,0,0,0,1,0.662935432702302,1453,0
8876,785.9965310715381,10,0,0,0,3,0.888064307160307,1344,0
8877,832.2261997419503,18,0,0,1,2,0.5159448615857976,317,0
8878,322.3370679629733,14,0,0,0,3,0.5589748630354962,1786,0
8879,1932.4443575943733,20,1,0,0,1,0.8454202474255363,309,0
8880,573.3697519590669,9,0,0,0,2,0.9450655760710746,735,1
8881,126.91970253540264,0,0,0,0,3,0.5422502846663987,196,0
8882,756.530333308674,23,1,0,0,0,0.045436628853349426,184,0
8883,2925.2923856329517,2,1,0,0,3,0.15237576710361067,93,1
8884,744.7663562351162,13,0,0,1,3,0.9495993129551147,1379,1
8885,6235.318785052696,14,0,0,0,5,0.8329730628651689,222,0
8886,1684.0686307071464,0,0,0,0,2,0.6347071367092805,442,0
8887,1538.7999867697458,9,0,0,0,3,0.4688972687606294,1993,0
8888,964.4921892565848,21,0,0,0,4,0.41085582784153407,1317,0
8889,1024.2478242994014,0,0,0,0,2,0.04411417666025608,1541,0
8890,842.6707942956211,14,0,0,0,1,0.8689795600509314,889,1
8891,810.5642482405233,2,0,0,0,3,0.3736873995257701,786,0
8892,1864.7218186785906,20,0,0,0,1,0.5189247953160009,545,0
8893,430.1649630891096,19,1,0,1,2,0.5380597392583689,1805,1
8894,373.9440440104357,22,1,0,0,1,0.8386534370130894,1953,0
8895,356.66784735540585,21,0,0,0,1,0.1970591610864738,753,0
8896,8481.601335373849,11,0,0,0,2,0.4750128594960321,1832,0
8897,1863.744475092093,18,1,0,1,3,0.9560247580314484,1125,0
8898,1486.9646919313168,15,0,0,0,0,0.7099106513509719,450,0
8899,380.88036748093504,7,0,0,1,4,0.3988489112759236,1132,0
8900,2045.3870164615919,23,0,0,0,0,0.6321845056578053,1514,0
8901,975.9668820842691,13,0,0,0,0,0.5880321724279818,1804,0
8902,1358.544168630482,17,0,0,0,1,0.5451558961080661,1629,0
8903,412.9719546077203,22,1,0,0,1,0.5345843285136128,605,0
8904,1287.2569749718557,0,0,0,1,1,0.7181533181662274,1711,1
8905,717.7824019705569,1,1,0,1,2,0.8819371952103797,1456,1
8906,509.98883992034183,23,0,0,0,1,0.41099190103575034,1815,0
8907,2284.965799470335,11,0,0,0,4,0.975170313923898,1064,0
8908,235.6369307657514,16,0,1,0,4,0.4029513943920494,1276,0
8909,1929.0371363243066,1,0,1,0,2,0.6768246553021543,1653,1
8910,2174.352359757357,16,0,0,0,0,0.2702474434777128,901,0
8911,455.0268027909113,20,1,0,0,4,0.7475565370416795,1444,0
8912,482.833338319185,6,0,0,0,3,0.38830925055730936,1823,0
8913,877.4099409996179,5,0,0,0,2,0.38211445149619283,151,0
8914,1453.945552163649,5,0,0,0,2,0.2016452708475438,16,0
8915,941.1899775275748,21,1,0,0,1,0.06982419609915469,72,0
8916,1691.8239058475992,7,0,0,0,3,0.3490981915643504,1545,0
8917,6393.132539583798,4,0,0,0,4,0.5998315880375201,1206,0
8918,660.0286418691421,14,0,0,1,3,0.04592099183079401,450,1
8919,197.31866867284444,6,0,0,0,1,0.19064298949223024,1938,0
8920,2504.698339791687,2,0,0,0,2,0.24505585769047022,1071,0
8921,5903.582068550122,9,1,0,0,1,0.18749525094081143,83,0
8922,1624.1962598011169,2,0,0,0,1,0.1030206012399505,1829,0
8923,369.5371677525731,13,0,0,1,1,0.1827469572006667,1576,0
8924,968.84790304097,21,1,1,0,0,0.935548935036312,72,1
8925,358.33794292525454,2,1,0,0,0,0.7832210437165842,1657,1
8926,2085.6909995155297,0,0,0,0,1,0.921209116733496,209,0
8927,283.92485193992434,0,0,0,0,1,0.8899964231170369,1349,1
8928,812.3012047351201,18,1,0,0,1,0.40035109240397815,1864,1
8929,401.6825795890661,3,0,1,0,1,0.36927523085874014,458,0
8930,1244.9176786357411,1,1,0,0,1,0.7773894297609579,131,0
8931,760.2583599866645,10,0,0,0,0,0.901141642580136,195,0
8932,1308.6640716905067,23,0,0,0,1,0.7512875881851887,735,0
8933,1121.4194803189946,11,0,0,0,0,0.5814400021621938,859,0
8934,408.8469874685209,12,1,0,0,0,0.5570886571533821,1756,0
8935,2052.6297676725603,15,1,0,0,6,0.46360544446488994,38,1
8936,1044.4381331311895,15,0,0,0,1,0.4546492106870488,612,0
8937,408.08316610889045,18,0,0,0,1,0.05647720134197887,1021,0
8938,10310.587472234942,22,0,1,0,1,0.21541873146295243,1691,0
8939,1765.9254508605227,19,0,0,0,1,0.14377997493993244,784,0
8940,940.8083444215224,20,0,0,0,4,0.4693225646922633,1679,0
8941,4515.1989391237585,19,1,0,0,0,0.2889517726338352,584,0
8942,6917.540797636635,8,0,1,0,0,0.37831852551431067,999,0
8943,948.2807210639301,15,0,0,0,1,0.9714833239790921,1713,0
8944,1552.1517708137458,6,0,0,0,2,0.7643826782484292,1436,0
8945,408.2979518382225,12,0,0,0,2,0.13960914841437289,975,0
8946,946.5343383013097,3,0,0,0,0,0.8090527063321868,444,0
8947,898.6893698580429,12,1,0,0,0,0.44221399195662026,1920,0
8948,1319.2610307384714,7,0,0,0,2,0.8544000329559497,1432,0
8949,1529.5983730263358,1,0,0,0,3,0.7597217983015145,197,0
8950,1919.51618987452,6,1,0,0,3,0.5186221719079671,70,0
8951,1390.8114827234263,10,1,0,0,2,0.719655593927476,1980,0
8952,326.77026594657957,16,0,0,0,4,0.93716621716896,1207,0
8953,429.03259465513463,23,0,0,0,0,0.5383703647102676,1669,0
8954,634.9792876815114,13,0,0,0,3,0.14903082089742747,1305,0
8955,826.9625485429348,12,0,0,0,1,0.568278669508212,1576,0
8956,3136.2223785139154,14,0,0,0,4,0.04692737813960157,135,0
8957,342.77046097072315,21,0,0,0,4,0.45377815212398664,1183,0
8958,767.0752850989609,20,0,0,0,0,0.22306574308628702,1981,0
8959,2844.121462129011,8,1,0,0,2,0.6454977409115268,3,0
8960,812.5053716985968,2,0,1,0,4,0.3993140093863573,1716,1
8961,1737.870252745657,12,1,0,0,1,0.5146722121483175,210,0
8962,953.8037686696096,12,1,0,0,2,0.8917432878984877,1088,0
8963,1417.6888543715643,8,0,0,0,4,0.459421516565617,1501,0
8964,872.643801693444,17,0,0,0,2,0.9973328066257233,321,1
8965,2136.801732801489,4,0,0,0,1,0.13651561331598083,1139,0
8966,233.91167634633592,10,0,0,1,0,0.8573231991440005,1976,0
8967,762.5651836725519,1,0,0,0,2,0.3633886668219277,925,0
8968,1475.2351454240957,16,0,0,0,1,0.7953256198836722,1595,0
8969,1870.002876356851,22,1,0,0,0,0.4987605114012109,511,0
8970,4880.254371293734,19,0,0,0,1,0.5231154525093346,1791,0
8971,741.722610618114,20,1,0,0,2,0.5329572503720273,1320,0
8972,4814.953957402074,3,0,0,0,0,0.24165706453201752,289,0
8973,567.3498729722389,21,0,0,0,2,0.0533723844328573,495,0
8974,4140.808806158107,17,0,0,0,3,0.6533231984525514,1752,0
8975,2483.6067733021177,23,0,0,0,0,0.025673017927428265,751,0
8976,439.89735709450343,19,0,0,0,4,0.7264861464394675,35,1
8977,1490.7568712531966,7,0,0,0,3,0.32367352728408694,495,0
8978,1041.8613629485637,18,0,0,0,1,0.39605026348672956,583,0
8979,2049.9785192747636,11,0,0,0,1,0.7528834686909405,1377,0
8980,877.1942061332722,10,0,0,0,2,0.15089889016586577,196,0
8981,806.5402266206074,15,0,0,0,5,0.6495307794343956,547,0
8982,4311.730379820108,4,0,0,0,1,0.5726561401999771,1698,0
8983,993.5447517772462,2,0,0,0,3,0.4170119685617615,1098,1
8984,2505.9478475144765,11,0,0,0,1,0.625603001362277,1482,0
8985,875.3716289199618,14,0,0,0,2,0.36016090236352516,741,0
8986,5806.093562370814,15,0,0,0,4,0.26443576514031053,660,0
8987,556.4989982724683,12,0,0,0,1,0.08935920223678873,44,0
8988,593.3927373601865,6,0,0,0,2,0.5906070157139043,1233,0
8989,5036.754378548835,14,0,0,1,5,0.9601264592510135,1961,1
8990,702.786824585582,2,0,0,0,3,0.8056670272094014,1741,0
8991,5437.497992298394,11,1,0,0,7,0.09411380013662318,1927,1
8992,2675.3636114186097,7,0,0,0,4,0.2194451817317591,350,0
8993,939.502324876091,11,1,0,0,2,0.6493817355916216,790,0
8994,178.8784505510319,17,0,0,0,2,0.0020482396758800814,267,0
8995,1075.6513840735972,2,0,0,0,1,0.5631032647270772,1549,0
8996,1213.9442567233955,11,0,0,0,1,0.9739834569034579,535,0
8997,3523.526921536008,22,0,0,0,0,0.3521222241748938,74,0
8998,5369.26966918651,20,1,1,1,2,0.893530167002887,1308,0
8999,552.8091480327561,22,0,0,0,2,0.10781818887055183,401,0
9000,2443.487898053696,1,0,0,0,1,0.04647780447191119,1711,0
9001,2357.6064235018157,13,0,0,0,3,0.34733743549809515,534,0
9002,3208.0312249762846,13,1,0,1,3,0.5787965332395001,689,0
9003,1805.6752709520194,3,1,0,0,1,0.8345696926488675,1960,0
9004,157.19739506716226,16,0,0,0,1,0.1853723193303599,1620,0
9005,938.7766274524034,14,0,0,0,3,0.2615501807610012,902,0
9006,345.25815931843243,15,0,1,0,2,0.47882545330132587,1362,0
9007,895.5107510624649,4,0,0,0,3,0.345870167630007,1759,0
9008,2921.943441798911,23,0,0,0,0,0.004319627301520468,1434,0
9009,1487.9443803166455,16,0,0,0,3,0.33057446266915225,1711,0
9010,3456.7733197590583,22,0,0,0,1,0.26077016799833086,1858,0
9011,1543.4167717405285,6,1,0,0,1,0.5051006820626122,764,0
9012,299.36814204572227,22,0,1,0,2,0.11604742959863612,173,0
9013,88.15996896968322,14,0,0,0,0,0.6850651630705861,1695,0
9014,1272.5890949857549,16,0,0,0,1,0.29405615242790173,1586,0
9015,885.4301159329618,11,1,0,0,1,0.22989000282382477,269,0
9016,412.83758568587126,10,0,0,0,3,0.3045926342488182,1062,0
9017,200.21118818280823,18,0,0,0,2,0.4593458179837254,1251,0
9018,525.9766323323917,10,0,0,0,2,0.8876107854443093,1817,0
9019,902.806744114386,1,0,0,1,1,0.6873958584841885,256,0
9020,2134.2654687073004,14,0,0,0,1,0.17737754578694842,1821,0
9021,1324.2891204369014,4,0,0,1,2,0.6726554402269527,638,0
9022,5475.655355591736,17,0,0,1,3,0.15313612066664273,1827,0
9023,389.3177872657007,20,0,0,0,4,0.31862616932955323,668,0
9024,2646.6736181044066,20,0,0,0,0,0.46314101484046166,1107,0
9025,1149.7487774814717,15,0,0,0,1,0.6361571083293477,787,0
9026,2196.6068858341405,3,0,0,0,1,0.47007926575440984,1799,1
9027,708.737442260807,22,0,0,0,2,0.5835358217540175,433,0
9028,3202.478671804364,9,0,0,0,5,0.6827596045173203,595,0
9029,1473.2479884659251,21,0,0,0,3,0.9617156204073198,1608,0
9030,555.8814294271737,1,0,0,0,4,0.9058047435225614,1294,0
9031,1083.526166960582,14,0,0,0,2,0.5065479904583958,1379,0
9032,863.0254157065291,3,0,0,0,0,0.742794407495879,1672,0
9033,1788.5819007575853,15,0,0,0,1,0.4387351817570272,128,0
9034,337.04729124992764,6,0,0,0,1,0.9660387801530267,881,0
9035,1064.9129075851993,11,0,0,0,3,0.07769566772216607,1508,0
9036,1628.3251539759171,2,0,1,0,1,0.20519448189177925,66,0
9037,1133.4522095252128,16,1,0,0,1,0.2585384695333245,1728,0
9038,4217.2614226419455,8,1,0,0,0,0.2819479549416154,1501,0
9039,2378.0183031091706,7,0,0,0,1,0.2746597134670298,280,0
9040,1088.460077365527,22,0,0,0,4,0.6046052245942733,1295,1
9041,1361.9722301766524,5,1,0,0,1,0.8937641606072299,1480,0
9042,1473.897529214016,14,0,0,0,1,0.06728534873787961,741,0
9043,1641.391446639634,9,0,0,0,3,0.8320484889478332,1027,1
9044,176.6803211351083,22,0,0,0,3,0.300188666081992,1898,0
9045,811.1667993940293,5,0,1,0,0,0.5893106100862058,242,0
9046,248.5293461707236,14,0,0,0,1,0.6587524529139233,267,0
9047,3937.419929096189,13,0,0,0,1,0.5619016777738779,583,0
9048,1031.8932285658464,18,0,0,0,2,0.09430676440061936,1831,0
9049,903.8460528048442,12,0,0,0,5,0.48391805463243287,517,0
9050,2688.657646925776,13,0,0,0,1,0.06279365493529177,917,0
9051,1672.9181863831877,2,0,0,1,1,0.002578661898566037,662,0
9052,354.73303256451516,3,0,0,0,0,0.20170746012800156,352,0
9053,1021.5686708221868,13,1,1,0,0,0.29745628041465066,550,0
9054,784.3324915200833,13,0,0,0,2,0.6865230652710941,903,0
9055,191.61096862018783,7,0,0,0,1,0.3843088033554951,1786,0
9056,549.893029098824,9,0,0,0,3,0.48935961934740235,858,0
9057,912.7478618379729,8,0,0,0,1,0.5983829424329827,859,0
9058,977.5496354341925,13,0,0,0,4,0.03415931821076701,949,0
9059,249.07861669283824,7,0,0,0,1,0.34788719860868644,949,0
9060,3469.1524176019193,10,1,1,0,1,0.4268503780645264,1451,1
9061,990.1900962485902,9,0,0,0,1,0.26167255636154685,1587,0
9062,1138.598132861013,17,0,1,0,1,0.3758507374683051,644,0
9063,1637.0344771688242,3,0,0,0,0,0.493193252612502,402,0
9064,498.65962366310475,3,0,0,0,2,0.5884081459064615,1410,0
9065,1730.829362893695,11,0,1,0,1,0.2905258657115839,186,0
9066,759.7013184397098,17,0,0,0,2,0.6979168467668384,417,0
9067,447.38273529990084,7,1,1,0,1,0.860477618310652,1345,0
9068,1945.8369915936398,2,1,0,0,2,0.13333037107054035,1630,1
9069,4874.017666413596,17,0,0,0,0,0.2902130646107567,619,0
9070,2263.866278893699,6,0,0,0,0,0.3462310864020379,892,0
9071,2759.9768338419126,0,0,0,0,2,0.10532027120720244,1087,0
9072,651.5599387196752,21,0,1,0,2,0.6113388770600329,1895,1
9073,221.93405114650807,12,0,0,0,0,0.21068775252694083,473,0
9074,4866.535283388227,2,0,0,0,1,0.9069572216823312,1882,1
9075,8557.08513390274,2,0,0,1,1,0.1379602498996103,1055,0
9076,5129.722144177979,14,1,0,0,5,0.7266176932452124,208,1
9077,783.8471667837714,20,0,0,0,1,0.6573825914409621,1732,0
9078,345.6289017807673,18,0,0,0,2,0.46855072355192096,13,0
9079,377.78199716824747,3,0,0,0,3,0.5164061267254656,155,1
9080,203.6224273088068,12,0,0,0,2,0.15959014433074303,313,0
9081,984.9800445137431,12,0,0,0,2,0.028834569570457824,1166,0
9082,5462.588048991514,14,0,0,0,1,0.9431881064479699,52,0
9083,951.7832860064564,18,0,0,0,0,0.035834418736629625,959,0
9084,1483.7425136460863,15,0,1,0,4,0.5758655190897249,1104,0
9085,4339.858245805403,6,0,0,0,1,0.8134805601420787,1481,0
9086,732.0909011626763,2,0,0,0,1,0.00514254366495126,222,0
9087,8396.174435253086,19,0,0,0,1,0.3822837108069016,1664,0
9088,8039.276796936751,1,0,0,0,2,0.30470805980179794,1417,0
9089,961.8789982594907,17,0,0,1,2,0.20845185630487162,167,0
9090,615.518951756054,10,0,0,0,5,0.16536649262650094,1371,0
9091,2202.25705249759,0,0,0,0,2,0.3769177903299331,1543,0
9092,774.6993801188413,15,0,0,0,1,0.14401993632215937,1593,0
9093,344.9656279482924,16,0,0,1,2,0.19518226064179678,1515,0
9094,3949.0828992113857,15,1,0,0,1,0.5471026911977326,567,0
9095,3701.3296068276427,9,0,0,0,0,0.23965449768609748,1671,0
9096,1281.1477102068723,16,0,0,0,1,0.07720745905785353,979,0
9097,310.17456325619236,2,0,0,0,5,0.8648967558373803,1511,0
9098,320.68962298407007,17,0,0,0,1,0.43337313753391005,464,0
9099,1220.7604807665066,18,0,0,0,1,0.8300441869210842,1141,0
9100,665.2274188958795,13,0,0,0,2,0.05176062358227196,1424,0
9101,779.6983139339735,20,0,0,0,2,0.6369595162684237,815,0
9102,3047.1534997647004,1,0,0,0,3,0.8185159887677473,1890,1
9103,2282.848575670151,11,0,0,0,4,0.696359202765217,703,0
9104,4350.920367756158,10,1,0,0,3,0.843122510472348,733,0
9105,407.2294462611913,16,0,0,0,6,0.11222834994034192,1127,0
9106,778.0637263607356,5,0,0,0,2,0.17133469780057287,96,0
9107,2342.51799362571,18,0,0,0,1,0.1592453898141324,1487,0
9108,1716.5613284052135,12,0,0,0,2,0.6345838552609367,1569,0
9109,5076.515513027671,6,0,0,0,1,0.9973064549380448,1173,0
9110,1669.9295283107047,21,0,0,1,2,0.41512978528045164,1503,1
9111,6961.213587200383,10,0,0,0,4,0.9135707371051863,1447,1
9112,1881.8635252779752,6,0,0,0,4,0.8924456636472216,1660,0
9113,3172.158175196856,12,0,0,0,1,0.8119427784008592,1693,0
9114,793.5250061571546,12,0,0,0,4,0.479791920053119,1040,0
9115,1112.4134484679896,20,0,0,0,2,0.3181973310892898,1453,0
9116,2726.9646064800163,0,0,0,0,2,0.05601012732735022,983,0
9117,5502.612016591556,18,0,0,0,1,0.47897933258088765,1637,0
9118,2273.866463271628,18,0,0,0,1,0.8736197020958225,1095,1
9119,1009.1142330470865,22,0,0,0,2,0.48103725641686923,32,0
9120,4347.407761374831,14,0,0,0,1,0.0016284314757493146,1000,0
9121,122.48901392523621,13,1,0,0,5,0.7954090874257729,171,1
9122,264.47996414191306,2,0,0,0,0,0.1290155867652628,414,0
9123,2168.1601367978606,20,0,0,0,3,0.16454009999362207,1162,0
9124,1112.2145048505058,19,0,0,0,3,0.23377427537564954,1807,0
9125,2009.243678972408,3,0,1,0,4,0.19431061834478858,1165,1
9126,1169.5888110007666,6,0,0,1,3,0.716656234153837,629,0
9127,1940.9749834562829,0,0,0,0,0,0.9406835915516416,1338,0
9128,485.7029286123161,22,1,0,0,2,0.11707744581862001,598,0
9129,1940.0830997830312,23,0,0,1,2,0.39000683696699756,871,0
9130,2964.354343049302,18,1,0,0,2,0.6014255630327813,535,1
9131,3716.5481652820167,2,0,0,0,1,0.47263298128601894,565,0
9132,8213.66323398958,19,0,0,0,2,0.3491236795374081,802,0
9133,1399.8193107198751,14,0,0,0,2,0.22356555806385048,1478,0
9134,1442.1799281257877,12,0,0,0,2,0.552854388193946,1581,0
9135,239.08700798461135,21,0,0,0,1,0.5082724153453704,1440,0
9136,644.5733331145764,13,0,0,0,2,0.9914244874462377,1717,0
9137,904.0800668490265,6,0,0,0,1,0.46373546994565573,1894,0
9138,3134.7965426236037,0,1,0,0,3,0.8845194565142442,1228,1
9139,595.2603518109696,12,0,0,0,3,0.9442631643478858,1951,0
9140,2431.685749148578,3,0,0,1,1,0.32833908394232203,1964,0
9141,1094.8561711075222,11,0,0,0,2,0.29902420876684876,1871,0
9142,918.5826505597103,6,1,0,0,1,0.9421169390495365,1612,0
9143,1406.5483017318693,1,1,0,1,2,0.5778122318519524,1123,0
9144,741.6249281872313,16,0,0,0,2,0.19195371654982551,449,0
9145,714.0569720242298,0,0,0,0,2,0.2556433739845876,1260,0
9146,199.3803075668813,13,0,0,0,0,0.020336573051915385,1433,0
9147,855.8077781357294,21,0,0,0,3,0.3220431827393304,778,0
9148,678.6000010186762,20,0,0,0,1,0.6210283607202083,1313,0
9149,654.5964969723548,0,0,0,0,1,0.3117404767563223,1914,0
9150,1663.8226956184253,2,1,0,0,2,0.22851372459586505,569,0
9151,2118.8567488349,10,1,0,0,4,0.05872622545831174,682,0
9152,1383.2547346848812,6,0,0,0,2,0.8466333301953572,1076,0
9153,2967.3221451480804,8,0,0,0,1,0.6473156115866839,639,0
9154,1949.9556853350593,21,0,0,0,2,0.9086058069060783,63,1
9155,816.4321498597914,2,0,0,0,4,0.021924428224569414,1644,0
9156,690.312031050986,0,1,0,1,1,0.9219373426332522,1679,1
9157,1499.4028933918005,18,0,0,0,4,0.5233877447844125,648,0
9158,1946.4590126917712,1,0,0,0,1,0.13527351637083795,678,0
9159,4437.4905625472675,20,0,0,0,0,0.25193112740553847,1776,0
9160,3608.953228736051,23,1,1,0,1,0.1449697183534957,1564,0
9161,638.1204084352398,4,0,0,0,2,0.2263655114229125,328,0
9162,990.2859302596789,16,0,0,0,1,0.2626795209810906,1880,0
9163,2145.2637944964154,18,0,0,0,5,0.5831945878723621,258,0
9164,3190.706925791683,4,0,0,0,0,0.26135003089637,131,0
9165,2804.4689256289826,22,0,1,0,2,0.49143248834866615,793,0
9166,1028.7730598721678,20,0,0,0,1,0.6420831315673634,1954,0
9167,312.92931913249527,13,1,0,0,0,0.7784844849896472,420,0
9168,403.8581182202211,9,0,0,0,2,0.8829357303885541,1233,0
9169,1440.3386151254206,20,0,1,0,2,0.1588788685902779,767,0
9170,1544.1449094080635,6,0,0,0,1,0.6441952967842624,1972,0
9171,365.51986450563544,7,0,0,0,1,0.11303789950341858,19,0
9172,1146.615238891092,7,0,1,0,1,0.23463280511853357,93,0
9173,2061.5725760238897,6,0,0,0,2,0.5700382331148857,190,1
9174,346.8087039522111,12,0,0,0,1,0.9473302103645885,692,0
9175,3310.972400470514,13,0,0,0,2,0.6086602442759874,253,0
9176,751.7988875699541,18,0,0,0,3,0.8758953686551906,1491,1
9177,3856.8771733547655,10,0,0,0,3,0.6717716047928843,741,0
9178,643.2590718587602,1,0,0,0,2,0.749297027854732,228,1
9179,392.8290449554164,16,0,0,0,2,0.22147012360392904,1054,0
9180,693.5775171067324,5,0,0,0,1,0.4861919480665682,1675,0
9181,997.1008087361058,8,0,0,0,3,0.8044067250937704,777,0
9182,743.6125203820874,18,1,0,1,2,0.660519514874303,117,1
9183,883.5947928553278,4,0,0,0,3,0.03114237701834255,1637,0
9184,1531.4421462350128,8,0,0,0,2,0.6680997205146411,98,0
9185,924.1003135560601,6,0,0,0,4,0.19208671432724145,148,0
9186,1026.4767701459646,3,0,0,0,2,0.9309600314970132,1796,0
9187,198.49692340686926,17,0,0,0,3,0.9291292166837759,1605,1
9188,1622.4587361835142,17,1,0,0,3,0.8448350532463059,181,1
9189,1003.0460531466775,19,0,0,0,2,0.195306411611069,1229,0
9190,5487.8562770733815,16,0,1,0,2,0.11413975228736128,836,0
9191,428.5617490312143,3,0,0,0,5,0.8908206309132946,138,0
9192,179.77474876675728,21,1,0,0,2,0.48262482760086045,1261,0
9193,2034.62843489422,15,0,0,0,2,0.8772373664633104,1132,1
9194,1550.8012600506752,21,0,0,0,2,0.8557206022160955,492,0
9195,400.04097504289825,22,0,1,0,0,0.8594261883719508,322,1
9196,237.51981343771007,4,0,0,0,2,0.23134728386286563,382,0
9197,5102.04506097387,8,0,0,0,1,0.6588660138239721,255,0
9198,4510.2613986513725,1,0,1,0,3,0.9388646965480253,1463,0
9199,91.1533489279422,1,0,0,0,2,0.33522469585535897,1518,0
9200,693.5178446701827,3,0,0,0,1,0.6593597062755386,650,0
9201,5791.763232040154,19,0,0,0,3,0.3662348340727958,1583,0
9202,681.2555155890153,19,0,0,0,4,0.2642732912944127,66,0
9203,671.4152284830661,16,0,0,0,0,0.8144062564594358,1744,0
9204,826.5336847844541,19,0,0,0,2,0.18912839537034076,967,0
9205,357.48844010185655,20,1,0,1,2,0.10850824109826795,1481,0
9206,199.38233359254596,18,0,0,0,1,0.27461206314631303,1391,0
9207,3141.7878967694924,2,0,1,0,1,0.4471874780506968,1432,0
9208,173.65370131317894,4,0,0,1,0,0.7997923313496175,1481,0
9209,1404.2680035780677,9,0,0,0,3,0.23322863744900046,430,0
9210,2661.3252520325095,5,0,1,0,0,0.9071741697299731,1245,0
9211,256.9222991126676,2,0,0,0,2,0.5498460942817477,1160,0
9212,435.16775368557336,16,0,0,0,3,0.7133120527409949,12,0
9213,3689.2526711951677,9,0,1,0,0,0.25114276227364984,1154,0
9214,1868.500880627063,23,0,0,0,2,0.8429804252145361,1929,0
9215,591.5311194577158,11,0,0,0,1,0.031263054180739824,839,0
9216,3649.148031710891,0,0,0,0,1,0.21128078529389194,925,0
9217,3664.8244841772953,17,0,0,0,2,0.7799484303631916,1376,0
9218,1435.1902431290443,18,0,1,0,4,0.06485777837662376,852,0
9219,445.7863369630019,21,0,0,0,3,0.5930645178565332,1786,0
9220,725.2752924662491,19,1,0,0,3,0.7229942062464575,663,0
9221,1460.2847704777757,3,0,0,0,1,0.5729229820990102,473,0
9222,908.1460111025184,14,0,0,0,1,0.10138011712623152,591,0
9223,2804.434457599765,8,1,0,0,2,0.5983925620184033,545,0
9224,237.51384580236888,5,0,0,1,0,0.6112829653077331,996,0
9225,246.0996341816663,11,0,0,0,1,0.4852059458515804,1758,0
9226,1314.052445989987,17,0,0,0,2,0.3644743919482135,144,0
9227,670.7896404084989,22,0,0,0,0,0.24356201539344136,393,0
9228,585.7841548565724,14,0,0,0,5,0.07673190088381387,1644,0
9229,187.15614731878546,18,0,0,0,4,0.0352126981453017,1994,0
9230,1118.2786303456041,8,0,0,0,3,0.791478833306705,1956,0
9231,1040.2796934614498,21,1,0,1,4,0.5255245999180137,183,0
9232,2107.9664246557386,23,0,0,0,1,0.14771805144325845,1952,0
9233,1174.8621882700527,12,0,0,0,4,0.0943608028649432,1711,0
9234,960.4442345575309,15,0,0,0,2,0.0910625243631552,114,0
9235,3558.1664064439587,12,0,0,0,1,0.14426980922492616,1166,0
9236,295.1644611885906,0,0,0,0,3,0.028523211256220593,1699,0
9237,1875.047401429909,17,0,0,0,0,0.7650417524591283,1656,0
9238,206.20129156285844,21,0,0,0,1,0.36680113454575225,1038,0
9239,474.2042423866293,2,0,0,0,1,0.28770325050027157,257,0
9240,326.1452607926763,16,0,0,0,2,0.46100383109369436,563,0
9241,2396.9264156685167,21,0,0,0,2,0.31076086613713627,1496,0
9242,1027.1977745416748,4,1,0,0,0,0.6972428848992084,1612,1
9243,1081.9245829011122,5,0,0,0,4,0.29754163902042485,48,0
9244,362.58793067906794,20,1,0,0,3,0.620756136689543,502,0
9245,812.654869021629,16,0,0,0,2,0.37429225144696743,1722,0
9246,511.0843763803034,16,0,0,0,3,0.40917386152787993,169,0
9247,1609.1397764606425,0,0,0,0,1,0.7830464999868506,1269,0
9248,407.03894330790024,6,0,0,0,4,0.5186282243330234,713,0
9249,4145.564992202575,21,0,0,0,4,0.40552188463325956,909,0
9250,205.2891658557451,15,0,0,0,2,0.327998594963808,1209,0
9251,489.54685011979467,4,0,1,0,2,0.6555757756442465,1690,0
9252,5867.597297105288,15,0,1,0,1,0.6266941107717802,1167,0
9253,709.7134180748818,3,0,0,0,3,0.08332113255332674,255,0
9254,294.45357058271355,10,1,0,0,1,0.6746632607290819,748,0
9255,1365.2209498443276,13,0,0,0,3,0.45210529066986793,1656,0
9256,681.7123248497896,12,0,0,0,1,0.9739754265007332,592,1
9257,475.38725443805095,23,0,1,0,1,0.46843350945747464,1930,0
9258,366.5478929049961,7,0,0,0,4,0.9433492131570271,145,0
9259,17472.327202628432,20,0,0,0,1,0.8038932433590453,104,0
9260,852.7343764985877,19,0,0,0,0,0.9677597871654932,1920,0
9261,159.88145584576944,14,0,0,0,2,0.20589976738878968,109,0
9262,4883.950787964741,17,1,0,0,2,0.33231870181950873,1802,1
9263,2020.4406397782109,6,0,0,1,2,0.5883554339424572,1455,0
9264,509.5528462041912,20,0,1,0,2,0.09735927306526171,1647,0
9265,431.33321468266035,18,0,0,0,2,0.7114150982853051,1034,0
9266,2150.536868347047,8,0,0,0,3,0.2691259220830783,1981,0
9267,856.6947514782638,10,0,0,0,4,0.14944399731003388,35,0
9268,159.81584467146385,9,1,0,0,7,0.058945238326850724,1385,0
9269,6550.128616901429,13,1,1,0,4,0.41503399674247066,904,0
9270,710.5288399557204,15,1,0,0,0,0.12728937893267733,1674,0
9271,4893.053065818588,7,1,1,0,1,0.49903262278121363,1223,0
9272,3938.026379831399,0,1,0,0,2,0.40904662307669626,354,0
9273,403.02171969418333,11,1,0,0,3,0.8708584716613179,1473,1
9274,3081.5557570447922,2,0,0,0,2,0.07293828287366932,1349,0
9275,571.6674551123857,1,0,0,0,3,0.8597301275167942,1489,1
9276,169.57569633809052,15,0,0,0,1,0.7149892675533677,48,1
9277,717.2337753547347,3,0,0,0,2,0.646014605492241,1300,0
9278,1632.1239816327839,1,0,0,0,0,0.9752690287595425,1860,0
9279,690.3946233475962,11,0,0,0,0,0.0491938365166712,1070,0
9280,806.6998444133751,23,0,0,0,1,0.4905281267339411,1122,1
9281,3441.167371320594,16,0,0,0,2,0.7292693767000299,1572,0
9282,1219.8631755996842,19,0,1,0,2,0.53442939336897,1263,0
9283,471.86913402232193,20,0,0,0,3,0.3204587479183544,1537,0
9284,2212.8362078045484,9,0,0,0,3,0.026204132651481804,1074,0
9285,1336.3209629259939,19,0,0,1,1,0.6520958305002996,828,0
9286,88.09318710243107,7,0,0,0,3,0.8655227265118938,872,0
9287,1683.0331883814515,17,0,0,0,3,0.7183379531270171,1053,0
9288,1622.6707919397213,17,0,1,0,1,0.05108274478632735,1044,0
9289,1118.922144108527,17,0,0,0,1,0.7010025713918979,1053,0
9290,2674.989090675322,1,0,0,0,4,0.7375147377150258,16,0
9291,559.8150244454991,11,0,0,0,2,0.663328281631638,336,0
9292,1535.3287229006553,9,0,0,0,7,0.5889773390407322,1508,0
9293,228.84401833577172,7,0,0,0,2,0.7014316810927621,237,0
9294,1647.6254075667894,18,0,0,0,2,0.5761501664980455,1448,0
9295,7731.511779911103,9,0,0,0,5,0.479106866669316,344,0
9296,405.50923495282797,10,1,0,1,4,0.536374564160247,401,0
9297,512.9599992772582,13,0,0,0,0,0.0720716727750933,1755,0
9298,539.1450030625409,14,0,0,0,2,0.5255451911760826,1000,0
9299,1248.8747511596991,23,1,0,0,0,0.7036093065872354,585,0
9300,378.7830929553736,22,1,1,0,1,0.4937181207337026,148,1
9301,1671.1167235862542,9,0,0,0,0,0.5569774446920556,1710,0
9302,2557.6392536389358,3,0,0,0,0,0.7640343764329864,24,0
9303,1871.2224511362417,6,0,0,0,3,0.14135071713192748,426,0
9304,187.0890252383074,10,0,0,0,2,0.7498638936293479,469,0
9305,2966.587748765591,23,0,0,1,2,0.37357045929788235,1233,1
9306,2799.9796107273146,21,0,0,0,2,0.7855628132959038,999,0
9307,2515.3352462203056,21,0,0,0,1,0.2196728368271612,1586,0
9308,1592.152651862568,2,0,1,0,2,0.7941119184378116,287,1
9309,1366.7477809875365,4,0,0,0,2,0.7914946316383084,1934,0
9310,3079.0900626888065,1,1,0,0,2,0.321266235883377,933,0
9311,7506.416653924799,11,0,1,0,3,0.7960239824155163,13,0
9312,422.82548826804,20,1,0,0,2,0.12389185309150375,349,1
9313,3223.1853728861065,4,0,0,0,6,0.809447565823955,993,0
9314,1006.0458256845628,6,0,0,0,1,0.1464680491141045,1707,0
9315,963.2634513649593,3,0,0,0,3,0.9855736891992163,1670,0
9316,235.91446658746614,10,0,1,0,2,0.5873471959394185,79,0
9317,824.8574557395705,21,0,0,0,1,0.7816948607395925,270,1
9318,404.53369849173,8,0,0,0,0,0.5634175165350207,416,0
9319,689.6233441444068,3,0,0,0,0,0.5788052540157386,1471,0
9320,365.7001064430399,21,0,1,0,0,0.4828626729951666,1801,0
9321,700.0078943950275,8,0,0,0,2,0.13827103436399113,1838,0
9322,730.6171902086523,11,0,0,0,6,0.2719451030673864,202,0
9323,1208.0405169318644,15,0,0,0,2,0.9358474426486812,1363,0
9324,218.1646684931693,0,0,0,0,1,0.37264116561938354,323,0
9325,258.39304405509205,7,0,1,0,3,0.05624070946821336,544,0
9326,1574.8483654663428,0,0,0,0,0,0.7973677061394503,513,0
9327,494.0130248482415,19,0,0,0,3,0.7132953747149217,1680,0
9328,3211.6168799551124,18,0,1,0,0,0.3075006654538218,358,1
9329,1373.7090852475994,3,0,0,0,2,0.3711402606722787,1133,0
9330,2011.7537844677563,13,0,0,1,3,0.49124583695258683,1652,0
9331,4494.871325792459,22,1,1,0,3,0.14265314367580917,416,0
9332,804.5548862789137,13,0,0,0,3,0.9922850890724744,1474,0
9333,617.3976430896704,8,0,1,0,1,0.3779867909248771,356,0
9334,2622.026013712534,8,0,0,0,1,0.8578003322297232,889,0
9335,1825.3254227016293,16,0,0,0,3,0.8283635682860708,1363,0
9336,909.295105657576,14,1,0,0,3,0.2651511425778583,943,0
9337,4409.241538681478,9,0,1,0,1,0.07921602669453309,591,0
9338,886.9208013993438,16,0,0,0,3,0.44775566210713935,248,0
9339,1133.1692562471094,8,1,0,1,3,0.21885050561370012,5,0
9340,1120.1553397020466,3,0,0,1,2,0.3792375154646519,910,1
9341,430.6975506339232,13,0,0,0,2,0.918767000983259,837,0
9342,1185.1034975812959,2,0,0,0,0,0.5850182427636177,11,0
9343,4432.682354363646,20,0,0,0,1,0.4223624242667703,27,0
9344,1711.2310715808676,11,0,0,0,0,0.5935669378724581,807,0
9345,1131.2329537574824,21,1,0,0,2,0.10449287657025186,1637,0
9346,932.8390881594573,0,0,0,0,2,0.7603804035653738,263,0
9347,1526.7048948270592,0,0,0,0,1,0.5662761024426936,1666,0
9348,2321.0306889633184,12,0,0,0,2,0.9699884179886388,1201,0
9349,2016.7424312980081,13,0,1,1,5,0.3942897478921219,1066,0
9350,786.9267256529547,15,0,0,0,1,0.18698895859051035,1687,0
9351,1517.4424441018007,6,0,0,0,2,0.17942966178670416,21,0
9352,1772.1339859555974,9,0,0,0,4,0.8573709465837749,1911,1
9353,400.53654567612267,14,0,1,0,1,0.4607923284864588,1649,0
9354,1297.546615008731,7,0,0,0,5,0.2917829932784586,983,1
9355,126.30455753452001,10,0,0,0,2,0.7885201958730993,641,0
9356,1776.7368132133056,23,0,0,0,2,0.7371488679607654,1533,0
9357,2122.4854320105574,13,0,0,0,1,0.9103028736465306,285,0
9358,2315.882551886809,12,1,0,0,7,0.8661176790573049,1843,0
9359,738.7452565828329,22,0,0,0,0,0.097801203673201,1187,0
9360,1493.7527176478925,12,0,0,1,1,0.17170736350397642,1827,1
9361,4554.877179939454,8,0,0,0,3,0.4606867073077573,549,0
9362,4508.724823541732,16,0,0,0,0,0.8947436298921183,1455,0
9363,1065.1035471343396,17,0,0,0,2,0.7462385828807162,658,0
9364,1260.5704438783762,18,0,0,0,2,0.13022068262427244,1377,0
9365,3330.611316766089,12,0,0,0,1,0.18969635199109414,1670,0
9366,244.495764275389,11,0,0,0,1,0.4641256488968063,586,0
9367,793.8736021460005,20,1,0,0,6,0.6883923329192506,412,1
9368,4169.579438111242,19,0,0,1,2,0.19540498031613318,570,0
9369,2907.9409770141806,19,1,0,0,5,0.08337991315704196,844,1
9370,1586.4653617313236,7,1,0,0,1,0.018525967084558892,1220,1
9371,243.26894349158363,23,0,0,0,7,0.13058181008067127,113,0
9372,1043.2433727620462,10,1,0,0,2,0.4099255489418735,537,0
9373,607.9451133221843,6,0,0,0,2,0.864563837902591,1991,1
9374,1526.9673188827614,0,1,0,0,2,0.04066312858763588,1830,1
9375,488.16492762748726,9,0,0,0,2,0.6797524555345561,212,0
9376,393.18357117026375,14,0,0,0,1,0.13397338655305535,1917,0
9377,139.09188005013618,3,0,0,0,1,0.49161188953010937,311,0
9378,3721.2119416562086,0,0,0,1,2,0.28742950360516295,44,1
9379,735.2639045345412,10,0,0,0,3,0.8385068266425455,1943,0
9380,1283.2430477067012,4,1,0,0,3,0.6642177771000267,1851,1
9381,1094.181510250927,18,1,0,0,5,0.29685246996270664,584,1
9382,377.12099101672754,18,0,1,0,4,0.5032299601236473,1257,0
9383,311.3554197892737,3,0,0,0,4,0.7566810978377312,1274,0
9384,401.2902070871964,1,0,1,0,4,0.8669514277117312,465,0
9385,532.1000636222876,6,0,0,0,2,0.6195896518688367,1949,0
9386,1582.2548786513341,12,0,1,0,4,0.6145746032951719,48,0
9387,494.8636828593058,19,0,0,1,1,0.10296510024753802,1251,1
9388,6288.580393373334,20,0,0,0,3,0.521294976236839,1974,0
9389,3063.0028457132544,11,0,0,0,3,0.8152627970198851,1525,0
9390,2461.089826354207,1,0,0,0,1,0.6824414756686648,1562,0
9391,972.9581768255262,21,0,0,0,3,0.04755799165954244,889,0
9392,4985.458906944485,8,0,0,0,0,0.6995703368030434,1162,0
9393,881.8256571864115,15,0,0,0,2,0.4026351975910356,1867,0
9394,1062.8811712187528,7,0,0,0,3,0.6839658995543458,975,0
9395,1299.8115088558202,23,0,0,0,2,0.8112300139540096,1618,1
9396,2212.3775717379335,17,0,0,0,2,0.17444729556689442,196,0
9397,2073.323343908582,3,0,0,0,0,0.870626945715169,987,1
9398,681.8943416369078,23,0,0,0,4,0.19458679345649266,1133,0
9399,643.5542194356736,10,0,0,0,3,0.2872475330323282,1605,0
9400,2079.542002100959,16,0,0,0,2,0.680517370455686,326,0
9401,2242.253316050552,7,0,0,0,0,0.727312751632538,138,0
9402,739.9990298450306,18,0,0,0,1,0.4258063901780357,1939,0
9403,224.26130907420946,7,1,0,1,0,0.11267411491312829,1266,1
9404,891.3025249273126,5,0,0,0,3,0.9174654199089757,1100,0
9405,2045.762375635058,22,0,0,0,3,0.3466816703843365,699,0
9406,6670.278194893815,1,1,0,0,0,0.9672390658114641,24,0
9407,330.974733179851,14,0,0,0,2,0.8491899239760077,1872,1
9408,715.8200060574551,0,0,0,0,2,0.29541442730355405,1097,0
9409,742.9259962470289,5,0,0,0,2,0.7479765226173306,1357,1
9410,4254.809799045409,18,0,0,0,1,0.2733090629571079,786,0
9411,1058.9768652751209,3,0,0,0,1,0.02521535892935367,928,0
9412,442.6031039694577,12,0,0,0,4,0.2629276331971553,1772,0
9413,1917.342291498059,14,0,0,0,0,0.16013495397375,125,0
9414,731.6933313671267,8,0,0,0,0,0.3078411406613335,787,0
9415,322.3418816805449,2,0,1,0,2,0.47784443866785464,934,0
9416,449.0915177623075,1,0,0,0,4,0.15052121871406032,1173,0
9417,6210.781139789189,15,0,0,0,0,0.09681290036894752,952,0
9418,1610.3538583914212,17,0,0,0,1,0.5086281297556723,1493,1
9419,1221.4085921682308,17,0,0,0,1,0.347665799010461,313,0
9420,854.149523209236,5,0,0,0,1,0.4468280339897117,817,1
9421,1468.7233633239607,17,0,1,1,0,0.9903123145552309,1660,0
9422,1451.3304203304529,10,0,0,1,2,0.35169924770664474,1670,0
9423,1468.7527176524604,6,0,0,0,1,0.6034168526456468,567,0
9424,1230.0930430698202,22,0,0,0,0,0.48387811153513405,2,0
9425,2614.42204900104,22,0,0,0,2,0.7372469193138209,1798,0
9426,1122.265114944881,13,0,1,0,1,0.9848427273037766,1233,0
9427,412.4278017714793,17,0,0,0,4,0.5234085288493385,1278,0
9428,594.4146317495388,6,0,0,0,1,0.35043954683489686,1267,0
9429,151.55995761775057,9,0,0,0,5,0.16249476393181506,1054,0
9430,8323.32518842865,7,0,0,0,6,0.8123625089798178,882,1
9431,2598.6687975569125,23,0,1,0,2,0.0735210579231641,1335,0
9432,478.15239748607274,13,1,0,0,4,0.5814056603606622,11,0
9433,827.2898775556422,17,0,0,0,0,0.7639265478667027,1561,1
9434,580.0553475474509,4,0,0,0,1,0.1918990345724415,419,0
9435,5128.390833996161,13,0,0,0,3,0.48074489026715406,1907,0
9436,265.1041680500434,21,0,1,0,1,0.39693073584248306,969,1
9437,1229.639183788789,21,0,0,0,3,0.21039369496637672,1113,0
9438,983.8487318450245,21,0,0,0,0,0.882010561641099,1901,0
9439,2506.99130711998,9,0,0,0,2,0.532311423558803,648,0
9440,988.3044245234211,14,0,0,0,2,0.8563011200158195,1347,0
9441,189.00833664970665,5,0,0,0,3,0.8513916953580929,986,0
9442,853.1045994523452,8,0,0,0,2,0.9801435945867836,870,0
9443,414.8171339587632,9,0,0,0,2,0.9195531916981349,1110,0
9444,1187.4691380452632,22,0,0,0,2,0.7325317841754674,1151,0
9445,4601.68139581618,16,0,0,0,2,0.6754146134459528,1304,0
9446,192.5921529432118,0,1,0,0,3,0.16403822641351795,1685,0
9447,492.6393006605296,13,1,0,0,0,0.42941467711982617,1168,0
9448,631.0007468995499,3,0,0,0,1,0.5635635912954364,686,0
9449,748.7228621657072,1,0,0,0,1,0.06187209996161169,932,0
9450,2298.761236746672,2,0,0,0,2,0.15466914143637878,138,1
9451,921.9173545934896,6,1,0,0,0,0.6407567452132676,1474,0
9452,1662.042797558018,22,1,0,1,2,0.1470464645463161,1505,0
9453,586.5318408787416,13,0,0,0,5,0.3384080366148886,859,0
9454,1380.1180878801845,11,0,0,0,5,0.03728089149698666,273,0
9455,2387.0119458642102,18,0,0,0,6,0.16974205907446316,971,0
9456,527.2635140673368,17,0,0,1,2,0.5544803271803576,1661,0
9457,2395.5260236156896,14,1,1,0,2,0.6420051916753283,1737,0
9458,1155.5974578393668,0,0,0,0,2,0.10293618281188799,441,0
9459,3119.600539771676,2,0,0,0,0,0.24140680808137926,1802,0
9460,896.5733428659172,14,0,0,1,2,0.3956476377058731,715,0
9461,1605.5869267441833,3,0,0,0,5,0.6824088748460105,719,0
9462,1052.9950047772797,14,0,0,0,1,0.07501726951215792,962,0
9463,996.0403192693875,9,0,1,1,2,0.4488784291092114,1809,1
9464,1420.736144982405,5,0,0,0,0,0.736775171012925,1227,1
9465,1875.8318047401197,12,0,0,0,1,0.14050456144056644,1003,0
9466,314.32739063828956,6,1,1,0,6,0.5456458882149107,1638,1
9467,4599.181394014495,21,1,0,0,1,0.44079539307261795,1824,0
9468,170.7733023055226,0,0,0,0,2,0.3908283555588039,1477,0
9469,552.9059364733987,21,0,0,0,3,0.9338779408171699,1170,1
9470,997.9776978669831,10,0,0,0,3,0.3955592253110849,1326,0
9471,1656.324001828947,13,0,0,0,3,0.44678212229532377,229,0
9472,5303.766607259769,5,0,1,0,3,0.062266398386837785,240,0
9473,171.0076875243478,4,0,0,0,2,0.3650996169655931,1582,1
9474,660.0435855883861,18,0,0,0,4,0.5236815397346996,882,0
9475,130.73423371083646,18,0,1,0,1,0.009453823145056606,1154,0
9476,1131.864977599763,12,0,0,0,2,0.04961686113666308,359,0
9477,1438.9710441759535,6,0,0,1,2,0.23902516359588066,539,0
9478,5381.894572412468,7,1,0,0,0,0.7423190387891202,1928,0
9479,1237.2355329963705,13,0,0,0,1,0.7833422015355992,1387,1
9480,3115.126777537667,18,1,0,0,2,0.8015700845990205,1372,0
9481,1966.1588215303893,18,0,0,0,1,0.5732380769909666,1657,0
9482,709.635744871081,22,0,0,0,2,0.8355430773122593,1781,1
9483,268.01400944897654,11,0,0,0,1,0.137080565496986,1052,0
9484,1443.7545103133846,22,0,0,0,2,0.9236917453281352,509,0
9485,246.63215679432605,8,0,0,0,0,0.8062751427493664,1592,1
9486,4004.632410604765,13,0,0,0,2,0.5995566186417446,1073,0
9487,932.5641082637363,5,0,1,0,1,0.5809554142093486,1533,0
9488,3623.4337737583087,14,0,0,1,2,0.11157845984559966,1861,0
9489,678.4328905721969,12,0,0,0,6,0.8010060193170734,350,0
9490,1434.9004979772972,6,0,0,0,7,0.4982466619700777,107,0
9491,1352.0116282393715,10,0,0,0,1,0.8214909373324939,1115,1
9492,1048.3322865967623,9,1,0,0,3,0.3155882681516441,1691,0
9493,711.4751470798661,0,0,0,0,0,0.050953399246393194,89,0
9494,1623.6890301208753,6,0,0,0,0,0.5055582296061755,1947,0
9495,434.3439520705543,17,0,0,0,3,0.8813462002662394,1804,0
9496,327.1977313052661,22,0,0,0,0,0.08879183907315813,1023,0
9497,3800.268090383392,2,0,0,0,4,0.4116204423045009,1028,0
9498,2269.1667869604034,8,0,0,0,1,0.8340835065051602,692,0
9499,1171.3258702340763,4,0,0,0,2,0.22858515057244655,825,0
9500,5797.269921583756,22,0,0,0,0,0.26230683997604554,1783,0
9501,839.0199473009897,23,0,0,0,2,0.6213646092791772,1570,0
9502,4116.272171410519,12,0,0,0,1,0.8646293812667218,1330,0
9503,1307.1102779432726,15,0,0,0,3,0.5770336390454526,280,0
9504,393.5661852084572,15,0,0,0,1,0.10188651197617282,1956,0
9505,6960.733890248433,11,0,0,1,3,0.9293787952734446,378,1
9506,2953.395624790443,17,1,0,0,3,0.5353290369519315,949,0
9507,971.6337849289044,10,0,1,0,4,0.3426800445181345,785,0
9508,2269.1742086043955,16,0,1,0,2,0.7535263382812725,1056,0
9509,732.377847579974,6,1,0,0,3,0.6912021334175619,372,0
9510,2512.7901670184915,14,1,0,0,3,0.30637984369425253,566,0
9511,100.3758293467561,5,0,0,0,1,0.8554512518273562,316,1
9512,395.5189366364703,5,1,0,0,0,0.08412089561788194,55,0
9513,2919.7688882984135,17,0,0,0,2,0.8791142072886866,364,1
9514,854.353003803167,18,1,0,0,1,0.10083656838410471,1005,1
9515,1349.5713397357856,19,0,0,0,3,0.03608783025113127,958,0
9516,285.20674487278535,18,0,1,0,1,0.8648173349665357,955,1
9517,6959.528422897176,1,0,0,1,1,0.06590714723352564,972,0
9518,3606.631970647252,2,1,0,0,1,0.9914930305111979,902,1
9519,897.2322809203293,13,0,1,0,2,0.08245588942043636,1440,0
9520,731.6513795992516,21,0,0,0,2,0.8286640184066171,1666,0
9521,3070.526614135401,3,0,0,0,1,0.9640484054581396,635,0
9522,7962.278249760103,21,0,0,0,3,0.5728178069269063,656,0
9523,2846.257509650983,16,0,0,0,3,0.16922155461291466,1389,0
9524,9621.954248818933,5,0,0,0,2,0.16175559251715288,695,0
9525,436.0028024378312,18,0,0,0,2,0.7602597299362901,380,0
9526,483.28820310520564,8,0,0,0,3,0.06731794326588647,91,0
9527,333.9725760418839,3,0,0,0,4,0.6859072228018693,68,0
9528,1705.7508084471358,6,0,0,0,0,0.28818572465521164,1180,0
9529,1307.1487923562693,3,1,0,0,4,0.926645833571091,1616,0
9530,942.0410739339006,10,0,0,0,3,0.5538986697269834,1815,0
9531,2463.3035341986765,21,0,0,1,1,0.22235601716239795,47,1
9532,3760.5804716057337,22,0,0,0,5,0.8466321837140497,1389,1
9533,238.4924349917459,1,0,0,0,1,0.983243501944166,266,1
9534,603.6701696842189,9,0,0,0,3,0.7443724798801363,1277,1
9535,2490.262969499282,5,0,0,0,3,0.697885968735269,701,0
9536,686.9498672616678,7,0,0,1,2,0.8569622820148232,1362,0
9537,493.63378859502893,14,0,0,0,0,0.020219170248349516,1763,0
9538,3036.7326421992266,12,0,0,0,1,0.8889276427893763,1717,0
9539,302.02202049892696,21,0,0,0,1,0.24977754919057404,1732,0
9540,811.1233933799924,1,1,0,0,3,0.5904924098466147,85,0
9541,1523.314795370109,19,0,0,0,4,0.4472412326757925,1786,0
9542,617.80945587538,0,0,0,0,1,0.43344278492111166,827,0
9543,2399.835940832764,14,1,0,0,1,0.45036933372788135,858,1
9544,620.8708099616637,6,0,1,0,1,0.6837785312935944,528,0
9545,4485.563884949074,23,0,0,0,3,0.676011026415362,1188,0
9546,967.0533866918998,17,0,0,0,5,0.3758891713268828,19,0
9547,2145.8051810461648,9,0,0,0,0,0.992851843750876,1813,0
9548,2312.3600600506697,14,0,0,0,2,0.9663141958614028,739,1
9549,585.4963782359314,4,0,0,0,2,0.15722187967638623,807,0
9550,140.68360760736434,23,0,0,0,1,0.6878358867117442,1013,0
9551,1573.0249347731685,10,0,0,0,2,0.5117996120637602,1061,0
9552,1178.8425510408179,7,0,0,0,2,0.27088462139091796,1209,0
9553,1911.8488317149668,20,0,1,0,3,0.8082880322126449,1301,1
9554,874.3428080264888,7,0,0,0,2,0.22453683730504015,1933,0
9555,713.0648009442324,5,0,0,0,2,0.6703147537021492,1793,0
9556,8172.033137888283,14,1,0,0,2,0.7359570239835834,1827,1
9557,251.5510468405573,14,0,0,0,2,0.4026813096046632,1264,0
9558,2284.6096982946933,4,0,0,0,2,0.03782321647963516,1121,0
9559,617.3265521358967,12,0,0,0,1,0.3199804055073837,1510,1
9560,783.8529055374831,13,0,1,0,1,0.8090794080756586,1458,0
9561,798.62952702146,10,1,0,0,4,0.6729609989683035,1205,0
9562,491.05970826493325,19,1,0,0,2,0.48510313129115923,1161,0
9563,1941.5156506198418,20,0,0,0,4,0.7117903317969116,607,0
9564,4405.6522419219655,11,0,0,0,3,0.21598697642554276,1110,0
9565,1754.6306558536046,19,0,0,0,2,0.9258900525481409,119,1
9566,1216.0728815461628,0,0,0,0,3,0.8393706774678092,1081,0
9567,408.93634200137825,2,0,0,0,2,0.032345155071541454,646,0
9568,1838.7205690353512,7,0,0,0,3,0.6696593868035577,1584,0
9569,9474.408795298166,22,0,0,0,1,0.27741167519691334,1851,0
9570,749.4243482856174,11,1,0,0,0,0.49572043886169004,347,0
9571,752.9632491115856,14,0,0,0,1,0.19714753471659652,1111,0
9572,625.7249321481082,22,0,0,0,4,0.7339277693032175,94,0
9573,672.2200656137169,2,0,0,0,6,0.0448862548834108,1219,0
9574,70.43571475091335,21,0,0,0,1,0.5535564999381412,340,0
9575,1644.243017993713,7,0,0,0,3,0.1101012491793153,627,0
9576,470.8068022896021,23,0,0,0,3,0.3073512902976192,1942,0
9577,219.14571661121306,18,0,0,0,2,0.19333512343585468,1429,0
9578,2328.9899383882093,19,0,0,0,5,0.4337224944260458,1423,0
9579,371.66102470986647,5,0,0,1,2,0.4813468871430374,945,1
9580,781.590500012737,17,0,0,0,1,0.6591018547779217,1786,0
9581,4752.577546348194,10,1,0,0,1,0.44968657304137694,1642,0
9582,267.94566086211233,11,0,0,0,1,0.7246814685617626,1399,0
9583,236.84401630487852,22,0,1,0,1,0.8067558093818273,1615,0
9584,1435.5541050163538,1,0,0,0,1,0.9937016453520123,1202,1
9585,3461.604067727491,4,0,0,0,4,0.1236725041817649,1455,0
9586,227.16083305603766,3,0,0,0,2,0.40900051003418625,1871,0
9587,1648.6132135127946,8,1,0,1,1,0.25418927885049447,709,1
9588,1960.587672048808,12,0,0,0,2,0.7247432489301291,553,0
9589,139.88763823179468,12,0,0,0,1,0.5157054763370126,1108,0
9590,2436.947079369875,14,0,0,0,1,0.111336915213199,278,0
9591,2634.914150112349,1,0,0,0,1,0.06279337433813004,507,0
9592,802.8873572775137,22,0,1,0,3,0.5008186096273217,375,0
9593,3836.6173629400214,12,0,0,0,4,0.3507174649788579,348,0
9594,3416.785836701755,6,0,0,0,1,0.5267719223800444,249,0
9595,1215.7517949751218,22,0,0,1,2,0.2487297670673908,603,0
9596,698.2342231146001,16,0,0,0,4,0.387638660957926,461,0
9597,414.54109259966117,7,1,0,0,3,0.9739860926543573,1782,0
9598,1056.2038555182996,17,0,0,0,2,0.2411484471615154,958,0
9599,1938.672849392644,14,0,0,0,1,0.02340828532792749,718,0
9600,792.9999344383399,14,0,0,0,4,0.9226685454408037,650,0
9601,121.81445114371374,4,1,0,0,2,0.803484427459605,970,1
9602,3899.9300442168687,1,0,0,0,1,0.45448092437320964,1403,0
9603,1326.3992538522784,15,1,1,0,0,0.5324702406303483,147,0
9604,750.2267568668177,4,0,0,0,1,0.3353755476377628,1627,0
9605,2584.166734156816,22,0,0,0,0,0.14311373890239465,88,0
9606,5037.3659550560915,5,0,0,0,2,0.2680218072669399,1257,0
9607,66.55897724684158,11,1,1,0,3,0.3579006565855489,555,1
9608,1693.0106113999236,4,0,0,1,0,0.5555006340976604,321,1
9609,263.3149355071766,19,0,0,0,3,0.28232646746187806,795,0
9610,1806.4348880690643,7,0,0,0,3,0.3230193518751211,648,0
9611,1246.2909787427534,10,0,1,0,3,0.5481046860424417,1462,0
9612,2070.875050077586,13,1,0,1,0,0.28245490307197885,1873,0
9613,665.6422642782909,23,0,0,0,1,0.9719285563073814,28,0
9614,168.47036992392353,16,0,0,0,2,0.4463618982274611,556,0
9615,698.9867656154423,9,0,0,0,3,0.8079489528803848,1643,0
9616,1647.2254979081888,1,0,0,0,0,0.6805290198630004,475,1
9617,3027.1968208896997,2,0,0,0,2,0.13525878756614373,1505,0
9618,339.73595043759263,12,0,0,0,2,0.7818732725429275,408,0
9619,3062.7253225999752,16,0,0,1,2,0.2478943659939863,1217,0
9620,573.7121044780754,2,0,1,0,1,0.8910839760576887,1388,0
9621,1575.6920972958362,9,0,0,0,2,0.72186184754493,264,0
9622,658.5932014338096,7,1,0,0,2,0.7171958548995313,493,0
9623,1315.7611884990301,3,0,0,0,3,0.30589175911941313,640,1
9624,2675.4627487883363,12,0,0,0,2,0.39286074061571263,2,1
9625,321.49626388107214,6,1,0,1,1,0.7315152466430747,879,1
9626,555.6252761373592,6,0,1,0,2,0.36347303696614364,146,1
9627,1319.4398736005433,15,0,0,0,1,0.4529030753249105,463,0
9628,12107.539794426963,4,0,0,0,1,0.5589265887706402,1149,0
9629,462.57573173196255,16,0,0,0,3,0.2983266878648869,1213,0
9630,8434.906296247613,9,0,1,0,2,0.7632975622257814,1834,1
9631,8139.005716413436,3,0,1,0,2,0.27460433425910236,424,0
9632,994.946383023782,22,0,1,0,2,0.0528989627846006,4,0
9633,813.9081109340902,13,0,0,0,1,0.7867822766356417,1344,1
9634,548.9101688945415,4,0,0,0,0,0.3712682084207525,167,0
9635,1024.33353431263,1,0,0,0,2,0.8458922405021109,719,0
9636,268.6153867488586,13,0,0,0,2,0.623687117996323,1626,0
9637,1016.1344811130275,23,0,0,0,2,0.8310157231958797,461,0
9638,4899.459999542813,17,1,0,0,2,0.3814937412783359,266,0
9639,595.2103887140809,23,0,0,0,0,0.5595130023221543,1402,1
9640,862.0176068291468,10,0,0,0,3,0.012663118989583277,229,0
9641,200.10846123591514,15,0,0,1,1,0.2570557135336812,1388,1
9642,1594.0960075679077,17,0,1,1,0,0.8745257773235131,418,0
9643,1428.6449476495677,15,0,0,0,1,0.4408109651463388,731,0
9644,1168.7643513597206,20,0,0,0,2,0.635884779883245,1691,0
9645,882.8655727541401,3,0,0,0,3,0.2798951873408888,498,0
9646,818.3106900907975,0,1,0,0,3,0.852567243329934,1453,0
9647,1811.4813839723313,13,0,1,0,0,0.5935307775238347,1624,0
9648,1065.4828955301575,11,1,0,0,0,0.9079598747906709,1139,0
9649,1502.6295288147637,23,1,0,0,1,0.24358271153613498,1631,0
9650,1359.650305631104,9,0,0,0,2,0.7273709059031273,1034,0
9651,3372.5596904524414,18,1,0,0,0,0.020491865464633108,1400,0
9652,2158.122904959732,3,0,0,0,1,0.5977913849066397,205,0
9653,1329.9037406563143,19,0,0,0,2,0.30145552636250483,211,0
9654,5006.147972841197,20,0,1,0,2,0.12319442593359209,876,0
9655,1669.4817519185556,2,0,1,0,1,0.6267466382447924,805,0
9656,4043.891252843013,3,1,0,0,0,0.029108591730757083,1539,1
9657,2012.1168546532813,14,0,0,0,1,0.15628159951174814,369,0
9658,173.8305407746736,10,0,0,0,2,0.37074252283280573,1807,1
9659,4043.3739692370395,15,0,0,0,5,0.4468196513789312,702,0
9660,1255.3582152829233,3,0,0,0,2,0.9082649925634295,137,1
9661,1041.1126011534952,5,0,0,0,1,0.33507095301416134,1397,0
9662,1452.9457807463657,7,1,0,1,2,0.0511477162469125,1091,1
9663,776.6710005962652,12,1,0,0,6,0.9622796631894948,1028,0
9664,1376.127756378904,22,0,0,0,3,0.8308032036580741,1053,0
9665,606.7543012964533,19,0,0,0,3,0.22743430678048704,1693,0
9666,3921.667632341976,3,0,0,0,1,0.5154245526554732,31,0
9667,978.8827657475235,4,0,0,0,1,0.1553687277043948,444,0
9668,748.0098581836726,9,0,0,0,1,0.9556557415949193,22,0
9669,434.8817627104815,4,0,0,0,1,0.5162275488038082,104,0
9670,1434.7928884178136,11,0,0,0,1,0.4716890286134724,1874,0
9671,1322.2724654550311,0,0,0,0,2,0.8288600678596506,1474,1
9672,1617.1564589492468,23,0,0,0,1,0.128987361887135,172,0
9673,392.58305207999365,9,0,0,0,3,0.2643378480252103,636,0
9674,221.14504560420247,4,0,0,0,0,0.7326546151917201,931,1
9675,2049.9922722814836,18,1,0,0,3,0.6139631879167007,396,0
9676,4839.863814798607,18,0,0,0,2,0.15902821643228027,1558,1
9677,392.93585417169186,19,0,0,0,7,0.21067208432795248,1529,1
9678,5374.609953444258,11,0,0,0,0,0.8798478786313527,1385,1
9679,1456.6740364206146,22,0,0,0,4,0.8237270961304172,1664,0
9680,1088.9150313851387,15,0,0,0,1,0.014882803000590972,858,0
9681,736.8993409768213,4,0,0,0,2,0.9515059437596002,1241,0
9682,274.64572120230787,16,0,0,0,5,0.5816735642028957,160,0
9683,2944.60074349184,13,0,0,0,3,0.4712351702879124,1545,0
9684,504.91678754646176,11,0,0,0,1,0.3555896792781633,1126,0
9685,502.80042614646413,12,1,0,0,3,0.3758044045349799,1216,1
9686,2956.9875511581545,20,0,0,0,1,0.4945890621163833,955,0
9687,166.8368774517023,13,0,0,0,4,0.21057201494730104,1738,0
9688,238.98533478862942,4,0,0,0,2,0.13147836874102314,960,0
9689,1076.9257750022127,21,0,0,0,0,0.5610090706878872,1379,0
9690,1470.3921736748307,22,0,1,0,2,0.45316204792721737,176,0
9691,1780.65160757381,4,0,0,0,1,0.6769817884679773,821,0
9692,810.9460317637852,17,0,1,0,2,0.49267620897774633,1184,1
9693,13771.68110178426,13,0,0,0,2,0.3924204106983241,1462,0
9694,873.1500688464059,17,1,0,0,3,0.3435550778278562,361,0
9695,870.6271794933211,19,0,0,0,1,0.5773741922464473,1705,0
9696,494.23609651572895,0,0,0,0,0,0.27872639857024584,835,0
9697,1241.2904668515757,6,0,0,0,1,0.8177017491342295,1789,1
9698,2028.3161235928326,16,0,0,0,1,0.7936042433488676,1975,0
9699,3654.001160494173,2,0,0,0,1,0.6439158947385988,606,0
9700,247.32808523797954,9,0,0,0,2,0.38572281501669226,1769,0
9701,857.4858364500782,6,0,0,0,2,0.6021697889496254,748,0
9702,1714.2031410075824,11,0,1,0,3,0.6218565732417961,1187,0
9703,1972.5009504976924,21,0,0,0,1,0.6774516961887621,826,0
9704,1103.8381996458688,14,0,0,0,0,0.3814754809009472,1477,0
9705,1886.3970567448014,22,0,1,0,0,0.4177452266882683,1246,1
9706,488.3518289624264,20,1,0,0,0,0.9107264727071951,129,1
9707,5207.761731273815,15,0,0,0,3,0.11062187842152849,521,0
9708,2959.0634729446742,7,0,0,0,0,0.1316112117035556,378,0
9709,285.7371158972412,5,0,0,0,0,0.9906139554126838,305,0
9710,374.2398686595129,3,0,1,0,4,0.6233499056373845,1348,0
9711,384.93644775393074,10,0,0,0,1,0.45867812875606473,430,0
9712,2160.229987914781,16,0,0,0,1,0.12000963898847028,724,0
9713,303.4668059210504,1,1,0,0,2,0.6439324392523594,1624,0
9714,787.5884373505004,5,0,0,0,2,0.7756060828655986,1445,1
9715,1727.9731247161883,3,0,0,0,1,0.5311868246349412,364,0
9716,1026.4218134407456,2,0,0,0,5,0.0492822336079054,333,1
9717,1420.6751789322493,6,1,0,0,4,0.5106477266507241,1997,0
9718,377.73666093803706,6,0,0,0,4,0.15266622792984053,1683,0
9719,1987.940333422697,15,0,0,0,1,0.43247324298425605,81,0
9720,593.9458226386927,1,0,0,0,0,0.29265039271524496,788,0
9721,792.6488612107263,7,0,0,0,0,0.13069660750564882,1447,0
9722,1390.9353700532129,14,0,0,0,2,0.04744604311440426,1295,0
9723,1215.7035254975463,15,0,0,0,3,0.5988388041477475,1272,0
9724,1123.2482826254372,0,0,0,0,2,0.5727447464886356,1377,0
9725,517.6882245894583,9,1,0,0,2,0.15964315214372093,989,0
9726,812.7719686179491,6,0,0,0,3,0.9178170921326134,456,1
9727,1099.0303728600193,15,0,0,0,2,0.8744711480952779,1685,0
9728,277.2486527352995,9,0,0,0,3,0.2690676339478729,1078,0
9729,690.5352584082921,11,0,0,0,3,0.5041718868809553,1662,0
9730,1615.952554858618,16,0,0,0,0,0.5065797831130362,232,1
9731,305.68751768557576,12,0,0,0,2,0.18022072436444403,906,1
9732,3486.248998235063,11,1,1,0,2,0.39570051568710973,945,0
9733,3903.4390943188364,14,0,0,0,3,0.637736955593103,513,0
9734,315.7180044032402,13,0,0,0,3,0.5005324829705939,32,0
9735,4262.536280245691,18,0,0,0,4,0.3813359862540311,14,0
9736,949.9586062604528,18,0,0,0,2,0.4387992923912519,1308,0
9737,1666.556097682691,13,0,1,0,1,0.6431832734562187,1448,0
9738,667.37289180001,17,0,1,0,5,0.9208582046225424,1844,1
9739,2760.162481885449,4,0,0,0,6,0.9177810989691824,1179,1
9740,1645.9845895809183,19,0,0,0,4,0.8444621024926374,1404,0
9741,485.8241578967575,5,0,0,0,3,0.4489112103312569,1295,0
9742,341.99564396420175,17,0,0,0,1,0.9908935892523011,701,0
9743,254.60098751065323,13,0,0,0,1,0.15884753307370825,757,0
9744,1323.376595685794,3,1,1,0,1,0.4619127208316087,1497,0
9745,1943.9386225891262,22,0,0,0,3,0.5401978082204156,446,0
9746,2102.6751180676642,0,1,1,0,1,0.9734763952693953,1650,0
9747,974.5919839316084,12,0,0,0,2,0.481064107353916,1790,0
9748,344.81344937459284,10,1,0,0,3,0.6526826333550927,129,1
9749,554.4214856896567,2,0,0,0,3,0.23439984465165076,1015,1
9750,3471.5228521563995,16,0,0,0,1,0.5232247262193698,234,0
9751,675.4447990443708,17,1,0,0,1,0.6574289408096954,1156,1
9752,1265.7468607305607,9,0,0,0,3,0.22814291210665338,935,0
9753,374.0350525524768,15,0,0,0,2,0.5218664660614678,1563,0
9754,1535.4565545298965,20,1,0,0,1,0.6579558398170406,159,1
9755,693.8913821037746,12,0,0,0,2,0.2771189593536033,563,0
9756,3123.5102039980875,19,0,0,0,5,0.46560275472822055,107,0
9757,2376.9126203445126,11,0,0,0,2,0.8142915820668138,980,0
9758,668.0039277770353,3,0,0,0,3,0.5381880507964794,1962,0
9759,966.1663000457692,7,1,0,0,6,0.21527728993781525,703,0
9760,631.9964392035399,11,0,0,0,2,0.2142285287012673,1112,0
9761,265.22189187552027,18,0,1,0,0,0.7066234690779458,465,0
9762,465.24193958120344,14,0,0,0,4,0.2823768741695566,158,0
9763,1337.0451253389379,15,1,0,0,1,0.02420154664400087,1383,0
9764,1518.1678094106205,11,0,0,0,3,0.8524023158173102,1415,0
9765,1272.2571731230946,19,0,0,0,2,0.018682402209129312,694,0
9766,810.9991013524448,17,0,0,0,1,0.5490856542234448,1787,0
9767,2787.9632929891577,21,1,0,1,1,0.22277106489159937,315,0
9768,1168.576832080945,11,0,1,0,0,0.7771066059689896,106,0
9769,2215.5452796473605,15,1,0,0,1,0.13888480806194603,964,1
9770,186.08896536933742,19,1,0,1,3,0.8549287570592924,1480,1
9771,21.706239382855152,10,0,0,0,1,0.5706396037767618,66,0
9772,1456.4948315294773,21,0,0,0,5,0.16913597711530015,362,0
9773,263.8113716066497,19,0,0,0,2,0.6485573383986373,1437,0
9774,886.7368794188199,13,0,0,0,1,0.02928259847228487,571,0
9775,810.7039618857716,1,0,0,0,1,0.6003758193772828,162,0
9776,5363.653271593649,12,0,0,0,4,0.7447716071133548,1461,0
9777,1635.9787906750566,13,0,0,0,2,0.47986523643023404,81,0
9778,1294.4731104166472,5,1,0,0,3,0.14899240052290674,168,0
9779,2532.5732371876416,11,0,0,0,5,0.19743577057268336,1210,0
9780,1585.2502920964453,6,0,0,0,2,0.14627765764855294,1620,0
9781,693.8966339728618,3,0,0,0,0,0.40415885131175844,669,0
9782,3201.8240123431488,6,0,0,0,2,0.17722274853092146,1862,0
9783,361.495600757184,12,0,0,0,0,0.2996703406185651,1918,0
9784,1515.1158558586592,10,0,0,0,0,0.1369563222702368,1280,0
9785,233.32450404767854,7,1,0,1,5,0.17742092748869043,896,0
9786,1344.7237189504785,18,0,0,0,1,0.9344445811768269,468,0
9787,1330.0737113835273,1,0,0,0,2,0.01432524589076134,373,0
9788,5863.224351696853,20,1,0,1,4,0.5230420669383128,198,0
9789,229.29883440097973,17,0,0,0,5,0.43090958466450446,1841,1
9790,601.3113322671137,20,0,0,0,4,0.2811849958734022,1286,0
9791,2496.5933624411914,9,0,0,0,2,0.7980054924195158,878,0
9792,1533.5142199706725,5,0,0,0,0,0.21915547108373024,519,0
9793,1313.3088237592744,23,0,0,0,0,0.8918653519949491,1126,0
9794,421.5187654289222,21,0,0,0,0,0.682634353762164,1956,0
9795,607.3964159235251,3,1,1,0,4,0.663915717141436,1094,1
9796,3808.691642487596,18,0,0,0,1,0.9626363177076839,866,0
9797,1041.5766005019432,13,0,1,0,2,0.8655042342276615,897,1
9798,1596.1658619608952,13,0,1,0,1,0.4874133715105017,478,1
9799,977.3175953490758,17,0,0,0,4,0.5771491336905967,22,0
9800,335.93392362644784,16,0,0,0,2,0.7758426620369614,1776,0
9801,2790.037808270418,17,0,0,0,3,0.2054824707580717,721,0
9802,1813.8961584696415,17,0,1,0,1,0.6457275504070434,1322,0
9803,10999.849142487956,4,0,0,0,3,0.27253004540526327,1620,1
9804,397.19153503467766,8,0,0,0,1,0.06965667313667256,544,0
9805,2496.3199870204644,0,0,0,0,1,0.9823830123493258,1312,1
9806,295.43712343842213,3,0,1,0,2,0.7027142142972906,262,0
9807,1283.500728209183,6,0,0,0,0,0.7049104856912033,1670,0
9808,2911.741366908164,10,0,0,0,2,0.4399835878238516,1480,0
9809,138.08437120815245,13,0,0,1,5,0.1973915282017651,1644,1
9810,893.4295870751023,9,0,0,0,0,0.8849955652875139,395,0
9811,624.3994238764404,18,0,0,0,1,0.6307867605871884,1693,0
9812,543.5070629064458,7,0,0,0,2,0.24884609334664398,1953,0
9813,1611.9705477278214,2,0,0,0,2,0.1639137691211403,1409,0
9814,3363.326208936671,7,0,0,0,1,0.7419592579787839,347,0
9815,959.7965018681366,17,0,0,0,1,0.1771109069596012,968,0
9816,1346.799650199857,4,0,0,0,4,0.2175760242392697,1357,0
9817,1229.4334752797854,19,0,0,0,1,0.10166469469802131,677,0
9818,1098.6127278467854,10,0,0,0,2,0.7519280294071067,1189,0
9819,368.9486086123025,8,1,0,0,0,0.6313787077114245,1898,1
9820,3322.406343817709,18,1,0,0,5,0.42415681812752837,1139,0
9821,1473.2046900691985,11,0,1,0,5,0.1761090355709355,746,1
9822,1627.6320215140126,4,0,0,0,4,0.5548242871661456,349,0
9823,489.5518452027744,15,0,0,1,2,0.6461602274911137,1946,0
9824,692.826496478156,12,0,0,0,4,0.24734000617818164,425,0
9825,919.5328802940028,5,1,0,1,1,0.3189451206094601,1882,1
9826,236.48275945186907,15,0,0,0,0,0.21384743041823406,616,0
9827,202.74837431784604,17,0,0,0,1,0.35667539986272123,608,0
9828,601.3950678227566,16,0,0,0,2,0.24490101452266555,170,0
9829,1849.222882749507,11,0,0,0,0,0.48636093778231626,60,0
9830,570.6993907937104,0,0,0,0,5,0.937676217364283,600,0
9831,395.9131236283737,6,0,0,0,2,0.28194681623660733,1155,0
9832,485.56557558771436,13,0,0,0,2,0.41409971803100964,13,0
9833,695.5184765445407,17,1,0,0,0,0.37238173501371696,1163,1
9834,769.8079261558322,22,0,0,0,3,0.19828867299024922,313,0
9835,9561.706097518958,0,1,1,0,1,0.9732725580699919,1221,0
9836,3148.308578777716,19,0,0,0,4,0.5184227802322894,449,0
9837,3055.730967700395,9,0,0,0,3,0.6021217065823486,226,0
9838,3528.331461103225,14,0,1,0,4,0.18102750356599528,1655,1
9839,403.90476931836827,10,0,0,0,2,0.8069311262281109,1824,0
9840,322.9945290045384,3,0,1,0,1,0.874498997572115,1293,1
9841,362.53814939433994,14,1,0,0,6,0.509281977537217,785,1
9842,4165.1440229292175,20,1,1,0,1,0.3180740810889362,1602,0
9843,634.4815515227716,15,0,0,0,3,0.256287104546003,917,0
9844,313.76484929637905,14,0,0,0,0,0.0889859347384867,213,0
9845,712.6595378002387,16,0,0,0,2,0.4199775424526514,1862,0
9846,863.8459620847858,22,0,1,0,2,0.5840096112122305,950,0
9847,1434.272848089382,10,0,0,0,0,0.4698902433761428,1886,0
9848,1409.444622055429,17,0,0,0,2,0.5235087861296258,1787,0
9849,479.0569271272674,15,0,1,0,3,0.891067123923902,1423,1
9850,2176.8984045654224,14,0,0,0,0,0.2702177386771818,399,0
9851,578.7128806570032,10,0,0,0,5,0.5849351158472557,1389,0
9852,937.9753443268787,12,0,0,0,4,0.1527143890666257,1391,0
9853,2179.3328361997983,17,0,1,0,0,0.6283907121948673,1289,0
9854,577.194094787018,7,1,0,0,3,0.0906610381894063,76,0
9855,620.5763086777021,8,0,0,0,0,0.1438382928696953,583,0
9856,1981.6161927461908,21,0,1,0,2,0.15909096043189086,600,0
9857,465.1066915185446,10,0,0,0,1,0.6251031805456386,1813,0
9858,746.3599394454877,16,0,0,0,2,0.6841425518722076,905,0
9859,1911.6885308053957,0,0,0,0,3,0.0107396410098064,992,1
9860,8553.470974120171,10,0,0,0,3,0.8274261303758593,1602,0
9861,2009.0243893031964,6,0,0,1,2,0.7998387992934717,1607,0
9862,1759.244550104136,7,0,0,0,0,0.21708508645813596,1282,0
9863,1864.5995372252385,18,0,0,0,1,0.08937636894635637,1336,0
9864,374.95639002192263,3,0,0,0,0,0.5823733164526047,1548,0
9865,1231.0179881133301,3,0,0,0,1,0.8688252275764449,885,1
9866,1064.4712879800747,18,0,1,1,2,0.3509212610322583,1275,0
9867,1512.598845812261,23,0,0,0,4,0.9651974681328369,1336,1
9868,1232.1403431201015,8,0,0,0,3,0.9743948196210758,501,0
9869,1603.1082459211189,16,0,0,0,1,0.014734511140685802,1487,0
9870,803.1430199316062,17,0,1,0,2,0.6555236048883947,99,0
9871,1162.826452474205,0,0,0,0,0,0.351026007554583,691,0
9872,321.23451539511154,13,0,0,0,4,0.1404864868645186,1222,0
9873,796.39295173752,3,0,0,0,0,0.7407328959855973,1467,0
9874,4406.4891848624,9,1,1,0,1,0.7158585865529269,839,0
9875,1508.405391399366,22,0,0,0,1,0.051006211962655534,1291,0
9876,1073.928782787994,13,0,1,0,4,0.13926116517299436,1783,0
9877,7303.604528173287,6,0,0,0,2,0.07654891268217934,1411,0
9878,281.22780130181025,11,0,0,0,2,0.5940676762743438,1186,0
9879,361.60210308464633,21,0,1,0,3,0.2863920756608781,991,0
9880,6079.704739971157,15,0,0,1,2,0.5618515763950052,853,1
9881,1148.2116638369812,4,0,0,0,2,0.6849408336696419,477,0
9882,860.4168350235284,10,0,0,0,3,0.3493073020044706,1683,0
9883,330.5624755642122,3,0,0,0,4,0.3485058351372001,647,0
9884,1715.9055991683213,12,0,0,0,2,0.74844516908154,1899,0
9885,1890.2414846113197,7,0,0,0,0,0.3535478695284725,1419,0
9886,367.05277513177225,6,1,0,0,1,0.3500253054496332,1855,0
9887,953.1043695026764,10,0,0,0,0,0.6021295969056734,1277,0
9888,784.0589179451,10,0,0,0,1,0.07015526951152307,1475,0
9889,1416.5465004186588,16,0,0,0,3,0.3419166901576701,696,0
9890,358.0776125653463,21,1,1,0,1,0.1310565250794008,615,0
9891,3835.087211621379,13,0,0,0,1,0.8808643660629722,427,0
9892,2740.303012023999,1,1,0,0,3,0.3300018868885237,1464,0
9893,762.6692425285711,19,0,0,0,1,0.4678524620612182,1837,0
9894,883.226154446478,20,0,0,0,2,0.08718919419807003,896,0
9895,956.7841809028657,7,0,0,0,3,0.4946805624658911,1724,0
9896,503.5542474114772,21,0,0,0,4,0.6580332496381261,1185,0
9897,703.8537420221303,1,0,0,0,0,0.04460212760702764,28,0
9898,836.9209589889641,20,0,0,0,0,0.33232555762788774,615,0
9899,5502.007863588408,14,0,0,0,2,0.5566921057640685,1140,0
9900,2826.0021056137184,4,0,0,0,1,0.9963240083288862,1760,0
9901,2792.3943795756845,5,0,0,0,6,0.7662141973571246,512,0
9902,1587.5156881296177,16,0,0,0,3,0.5668919539686244,57,0
9903,358.7669420082142,7,0,1,0,3,0.20883339460624073,820,0
9904,1052.0636501609292,18,0,0,0,4,0.9688029636645722,1796,0
9905,2894.270753373745,4,0,0,0,4,0.20164978955012536,227,0
9906,311.6046916831351,22,0,0,0,2,0.15472945546265127,145,0
9907,2072.587709773675,18,0,0,0,6,0.42573657890279337,1315,1
9908,11188.136169315623,13,0,0,0,1,0.7400795868269072,42,0
9909,3171.0455721998073,9,0,0,0,2,0.09145879427517878,229,0
9910,4509.894932048224,12,0,0,0,3,0.18441694518893903,1724,0
9911,1364.2208659008015,21,0,0,0,0,0.6247362776714535,1946,0
9912,2886.8809688515307,4,0,0,0,1,0.024128209077922458,1456,0
9913,534.9358245805861,6,1,0,1,0,0.6601593759548343,1600,0
9914,2430.5280380590384,9,0,0,0,2,0.064410750274563,145,1
9915,2109.8837582183232,10,0,0,0,3,0.3689387925813171,354,0
9916,1465.4405222579749,2,0,0,0,3,0.41524790568204384,753,0
9917,4088.8025034275643,12,0,0,0,2,0.6431484234912627,1224,0
9918,639.8380913947441,1,0,0,0,0,0.33026014447842356,1993,0
9919,909.5431891496647,3,1,0,0,1,0.09429763349520359,903,1
9920,1206.4796782389055,2,1,0,0,3,0.13962461593368025,1089,0
9921,391.65800740423356,14,0,0,0,2,0.441732784690668,1152,1
9922,1375.9943932337987,3,0,0,0,5,0.5726567703375888,1588,1
9923,196.5800223919709,22,0,1,0,0,0.9358780824962492,232,1
9924,3124.2656246080123,20,0,0,0,3,0.5548806210232088,425,0
9925,1148.9886119925093,3,0,0,0,1,0.7006732733623974,884,0
9926,651.3890586916125,14,0,0,0,1,0.18997445841009664,912,0
9927,476.09927228380354,5,0,0,0,3,0.9910525908158917,242,0
9928,867.3312517154246,22,0,1,1,0,0.1459452062854828,1218,1
9929,2182.5729470445676,4,0,0,1,1,0.5630125744688016,244,0
9930,1896.449966454729,11,0,0,0,0,0.9468177540506445,712,0
9931,541.5644349042464,6,0,0,0,5,0.46683993058641526,1622,0
9932,470.57734166331755,2,0,0,0,0,0.9030597841043362,890,0
9933,2115.1874286894126,6,0,0,0,2,0.587339826365713,1208,0
9934,532.5371153726552,11,0,0,0,2,0.8520181405228552,795,0
9935,1164.3401073754221,14,0,0,0,0,0.7133052938979236,1042,1
9936,1241.1015890915592,18,0,1,0,3,0.5880221135388342,319,0
9937,1498.2636227329167,5,0,0,0,3,0.11575361925858829,80,1
9938,2587.042033906727,7,0,0,0,0,0.291096479218953,883,0
9939,310.14411083887035,5,0,0,0,1,0.12101631003132707,922,0
9940,162.20170847103773,2,0,0,0,1,0.5480432448004683,1430,0
9941,621.7591000543921,4,0,0,0,1,0.43799133060207374,1978,0
9942,6644.39158962523,8,0,0,1,4,0.4302875355305519,769,0
9943,8284.769433536652,23,0,0,0,2,0.28283245209400343,224,0
9944,6844.338790175313,15,0,0,0,1,0.8174205271389992,1454,0
9945,904.1711179432025,21,1,0,0,3,0.42503549905123794,1878,0
9946,184.54344647626593,15,0,0,0,2,0.2805590761610751,539,0
9947,105.3155307058265,8,0,0,0,4,0.2640825698264543,1894,0
9948,593.4552662678512,17,0,1,0,3,0.30763848189694054,684,0
9949,899.5785445848844,12,0,0,0,1,0.8289916151764383,1953,0
9950,4026.3897149520453,10,1,1,0,2,0.3665877848118485,1022,1
9951,2611.8275331038067,9,1,1,1,1,0.24378757413665486,83,1
9952,1376.6455786415872,9,0,0,0,3,0.8892280641957327,1057,0
9953,450.40862624851883,5,0,0,0,2,0.8953133266358756,1149,1
9954,419.56583136302976,15,0,0,0,2,0.6812045095365354,694,0
9955,1413.9290764082502,11,0,0,0,0,0.8259839160934884,153,0
9956,2201.845120195803,3,0,0,0,3,0.8316125055406289,6,0
9957,1622.7560728806277,4,0,0,0,1,0.6968165765738378,1456,0
9958,389.70967561068386,1,0,0,0,6,0.4652686289958965,767,0
9959,2102.0485091603387,18,0,0,0,1,0.9455172949614441,252,0
9960,1678.9283250599904,0,0,1,0,1,0.3283645071253246,93,1
9961,375.9039256342973,3,0,0,0,2,0.7916280719415517,60,0
9962,500.53575246460787,11,0,0,1,1,0.22735728046804593,1470,0
9963,2183.0886709201777,1,0,1,0,0,0.6514697855109196,1551,1
9964,867.3932633231566,11,0,0,0,3,0.8299244724741138,460,1
9965,5373.030147491302,15,0,0,0,0,0.7234558912541916,955,0
9966,1810.0853467786271,1,0,0,0,1,0.7079860197355277,294,0
9967,674.0934908890226,16,0,0,0,4,0.4657330916903303,1423,0
9968,1085.4982743719493,1,1,0,0,0,0.89999642810329,1183,1
9969,1168.3916133999348,3,0,0,1,2,0.3132647169651802,1138,0
9970,529.3287459490374,5,0,0,0,3,0.9063654527789232,705,0
9971,440.2804022695708,22,1,0,0,3,0.036985697741721446,1428,0
9972,2211.41949512756,6,0,0,0,4,0.6000928740228791,1437,0
9973,2553.635469205406,22,0,0,0,3,0.622651299856615,843,0
9974,2005.7663166805396,14,0,0,0,1,0.2627387250054011,1022,0
9975,4990.633299019149,19,0,1,1,2,0.7542271210931781,457,1
9976,637.9288546177391,11,0,0,0,2,0.192057996152043,656,0
9977,5850.431897136972,4,0,0,0,1,0.4131223010322459,1488,0
9978,445.44727130602485,13,0,0,0,4,0.8993003780083023,1953,0
9979,398.3433957324713,15,0,0,0,1,0.3942477442496273,695,0
9980,188.67786027426988,10,0,0,0,3,0.8263201536042618,1299,0
9981,702.1904659012861,11,0,0,0,3,0.09886239108909167,1881,0
9982,662.6703541665289,18,0,0,0,2,0.11434310132787628,562,0
9983,1855.5515831605398,16,0,1,0,2,0.17806991155350582,1570,0
9984,1399.5288757124783,23,0,1,0,5,0.1649777662609635,1728,1
9985,332.62862552681975,6,0,0,0,2,0.9784934533152434,1639,0
9986,740.4615896812379,8,0,0,0,2,0.11167801566865154,1176,0
9987,756.3755249016115,13,0,1,0,3,0.14948965452325247,1393,0
9988,185.67869858679595,19,0,0,0,1,0.17049074958842825,800,0
9989,411.1891275410823,11,0,0,0,2,0.598474160757383,633,0
9990,507.34252611011675,14,0,0,0,3,0.4925625662870182,1923,0
9991,4599.141891829253,11,1,0,0,2,0.723260835024263,141,1
9992,1328.0284008067404,20,0,0,0,2,0.34299530709528747,87,0
9993,2126.3639918228682,20,0,1,0,0,0.040822750875099456,1532,0
9994,245.0260429990457,22,0,0,0,2,0.34609108221762286,268,0
9995,3619.9463454605443,12,0,0,0,3,0.7739683748957562,1598,0
9996,4028.309399281959,8,0,0,0,1,0.8144766961910782,1965,1
9997,148.65899113098928,23,0,0,0,0,0.7135917405923208,998,0
9998,541.6842548626056,6,0,0,0,0,0.40396526478122563,1560,0
9999,1800.4025774486022,0,1,0,0,1,0.6103378895527455,280,0
10000,2088.8907314074336,9,0,0,0,1,0.14340036889285457,1758,0
